scope,name,url,selection_axes,engineering_score,artifact_path,evaluator,ndcg10,ndcg50,map,p10,composite,coverage,n_ranked_scored,n_labels
local,main,,local,17,submission.csv,h2,0.828822095429,0.868076880219,1.000000000000,1.000000000000,0.874834111780,1.000000000000,100,100000
local,main,,local,17,submission.csv,independent,0.876890475880,0.814025693069,0.989384426475,1.000000000000,0.881060609832,1.000000000000,100,100000
local,main,,local,17,submission.csv,judge1,0.894279098055,0.925959006837,0.985297206469,1.000000000000,0.922721832049,0.690000000000,69,249
local,main,,local,17,submission.csv,judge2,1.000000000000,0.877588890955,1.000000000000,1.000000000000,0.963276667287,0.690000000000,69,249
local,main,,local,17,submission.csv,judge3,0.943202124826,0.868165988898,0.970378103183,1.000000000000,0.927607574560,0.690000000000,69,249
local,main,,local,17,submission.csv,expand,0.620378554056,0.515396078986,1.000000000000,1.000000000000,0.664808100724,0.280000000000,28,639
local,main,,local,17,submission.csv,silver20k,0.908809338289,0.755357292233,0.956521739130,1.000000000000,0.874490117684,0.230000000000,23,20000
local,main,,local,17,submission.csv,reviewer,0.797727178252,0.708722485360,0.427642466438,0.700000000000,0.710626704700,0.570000000000,57,180
local,main,,local,17,submission.csv,blind,0.903842430199,0.874678897794,0.816666666667,0.700000000000,0.871824884438,0.190000000000,19,50
local,main,,local,17,submission.csv,merged_j1,0.894279098055,0.820596728925,0.988100085897,1.000000000000,0.891533580590,0.860000000000,86,281
local,main,,local,17,submission.csv,merged_j2,1.000000000000,0.863722151395,1.000000000000,1.000000000000,0.959116645419,0.860000000000,86,281
local,main,,local,17,submission.csv,merged_j3,0.943202124826,0.836789980007,0.976060076529,1.000000000000,0.919047067895,0.860000000000,86,281
local,main,,local,17,submission.csv,relabel_j4,1.000000000000,0.827029809495,1.000000000000,1.000000000000,0.948108942848,0.830000000000,83,135
local,main,,local,17,submission.csv,relabel_g25,0.745202795564,0.721075257013,0.987659719100,1.000000000000,0.787072932751,0.830000000000,83,136
local,main,,local,17,submission.csv,blind_test_frozen,0.919185033519,0.909496666522,1.000000000000,1.000000000000,0.932441516716,0.950000000000,95,1000
local,v3,,local,17,submission.csv,h2,0.824858985284,0.898542944293,1.000000000000,1.000000000000,0.881992375930,1.000000000000,100,100000
local,v3,,local,17,submission.csv,independent,0.872697521131,0.831857293559,1.000000000000,1.000000000000,0.885905948633,1.000000000000,100,100000
local,v3,,local,17,submission.csv,judge1,0.910365588982,0.929758348013,0.986668975069,1.000000000000,0.932110645155,0.760000000000,76,249
local,v3,,local,17,submission.csv,judge2,1.000000000000,0.888646528758,1.000000000000,1.000000000000,0.966593958627,0.760000000000,76,249
local,v3,,local,17,submission.csv,judge3,0.967163464155,0.875406319238,0.972611824618,1.000000000000,0.942095401542,0.760000000000,76,249
local,v3,,local,17,submission.csv,expand,0.870381694678,0.597925536544,1.000000000000,1.000000000000,0.814568508302,0.240000000000,24,639
local,v3,,local,17,submission.csv,silver20k,0.954896703409,0.801554632978,1.000000000000,1.000000000000,0.917914741598,0.250000000000,25,20000
local,v3,,local,17,submission.csv,reviewer,0.949103369441,0.726942742580,0.479791873636,0.900000000000,0.809603288540,0.620000000000,62,180
local,v3,,local,17,submission.csv,blind,0.918474811015,0.918025610330,0.848464912281,0.700000000000,0.896914825449,0.240000000000,24,50
local,v3,,local,17,submission.csv,merged_j1,0.910365588982,0.841833327598,0.989248528746,1.000000000000,0.906120072082,0.940000000000,94,281
local,v3,,local,17,submission.csv,merged_j2,1.000000000000,0.911768727703,1.000000000000,1.000000000000,0.973530618311,0.940000000000,94,281
local,v3,,local,17,submission.csv,merged_j3,0.967163464155,0.874193741852,0.978026784701,1.000000000000,0.942543872339,0.940000000000,94,281
local,v3,,local,17,submission.csv,relabel_j4,1.000000000000,0.878804777708,1.000000000000,1.000000000000,0.963641433313,0.910000000000,91,135
local,v3,,local,17,submission.csv,relabel_g25,0.821717945648,0.767119495899,0.989012287335,1.000000000000,0.839346664694,0.920000000000,92,136
local,v3,,local,17,submission.csv,blind_test_frozen,0.980228373709,0.930213455643,1.000000000000,1.000000000000,0.969178223548,0.990000000000,99,1000
local,v4,,local,17,submission.csv,h2,0.828420783918,0.899985528335,1.000000000000,1.000000000000,0.884206050460,1.000000000000,100,100000
local,v4,,local,17,submission.csv,independent,0.876465889900,0.833377349819,1.000000000000,1.000000000000,0.888246149896,1.000000000000,100,100000
local,v4,,local,17,submission.csv,judge1,0.910365588982,0.929758348013,0.986668975069,1.000000000000,0.932110645155,0.760000000000,76,249
local,v4,,local,17,submission.csv,judge2,1.000000000000,0.888646528758,1.000000000000,1.000000000000,0.966593958627,0.760000000000,76,249
local,v4,,local,17,submission.csv,judge3,0.967163464155,0.875406319238,0.972611824618,1.000000000000,0.942095401542,0.760000000000,76,249
local,v4,,local,17,submission.csv,expand,0.870381694678,0.597925536544,1.000000000000,1.000000000000,0.814568508302,0.240000000000,24,639
local,v4,,local,17,submission.csv,silver20k,0.954896703409,0.801554632978,1.000000000000,1.000000000000,0.917914741598,0.250000000000,25,20000
local,v4,,local,17,submission.csv,reviewer,0.949103369441,0.726942742580,0.479791873636,0.900000000000,0.809603288540,0.620000000000,62,180
local,v4,,local,17,submission.csv,blind,0.918474811015,0.918025610330,0.848464912281,0.700000000000,0.896914825449,0.240000000000,24,50
local,v4,,local,17,submission.csv,merged_j1,0.910365588982,0.841833327598,0.989250898804,1.000000000000,0.906120427591,0.950000000000,95,281
local,v4,,local,17,submission.csv,merged_j2,1.000000000000,0.911768727703,1.000000000000,1.000000000000,0.973530618311,0.950000000000,95,281
local,v4,,local,17,submission.csv,merged_j3,0.967163464155,0.874193741852,0.978036475056,1.000000000000,0.942545325892,0.950000000000,95,281
local,v4,,local,17,submission.csv,relabel_j4,1.000000000000,0.878804777708,1.000000000000,1.000000000000,0.963641433313,0.920000000000,92,135
local,v4,,local,17,submission.csv,relabel_g25,0.821717945648,0.767119495899,0.989014814480,1.000000000000,0.839347043766,0.930000000000,93,136
local,v4,,local,17,submission.csv,blind_test_frozen,0.980606448957,0.930362346055,1.000000000000,1.000000000000,0.969411928295,0.990000000000,99,1000
public,0xSHSH/redrob-talentgraph-ai,https://github.com/0xSHSH/redrob-talentgraph-ai,"reviewer,blind,engineering",15,submissions/team_talentgraph.csv,h2,0.786271305262,0.811582022688,1.000000000000,1.000000000000,0.836610259437,1.000000000000,100,100000
public,0xSHSH/redrob-talentgraph-ai,https://github.com/0xSHSH/redrob-talentgraph-ai,"reviewer,blind,engineering",15,submissions/team_talentgraph.csv,independent,0.747798787494,0.752180698038,1.000000000000,1.000000000000,0.799553603158,1.000000000000,100,100000
public,0xSHSH/redrob-talentgraph-ai,https://github.com/0xSHSH/redrob-talentgraph-ai,"reviewer,blind,engineering",15,submissions/team_talentgraph.csv,judge1,0.773889405995,0.854924783823,1.000000000000,1.000000000000,0.843422138144,0.640000000000,64,249
public,0xSHSH/redrob-talentgraph-ai,https://github.com/0xSHSH/redrob-talentgraph-ai,"reviewer,blind,engineering",15,submissions/team_talentgraph.csv,judge2,1.000000000000,0.887816997728,1.000000000000,1.000000000000,0.966345099319,0.640000000000,64,249
public,0xSHSH/redrob-talentgraph-ai,https://github.com/0xSHSH/redrob-talentgraph-ai,"reviewer,blind,engineering",15,submissions/team_talentgraph.csv,judge3,1.000000000000,0.857236800170,1.000000000000,1.000000000000,0.957171040051,0.640000000000,64,249
public,0xSHSH/redrob-talentgraph-ai,https://github.com/0xSHSH/redrob-talentgraph-ai,"reviewer,blind,engineering",15,submissions/team_talentgraph.csv,expand,0.627427657215,0.616597283155,1.000000000000,1.000000000000,0.698693013554,0.360000000000,36,639
public,0xSHSH/redrob-talentgraph-ai,https://github.com/0xSHSH/redrob-talentgraph-ai,"reviewer,blind,engineering",15,submissions/team_talentgraph.csv,silver20k,0.753336611008,0.664681929183,0.778896669206,0.800000000000,0.732907384640,0.200000000000,20,20000
public,0xSHSH/redrob-talentgraph-ai,https://github.com/0xSHSH/redrob-talentgraph-ai,"reviewer,blind,engineering",15,submissions/team_talentgraph.csv,reviewer,1.000000000000,0.773291113344,0.638341358005,1.000000000000,0.877738537704,0.640000000000,64,180
public,0xSHSH/redrob-talentgraph-ai,https://github.com/0xSHSH/redrob-talentgraph-ai,"reviewer,blind,engineering",15,submissions/team_talentgraph.csv,blind,0.927173067015,0.925661008265,0.876984126984,0.700000000000,0.907832455035,0.230000000000,23,50
public,0xSHSH/redrob-talentgraph-ai,https://github.com/0xSHSH/redrob-talentgraph-ai,"reviewer,blind,engineering",15,submissions/team_talentgraph.csv,merged_j1,0.776888339537,0.758271634848,1.000000000000,1.000000000000,0.815925660223,0.810000000000,81,281
public,0xSHSH/redrob-talentgraph-ai,https://github.com/0xSHSH/redrob-talentgraph-ai,"reviewer,blind,engineering",15,submissions/team_talentgraph.csv,merged_j2,1.000000000000,0.887433496485,1.000000000000,1.000000000000,0.966230048945,0.810000000000,81,281
public,0xSHSH/redrob-talentgraph-ai,https://github.com/0xSHSH/redrob-talentgraph-ai,"reviewer,blind,engineering",15,submissions/team_talentgraph.csv,merged_j3,1.000000000000,0.833009579268,1.000000000000,1.000000000000,0.949902873780,0.810000000000,81,281
public,0xSHSH/redrob-talentgraph-ai,https://github.com/0xSHSH/redrob-talentgraph-ai,"reviewer,blind,engineering",15,submissions/team_talentgraph.csv,relabel_j4,1.000000000000,0.811228464428,1.000000000000,1.000000000000,0.943368539329,0.790000000000,79,135
public,0xSHSH/redrob-talentgraph-ai,https://github.com/0xSHSH/redrob-talentgraph-ai,"reviewer,blind,engineering",15,submissions/team_talentgraph.csv,relabel_g25,0.866420754070,0.776455550705,1.000000000000,1.000000000000,0.866147042247,0.800000000000,80,136
public,0xSHSH/redrob-talentgraph-ai,https://github.com/0xSHSH/redrob-talentgraph-ai,"reviewer,blind,engineering",15,submissions/team_talentgraph.csv,blind_test_frozen,0.903672597117,0.874216387514,1.000000000000,1.000000000000,0.914101214813,0.890000000000,89,1000
public,A-001-byte/Redrob-PMP,https://github.com/A-001-byte/Redrob-PMP,engineering,17,submission/submission.csv,h2,0.852235342093,0.735040638926,0.907195860999,1.000000000000,0.832709241874,1.000000000000,100,100000
public,A-001-byte/Redrob-PMP,https://github.com/A-001-byte/Redrob-PMP,engineering,17,submission/submission.csv,independent,0.881990711406,0.678931269596,0.907195860999,1.000000000000,0.830754115731,1.000000000000,100,100000
public,A-001-byte/Redrob-PMP,https://github.com/A-001-byte/Redrob-PMP,engineering,17,submission/submission.csv,judge1,0.738673050874,0.672631262925,1.000000000000,1.000000000000,0.771125904314,0.370000000000,37,249
public,A-001-byte/Redrob-PMP,https://github.com/A-001-byte/Redrob-PMP,engineering,17,submission/submission.csv,judge2,1.000000000000,0.675346136262,1.000000000000,1.000000000000,0.902603840879,0.370000000000,37,249
public,A-001-byte/Redrob-PMP,https://github.com/A-001-byte/Redrob-PMP,engineering,17,submission/submission.csv,judge3,0.879406034455,0.627638605373,0.936438555281,1.000000000000,0.818460382131,0.370000000000,37,249
public,A-001-byte/Redrob-PMP,https://github.com/A-001-byte/Redrob-PMP,engineering,17,submission/submission.csv,expand,0.589981127127,0.561481149944,0.811009839314,1.000000000000,0.635086384444,0.370000000000,37,639
public,A-001-byte/Redrob-PMP,https://github.com/A-001-byte/Redrob-PMP,engineering,17,submission/submission.csv,silver20k,0.693641877519,0.488997830045,0.558104631866,0.900000000000,0.622235982553,0.190000000000,19,20000
public,A-001-byte/Redrob-PMP,https://github.com/A-001-byte/Redrob-PMP,engineering,17,submission/submission.csv,reviewer,0.888910044901,0.654573297801,0.483520355575,0.900000000000,0.758355065127,0.400000000000,40,180
public,A-001-byte/Redrob-PMP,https://github.com/A-001-byte/Redrob-PMP,engineering,17,submission/submission.csv,blind,0.872518562195,0.749752263697,0.750000000000,0.600000000000,0.803684960206,0.130000000000,13,50
public,A-001-byte/Redrob-PMP,https://github.com/A-001-byte/Redrob-PMP,engineering,17,submission/submission.csv,merged_j1,0.781516492849,0.712956877613,1.000000000000,1.000000000000,0.804645309708,0.470000000000,47,281
public,A-001-byte/Redrob-PMP,https://github.com/A-001-byte/Redrob-PMP,engineering,17,submission/submission.csv,merged_j2,1.000000000000,0.776432429589,1.000000000000,1.000000000000,0.932929728877,0.470000000000,47,281
public,A-001-byte/Redrob-PMP,https://github.com/A-001-byte/Redrob-PMP,engineering,17,submission/submission.csv,merged_j3,0.884384226315,0.713606860879,0.949488405108,1.000000000000,0.848697432187,0.470000000000,47,281
public,A-001-byte/Redrob-PMP,https://github.com/A-001-byte/Redrob-PMP,engineering,17,submission/submission.csv,relabel_j4,1.000000000000,0.746293382402,1.000000000000,1.000000000000,0.923888014720,0.430000000000,43,135
public,A-001-byte/Redrob-PMP,https://github.com/A-001-byte/Redrob-PMP,engineering,17,submission/submission.csv,relabel_g25,0.785823542151,0.651091586342,0.972664199446,1.000000000000,0.784138876895,0.430000000000,43,136
public,A-001-byte/Redrob-PMP,https://github.com/A-001-byte/Redrob-PMP,engineering,17,submission/submission.csv,blind_test_frozen,0.884030555901,0.854787967354,1.000000000000,1.000000000000,0.898451668156,0.690000000000,69,1000
public,aaryanpawar16/Redrob-AI-Candidate-Ranker,https://github.com/aaryanpawar16/Redrob-AI-Candidate-Ranker,blind,7,output/Team_Mavericks.csv,h2,0.790565562227,0.793712184167,0.961157107878,1.000000000000,0.827570002545,1.000000000000,100,100000
public,aaryanpawar16/Redrob-AI-Candidate-Ranker,https://github.com/aaryanpawar16/Redrob-AI-Candidate-Ranker,blind,7,output/Team_Mavericks.csv,independent,0.836415216123,0.745986870257,0.961157107878,1.000000000000,0.836177235320,1.000000000000,100,100000
public,aaryanpawar16/Redrob-AI-Candidate-Ranker,https://github.com/aaryanpawar16/Redrob-AI-Candidate-Ranker,blind,7,output/Team_Mavericks.csv,judge1,0.812373770376,0.897687119558,1.000000000000,1.000000000000,0.875493021055,0.580000000000,58,249
public,aaryanpawar16/Redrob-AI-Candidate-Ranker,https://github.com/aaryanpawar16/Redrob-AI-Candidate-Ranker,blind,7,output/Team_Mavericks.csv,judge2,1.000000000000,0.888021042930,1.000000000000,1.000000000000,0.966406312879,0.580000000000,58,249
public,aaryanpawar16/Redrob-AI-Candidate-Ranker,https://github.com/aaryanpawar16/Redrob-AI-Candidate-Ranker,blind,7,output/Team_Mavericks.csv,judge3,0.967163464155,0.846137935984,1.000000000000,1.000000000000,0.937423112873,0.580000000000,58,249
public,aaryanpawar16/Redrob-AI-Candidate-Ranker,https://github.com/aaryanpawar16/Redrob-AI-Candidate-Ranker,blind,7,output/Team_Mavericks.csv,expand,0.711781529879,0.721693119705,0.969498803913,1.000000000000,0.767823521438,0.400000000000,40,639
public,aaryanpawar16/Redrob-AI-Candidate-Ranker,https://github.com/aaryanpawar16/Redrob-AI-Candidate-Ranker,blind,7,output/Team_Mavericks.csv,silver20k,0.830902206877,0.620639557687,0.820542245852,0.900000000000,0.769724307623,0.200000000000,20,20000
public,aaryanpawar16/Redrob-AI-Candidate-Ranker,https://github.com/aaryanpawar16/Redrob-AI-Candidate-Ranker,blind,7,output/Team_Mavericks.csv,reviewer,0.949103369441,0.802792648250,0.673767990504,0.900000000000,0.861454677771,0.640000000000,64,180
public,aaryanpawar16/Redrob-AI-Candidate-Ranker,https://github.com/aaryanpawar16/Redrob-AI-Candidate-Ranker,blind,7,output/Team_Mavericks.csv,blind,0.930009356282,0.901735240352,0.897073412698,0.700000000000,0.905086262152,0.220000000000,22,50
public,aaryanpawar16/Redrob-AI-Candidate-Ranker,https://github.com/aaryanpawar16/Redrob-AI-Candidate-Ranker,blind,7,output/Team_Mavericks.csv,merged_j1,0.812373770376,0.813758112475,1.000000000000,1.000000000000,0.850314318930,0.730000000000,73,281
public,aaryanpawar16/Redrob-AI-Candidate-Ranker,https://github.com/aaryanpawar16/Redrob-AI-Candidate-Ranker,blind,7,output/Team_Mavericks.csv,merged_j2,1.000000000000,0.908157637044,1.000000000000,1.000000000000,0.972447291113,0.730000000000,73,281
public,aaryanpawar16/Redrob-AI-Candidate-Ranker,https://github.com/aaryanpawar16/Redrob-AI-Candidate-Ranker,blind,7,output/Team_Mavericks.csv,merged_j3,0.967163464155,0.854667789218,1.000000000000,1.000000000000,0.939982068843,0.730000000000,73,281
public,aaryanpawar16/Redrob-AI-Candidate-Ranker,https://github.com/aaryanpawar16/Redrob-AI-Candidate-Ranker,blind,7,output/Team_Mavericks.csv,relabel_j4,1.000000000000,0.868665657043,1.000000000000,1.000000000000,0.960599697113,0.690000000000,69,135
public,aaryanpawar16/Redrob-AI-Candidate-Ranker,https://github.com/aaryanpawar16/Redrob-AI-Candidate-Ranker,blind,7,output/Team_Mavericks.csv,relabel_g25,0.819679753220,0.769683316982,1.000000000000,1.000000000000,0.840744871705,0.700000000000,70,136
public,aaryanpawar16/Redrob-AI-Candidate-Ranker,https://github.com/aaryanpawar16/Redrob-AI-Candidate-Ranker,blind,7,output/Team_Mavericks.csv,blind_test_frozen,0.970665916017,0.902824059232,1.000000000000,1.000000000000,0.956180175778,0.830000000000,83,1000
public,AbhayBhise/REDROB-AI-,https://github.com/AbhayBhise/REDROB-AI-,mean7,8,submission.csv,h2,0.814928044066,0.863886182989,0.964271502946,1.000000000000,0.861270602372,1.000000000000,100,100000
public,AbhayBhise/REDROB-AI-,https://github.com/AbhayBhise/REDROB-AI-,mean7,8,submission.csv,independent,0.780297901525,0.755080196363,0.964271502946,1.000000000000,0.811313735114,1.000000000000,100,100000
public,AbhayBhise/REDROB-AI-,https://github.com/AbhayBhise/REDROB-AI-,mean7,8,submission.csv,judge1,0.848209239763,0.916227367314,1.000000000000,1.000000000000,0.898972830075,0.620000000000,62,249
public,AbhayBhise/REDROB-AI-,https://github.com/AbhayBhise/REDROB-AI-,mean7,8,submission.csv,judge2,1.000000000000,0.881522535638,1.000000000000,1.000000000000,0.964456760691,0.620000000000,62,249
public,AbhayBhise/REDROB-AI-,https://github.com/AbhayBhise/REDROB-AI-,mean7,8,submission.csv,judge3,0.967163464155,0.884370306466,1.000000000000,1.000000000000,0.948892824017,0.620000000000,62,249
public,AbhayBhise/REDROB-AI-,https://github.com/AbhayBhise/REDROB-AI-,mean7,8,submission.csv,expand,0.812182134181,0.731935645603,0.960694460468,1.000000000000,0.819775929842,0.380000000000,38,639
public,AbhayBhise/REDROB-AI-,https://github.com/AbhayBhise/REDROB-AI-,mean7,8,submission.csv,silver20k,0.871613989528,0.634563589529,0.863877904103,1.000000000000,0.805757757238,0.170000000000,17,20000
public,AbhayBhise/REDROB-AI-,https://github.com/AbhayBhise/REDROB-AI-,mean7,8,submission.csv,reviewer,0.808447314558,0.740806721327,0.555821494062,0.700000000000,0.744838897786,0.690000000000,69,180
public,AbhayBhise/REDROB-AI-,https://github.com/AbhayBhise/REDROB-AI-,mean7,8,submission.csv,blind,0.814729293767,0.876637543348,0.745914502165,0.600000000000,0.812243085213,0.240000000000,24,50
public,AbhayBhise/REDROB-AI-,https://github.com/AbhayBhise/REDROB-AI-,mean7,8,submission.csv,merged_j1,0.915591542390,0.863870283917,1.000000000000,1.000000000000,0.916956856370,0.810000000000,81,281
public,AbhayBhise/REDROB-AI-,https://github.com/AbhayBhise/REDROB-AI-,mean7,8,submission.csv,merged_j2,1.000000000000,0.864430921348,1.000000000000,1.000000000000,0.959329276405,0.810000000000,81,281
public,AbhayBhise/REDROB-AI-,https://github.com/AbhayBhise/REDROB-AI-,mean7,8,submission.csv,merged_j3,1.000000000000,0.874048734886,1.000000000000,1.000000000000,0.962214620466,0.810000000000,81,281
public,AbhayBhise/REDROB-AI-,https://github.com/AbhayBhise/REDROB-AI-,mean7,8,submission.csv,relabel_j4,1.000000000000,0.835060704888,1.000000000000,1.000000000000,0.950518211466,0.770000000000,77,135
public,AbhayBhise/REDROB-AI-,https://github.com/AbhayBhise/REDROB-AI-,mean7,8,submission.csv,relabel_g25,0.850334263143,0.778419662228,1.000000000000,1.000000000000,0.858693030240,0.770000000000,77,136
public,AbhayBhise/REDROB-AI-,https://github.com/AbhayBhise/REDROB-AI-,mean7,8,submission.csv,blind_test_frozen,0.929992315415,0.915040923060,1.000000000000,1.000000000000,0.939508434626,0.870000000000,87,1000
public,Ajeets6/IndiaRunsHackathon,https://github.com/Ajeets6/IndiaRunsHackathon,"h2,mean7",6,submission/submission.csv,h2,0.862265386901,0.835199388898,1.000000000000,1.000000000000,0.881692510120,1.000000000000,100,100000
public,Ajeets6/IndiaRunsHackathon,https://github.com/Ajeets6/IndiaRunsHackathon,"h2,mean7",6,submission/submission.csv,independent,0.912273345058,0.785442204700,1.000000000000,1.000000000000,0.891769333939,1.000000000000,100,100000
public,Ajeets6/IndiaRunsHackathon,https://github.com/Ajeets6/IndiaRunsHackathon,"h2,mean7",6,submission/submission.csv,judge1,0.841540784339,0.888709325762,1.000000000000,1.000000000000,0.887383189898,0.690000000000,69,249
public,Ajeets6/IndiaRunsHackathon,https://github.com/Ajeets6/IndiaRunsHackathon,"h2,mean7",6,submission/submission.csv,judge2,1.000000000000,0.891538660632,1.000000000000,1.000000000000,0.967461598190,0.690000000000,69,249
public,Ajeets6/IndiaRunsHackathon,https://github.com/Ajeets6/IndiaRunsHackathon,"h2,mean7",6,submission/submission.csv,judge3,0.951076973229,0.879058323300,0.985084077739,1.000000000000,0.937018595265,0.690000000000,69,249
public,Ajeets6/IndiaRunsHackathon,https://github.com/Ajeets6/IndiaRunsHackathon,"h2,mean7",6,submission/submission.csv,expand,0.733941198633,0.620874785627,1.000000000000,1.000000000000,0.753233035005,0.290000000000,29,639
public,Ajeets6/IndiaRunsHackathon,https://github.com/Ajeets6/IndiaRunsHackathon,"h2,mean7",6,submission/submission.csv,silver20k,0.815082095364,0.675386407693,0.727010293770,0.800000000000,0.759208514056,0.240000000000,24,20000
public,Ajeets6/IndiaRunsHackathon,https://github.com/Ajeets6/IndiaRunsHackathon,"h2,mean7",6,submission/submission.csv,reviewer,0.871165929741,0.766000282527,0.586756632216,0.800000000000,0.793396544461,0.620000000000,62,180
public,Ajeets6/IndiaRunsHackathon,https://github.com/Ajeets6/IndiaRunsHackathon,"h2,mean7",6,submission/submission.csv,blind,0.904535287574,0.888551423253,0.800712481962,0.700000000000,0.873939943057,0.220000000000,22,50
public,Ajeets6/IndiaRunsHackathon,https://github.com/Ajeets6/IndiaRunsHackathon,"h2,mean7",6,submission/submission.csv,merged_j1,0.843570565068,0.809299780886,1.000000000000,1.000000000000,0.864575216800,0.830000000000,83,281
public,Ajeets6/IndiaRunsHackathon,https://github.com/Ajeets6/IndiaRunsHackathon,"h2,mean7",6,submission/submission.csv,merged_j2,1.000000000000,0.913781700402,1.000000000000,1.000000000000,0.974134510121,0.830000000000,83,281
public,Ajeets6/IndiaRunsHackathon,https://github.com/Ajeets6/IndiaRunsHackathon,"h2,mean7",6,submission/submission.csv,merged_j3,0.951076973229,0.870677535554,0.987659719100,1.000000000000,0.934890705146,0.830000000000,83,281
public,Ajeets6/IndiaRunsHackathon,https://github.com/Ajeets6/IndiaRunsHackathon,"h2,mean7",6,submission/submission.csv,relabel_j4,1.000000000000,0.899384068009,1.000000000000,1.000000000000,0.969815220403,0.770000000000,77,135
public,Ajeets6/IndiaRunsHackathon,https://github.com/Ajeets6/IndiaRunsHackathon,"h2,mean7",6,submission/submission.csv,relabel_g25,0.760801848610,0.723634456075,1.000000000000,1.000000000000,0.797491261128,0.780000000000,78,136
public,Ajeets6/IndiaRunsHackathon,https://github.com/Ajeets6/IndiaRunsHackathon,"h2,mean7",6,submission/submission.csv,blind_test_frozen,0.956151482739,0.881284503597,1.000000000000,1.000000000000,0.942461092449,0.880000000000,88,1000
public,ammu5406/redrob-intel-ranker,https://github.com/ammu5406/redrob-intel-ranker,h2,4,submission.csv,h2,0.878652283242,0.829252261270,1.000000000000,1.000000000000,0.888101820002,1.000000000000,100,100000
public,ammu5406/redrob-intel-ranker,https://github.com/ammu5406/redrob-intel-ranker,h2,4,submission.csv,independent,0.929610616119,0.755803007503,1.000000000000,1.000000000000,0.891546210311,1.000000000000,100,100000
public,ammu5406/redrob-intel-ranker,https://github.com/ammu5406/redrob-intel-ranker,h2,4,submission.csv,judge1,0.789771623437,0.858008102494,0.956213110376,1.000000000000,0.845720209023,0.570000000000,57,249
public,ammu5406/redrob-intel-ranker,https://github.com/ammu5406/redrob-intel-ranker,h2,4,submission.csv,judge2,1.000000000000,0.832370261651,0.979104396970,1.000000000000,0.946576738041,0.570000000000,57,249
public,ammu5406/redrob-intel-ranker,https://github.com/ammu5406/redrob-intel-ranker,h2,4,submission.csv,judge3,0.910365588982,0.822520141039,0.942964099399,1.000000000000,0.893383451712,0.570000000000,57,249
public,ammu5406/redrob-intel-ranker,https://github.com/ammu5406/redrob-intel-ranker,h2,4,submission.csv,expand,0.607940804230,0.530285576489,0.931132704102,0.900000000000,0.647725980677,0.300000000000,30,639
public,ammu5406/redrob-intel-ranker,https://github.com/ammu5406/redrob-intel-ranker,h2,4,submission.csv,silver20k,0.764195483353,0.631696510430,0.699389693815,0.900000000000,0.721515148878,0.230000000000,23,20000
public,ammu5406/redrob-intel-ranker,https://github.com/ammu5406/redrob-intel-ranker,h2,4,submission.csv,reviewer,0.911963293481,0.722663507195,0.465187736207,0.900000000000,0.787558859330,0.480000000000,48,180
public,ammu5406/redrob-intel-ranker,https://github.com/ammu5406/redrob-intel-ranker,h2,4,submission.csv,blind,0.768613847700,0.796618306935,0.683938120703,0.500000000000,0.750883134036,0.190000000000,19,50
public,ammu5406/redrob-intel-ranker,https://github.com/ammu5406/redrob-intel-ranker,h2,4,submission.csv,merged_j1,0.822608159281,0.784401129541,0.962421022175,1.000000000000,0.840987571829,0.680000000000,68,281
public,ammu5406/redrob-intel-ranker,https://github.com/ammu5406/redrob-intel-ranker,h2,4,submission.csv,merged_j2,1.000000000000,0.836216041340,0.981931942706,1.000000000000,0.948154603808,0.680000000000,68,281
public,ammu5406/redrob-intel-ranker,https://github.com/ammu5406/redrob-intel-ranker,h2,4,submission.csv,merged_j3,0.943202124826,0.816845953625,0.951127140927,1.000000000000,0.909323919640,0.680000000000,68,281
public,ammu5406/redrob-intel-ranker,https://github.com/ammu5406/redrob-intel-ranker,h2,4,submission.csv,relabel_j4,0.965804271765,0.825804837911,1.000000000000,1.000000000000,0.930643587256,0.630000000000,63,135
public,ammu5406/redrob-intel-ranker,https://github.com/ammu5406/redrob-intel-ranker,h2,4,submission.csv,relabel_g25,0.786382650318,0.690552716239,1.000000000000,1.000000000000,0.800357140031,0.640000000000,64,136
public,ammu5406/redrob-intel-ranker,https://github.com/ammu5406/redrob-intel-ranker,h2,4,submission.csv,blind_test_frozen,0.954106396763,0.848701309033,1.000000000000,1.000000000000,0.931663591091,0.790000000000,79,1000
public,AnkanDasBarman/redrob-ranker,https://github.com/AnkanDasBarman/redrob-ranker,mean7,6,outputs/submission_Final.csv,h2,0.728657091603,0.730130853350,0.857456879616,1.000000000000,0.761986333749,1.000000000000,100,100000
public,AnkanDasBarman/redrob-ranker,https://github.com/AnkanDasBarman/redrob-ranker,mean7,6,outputs/submission_Final.csv,independent,0.770916300776,0.674322346533,0.857456879616,1.000000000000,0.766373386290,1.000000000000,100,100000
public,AnkanDasBarman/redrob-ranker,https://github.com/AnkanDasBarman/redrob-ranker,mean7,6,outputs/submission_Final.csv,judge1,0.907366655440,0.901510952126,1.000000000000,1.000000000000,0.924136613357,0.540000000000,54,249
public,AnkanDasBarman/redrob-ranker,https://github.com/AnkanDasBarman/redrob-ranker,mean7,6,outputs/submission_Final.csv,judge2,1.000000000000,0.897171362449,1.000000000000,1.000000000000,0.969151408735,0.540000000000,54,249
public,AnkanDasBarman/redrob-ranker,https://github.com/AnkanDasBarman/redrob-ranker,mean7,6,outputs/submission_Final.csv,judge3,1.000000000000,0.896642609506,1.000000000000,1.000000000000,0.968992782852,0.540000000000,54,249
public,AnkanDasBarman/redrob-ranker,https://github.com/AnkanDasBarman/redrob-ranker,mean7,6,outputs/submission_Final.csv,expand,0.751164493489,0.743844352560,1.000000000000,1.000000000000,0.798735552512,0.460000000000,46,639
public,AnkanDasBarman/redrob-ranker,https://github.com/AnkanDasBarman/redrob-ranker,mean7,6,outputs/submission_Final.csv,silver20k,0.890508505140,0.716189959105,0.765225823589,1.000000000000,0.824895113840,0.260000000000,26,20000
public,AnkanDasBarman/redrob-ranker,https://github.com/AnkanDasBarman/redrob-ranker,mean7,6,outputs/submission_Final.csv,reviewer,0.946996621236,0.766821682712,0.547422511512,0.900000000000,0.830658192159,0.600000000000,60,180
public,AnkanDasBarman/redrob-ranker,https://github.com/AnkanDasBarman/redrob-ranker,mean7,6,outputs/submission_Final.csv,blind,0.836259518218,0.821851017020,0.721212121212,0.600000000000,0.802866882397,0.210000000000,21,50
public,AnkanDasBarman/redrob-ranker,https://github.com/AnkanDasBarman/redrob-ranker,mean7,6,outputs/submission_Final.csv,merged_j1,0.907366655440,0.824190097402,1.000000000000,1.000000000000,0.900940356941,0.680000000000,68,281
public,AnkanDasBarman/redrob-ranker,https://github.com/AnkanDasBarman/redrob-ranker,mean7,6,outputs/submission_Final.csv,merged_j2,1.000000000000,0.921351869124,1.000000000000,1.000000000000,0.976405560737,0.680000000000,68,281
public,AnkanDasBarman/redrob-ranker,https://github.com/AnkanDasBarman/redrob-ranker,mean7,6,outputs/submission_Final.csv,merged_j3,1.000000000000,0.898631552031,1.000000000000,1.000000000000,0.969589465609,0.680000000000,68,281
public,AnkanDasBarman/redrob-ranker,https://github.com/AnkanDasBarman/redrob-ranker,mean7,6,outputs/submission_Final.csv,relabel_j4,1.000000000000,0.885957695424,1.000000000000,1.000000000000,0.965787308627,0.650000000000,65,135
public,AnkanDasBarman/redrob-ranker,https://github.com/AnkanDasBarman/redrob-ranker,mean7,6,outputs/submission_Final.csv,relabel_g25,0.819619747122,0.771979356291,1.000000000000,1.000000000000,0.841403680448,0.650000000000,65,136
public,AnkanDasBarman/redrob-ranker,https://github.com/AnkanDasBarman/redrob-ranker,mean7,6,outputs/submission_Final.csv,blind_test_frozen,0.968622141545,0.888306215929,1.000000000000,1.000000000000,0.950802935551,0.750000000000,75,1000
public,anuraggjena/redrob-ai-challenge,https://github.com/anuraggjena/redrob-ai-challenge,engineering,15,submission.csv,h2,0.519136118020,0.402489852014,0.742959364554,1.000000000000,0.541758919297,1.000000000000,100,100000
public,anuraggjena/redrob-ai-challenge,https://github.com/anuraggjena/redrob-ai-challenge,engineering,15,submission.csv,independent,0.498181797901,0.361646255538,0.559460780837,1.000000000000,0.491503892737,1.000000000000,100,100000
public,anuraggjena/redrob-ai-challenge,https://github.com/anuraggjena/redrob-ai-challenge,engineering,15,submission.csv,judge1,0.303026279229,0.182327967095,1.000000000000,1.000000000000,0.406211529743,0.140000000000,14,249
public,anuraggjena/redrob-ai-challenge,https://github.com/anuraggjena/redrob-ai-challenge,engineering,15,submission.csv,judge2,0.421630465074,0.214575377845,1.000000000000,1.000000000000,0.475187845890,0.140000000000,14,249
public,anuraggjena/redrob-ai-challenge,https://github.com/anuraggjena/redrob-ai-challenge,engineering,15,submission.csv,judge3,0.399326865272,0.199078551992,0.719202424560,0.800000000000,0.407267361917,0.140000000000,14,249
public,anuraggjena/redrob-ai-challenge,https://github.com/anuraggjena/redrob-ai-challenge,engineering,15,submission.csv,expand,0.145301247355,0.086777669896,0.055555555556,0.100000000000,0.112017257979,0.120000000000,12,639
public,anuraggjena/redrob-ai-challenge,https://github.com/anuraggjena/redrob-ai-challenge,engineering,15,submission.csv,silver20k,0.103623595919,0.120821801776,0.079269005848,0.200000000000,0.109948689370,0.200000000000,20,20000
public,anuraggjena/redrob-ai-challenge,https://github.com/anuraggjena/redrob-ai-challenge,engineering,15,submission.csv,reviewer,0.621114472690,0.228892717329,0.462053571429,0.500000000000,0.473533087258,0.080000000000,8,180
public,anuraggjena/redrob-ai-challenge,https://github.com/anuraggjena/redrob-ai-challenge,engineering,15,submission.csv,blind,0.204085257266,0.167704751897,0.250000000000,0.100000000000,0.194854054202,0.020000000000,2,50
public,anuraggjena/redrob-ai-challenge,https://github.com/anuraggjena/redrob-ai-challenge,engineering,15,submission.csv,merged_j1,0.303026279229,0.160103910015,1.000000000000,1.000000000000,0.399544312619,0.140000000000,14,281
public,anuraggjena/redrob-ai-challenge,https://github.com/anuraggjena/redrob-ai-challenge,engineering,15,submission.csv,merged_j2,0.421630465074,0.214575377845,1.000000000000,1.000000000000,0.475187845890,0.140000000000,14,281
public,anuraggjena/redrob-ai-challenge,https://github.com/anuraggjena/redrob-ai-challenge,engineering,15,submission.csv,merged_j3,0.399326865272,0.193417285647,0.719202424560,0.800000000000,0.405568982014,0.140000000000,14,281
public,anuraggjena/redrob-ai-challenge,https://github.com/anuraggjena/redrob-ai-challenge,engineering,15,submission.csv,relabel_j4,0.344926211592,0.184452833668,1.000000000000,1.000000000000,0.427798955897,0.130000000000,13,135
public,anuraggjena/redrob-ai-challenge,https://github.com/anuraggjena/redrob-ai-challenge,engineering,15,submission.csv,relabel_g25,0.395106416932,0.179993193398,0.903756499910,0.900000000000,0.432114641472,0.130000000000,13,136
public,anuraggjena/redrob-ai-challenge,https://github.com/anuraggjena/redrob-ai-challenge,engineering,15,submission.csv,blind_test_frozen,0.528271991363,0.578288334884,1.000000000000,1.000000000000,0.637622496147,0.520000000000,52,1000
public,anushkamaisa/HireRank-AI,https://github.com/anushkamaisa/HireRank-AI,"h2,mean7",8,outputs/submission.csv,h2,0.843209394984,0.845983956414,1.000000000000,1.000000000000,0.875399884416,1.000000000000,100,100000
public,anushkamaisa/HireRank-AI,https://github.com/anushkamaisa/HireRank-AI,"h2,mean7",8,outputs/submission.csv,independent,0.859686303667,0.761919289000,1.000000000000,1.000000000000,0.858418938533,1.000000000000,100,100000
public,anushkamaisa/HireRank-AI,https://github.com/anushkamaisa/HireRank-AI,"h2,mean7",8,outputs/submission.csv,judge1,0.820833174449,0.889177994393,1.000000000000,1.000000000000,0.877169985542,0.550000000000,55,249
public,anushkamaisa/HireRank-AI,https://github.com/anushkamaisa/HireRank-AI,"h2,mean7",8,outputs/submission.csv,judge2,1.000000000000,0.811930565564,1.000000000000,1.000000000000,0.943579169669,0.550000000000,55,249
public,anushkamaisa/HireRank-AI,https://github.com/anushkamaisa/HireRank-AI,"h2,mean7",8,outputs/submission.csv,judge3,0.967163464155,0.858445499363,1.000000000000,1.000000000000,0.941115381887,0.550000000000,55,249
public,anushkamaisa/HireRank-AI,https://github.com/anushkamaisa/HireRank-AI,"h2,mean7",8,outputs/submission.csv,expand,0.722288092125,0.764955335093,0.956546764602,1.000000000000,0.784112661281,0.450000000000,45,639
public,anushkamaisa/HireRank-AI,https://github.com/anushkamaisa/HireRank-AI,"h2,mean7",8,outputs/submission.csv,silver20k,0.819247835315,0.652265607632,0.937716262976,1.000000000000,0.795961039394,0.170000000000,17,20000
public,anushkamaisa/HireRank-AI,https://github.com/anushkamaisa/HireRank-AI,"h2,mean7",8,outputs/submission.csv,reviewer,0.949103369441,0.739640096569,0.606706334824,0.900000000000,0.832449663915,0.680000000000,68,180
public,anushkamaisa/HireRank-AI,https://github.com/anushkamaisa/HireRank-AI,"h2,mean7",8,outputs/submission.csv,blind,0.852527799917,0.908514962837,0.861688311688,0.600000000000,0.858071635563,0.240000000000,24,50
public,anushkamaisa/HireRank-AI,https://github.com/anushkamaisa/HireRank-AI,"h2,mean7",8,outputs/submission.csv,merged_j1,0.857627275266,0.807096908656,1.000000000000,1.000000000000,0.870942710230,0.770000000000,77,281
public,anushkamaisa/HireRank-AI,https://github.com/anushkamaisa/HireRank-AI,"h2,mean7",8,outputs/submission.csv,merged_j2,1.000000000000,0.832144120398,1.000000000000,1.000000000000,0.949643236119,0.770000000000,77,281
public,anushkamaisa/HireRank-AI,https://github.com/anushkamaisa/HireRank-AI,"h2,mean7",8,outputs/submission.csv,merged_j3,1.000000000000,0.850405873178,1.000000000000,1.000000000000,0.955121761953,0.770000000000,77,281
public,anushkamaisa/HireRank-AI,https://github.com/anushkamaisa/HireRank-AI,"h2,mean7",8,outputs/submission.csv,relabel_j4,1.000000000000,0.807793517370,1.000000000000,1.000000000000,0.942338055211,0.740000000000,74,135
public,anushkamaisa/HireRank-AI,https://github.com/anushkamaisa/HireRank-AI,"h2,mean7",8,outputs/submission.csv,relabel_g25,0.800736376789,0.708531789993,1.000000000000,1.000000000000,0.812927725393,0.740000000000,74,136
public,anushkamaisa/HireRank-AI,https://github.com/anushkamaisa/HireRank-AI,"h2,mean7",8,outputs/submission.csv,blind_test_frozen,0.983584818489,0.924845671971,1.000000000000,1.000000000000,0.969246110836,0.870000000000,87,1000
public,Ashrua7-7/redrob-caliber,https://github.com/Ashrua7-7/redrob-caliber,mean7,4,submission.csv,h2,0.871125918554,0.783563521467,0.966677147480,1.000000000000,0.865633587839,1.000000000000,100,100000
public,Ashrua7-7/redrob-caliber,https://github.com/Ashrua7-7/redrob-caliber,mean7,4,submission.csv,independent,0.884256049903,0.724112596234,0.966677147480,1.000000000000,0.854363375943,1.000000000000,100,100000
public,Ashrua7-7/redrob-caliber,https://github.com/Ashrua7-7/redrob-caliber,mean7,4,submission.csv,judge1,0.856268082876,0.886385031230,1.000000000000,1.000000000000,0.894049550807,0.570000000000,57,249
public,Ashrua7-7/redrob-caliber,https://github.com/Ashrua7-7/redrob-caliber,mean7,4,submission.csv,judge2,1.000000000000,0.859385695936,1.000000000000,1.000000000000,0.957815708781,0.570000000000,57,249
public,Ashrua7-7/redrob-caliber,https://github.com/Ashrua7-7/redrob-caliber,mean7,4,submission.csv,judge3,0.894133332992,0.815506477702,1.000000000000,1.000000000000,0.891718609807,0.570000000000,57,249
public,Ashrua7-7/redrob-caliber,https://github.com/Ashrua7-7/redrob-caliber,mean7,4,submission.csv,expand,0.800413293639,0.789995416861,1.000000000000,1.000000000000,0.837205271878,0.430000000000,43,639
public,Ashrua7-7/redrob-caliber,https://github.com/Ashrua7-7/redrob-caliber,mean7,4,submission.csv,silver20k,0.933575828484,0.683798232845,0.887042039038,1.000000000000,0.854983689951,0.210000000000,21,20000
public,Ashrua7-7/redrob-caliber,https://github.com/Ashrua7-7/redrob-caliber,mean7,4,submission.csv,reviewer,0.767500292039,0.685131220606,0.421808679389,0.700000000000,0.687560814110,0.630000000000,63,180
public,Ashrua7-7/redrob-caliber,https://github.com/Ashrua7-7/redrob-caliber,mean7,4,submission.csv,blind,0.777379572331,0.895929280107,0.685408373876,0.500000000000,0.785279826279,0.250000000000,25,50
public,Ashrua7-7/redrob-caliber,https://github.com/Ashrua7-7/redrob-caliber,mean7,4,submission.csv,merged_j1,0.890463811111,0.801640891425,1.000000000000,1.000000000000,0.885724172983,0.730000000000,73,281
public,Ashrua7-7/redrob-caliber,https://github.com/Ashrua7-7/redrob-caliber,mean7,4,submission.csv,merged_j2,1.000000000000,0.860663889434,1.000000000000,1.000000000000,0.958199166830,0.730000000000,73,281
public,Ashrua7-7/redrob-caliber,https://github.com/Ashrua7-7/redrob-caliber,mean7,4,submission.csv,merged_j3,0.928329061227,0.802046014295,1.000000000000,1.000000000000,0.904778334902,0.730000000000,73,281
public,Ashrua7-7/redrob-caliber,https://github.com/Ashrua7-7/redrob-caliber,mean7,4,submission.csv,relabel_j4,1.000000000000,0.815688775117,1.000000000000,1.000000000000,0.944706632535,0.700000000000,70,135
public,Ashrua7-7/redrob-caliber,https://github.com/Ashrua7-7/redrob-caliber,mean7,4,submission.csv,relabel_g25,0.758723790856,0.705871418693,1.000000000000,1.000000000000,0.791123321036,0.710000000000,71,136
public,Ashrua7-7/redrob-caliber,https://github.com/Ashrua7-7/redrob-caliber,mean7,4,submission.csv,blind_test_frozen,0.945487843719,0.902303702395,1.000000000000,1.000000000000,0.943435032578,0.810000000000,81,1000
public,Atharva7115/Redrob-discovery-engine,https://github.com/Atharva7115/Redrob-discovery-engine,engineering,15,outputs/submission.csv,h2,0.531043309741,0.571110711536,0.751784836750,0.900000000000,0.594622593844,1.000000000000,100,100000
public,Atharva7115/Redrob-discovery-engine,https://github.com/Atharva7115/Redrob-discovery-engine,engineering,15,outputs/submission.csv,independent,0.543576039125,0.529444911020,0.646596399723,0.900000000000,0.572610952827,1.000000000000,100,100000
public,Atharva7115/Redrob-discovery-engine,https://github.com/Atharva7115/Redrob-discovery-engine,engineering,15,outputs/submission.csv,judge1,0.488499121054,0.621040857591,0.961393711804,1.000000000000,0.624770874575,0.400000000000,40,249
public,Atharva7115/Redrob-discovery-engine,https://github.com/Atharva7115/Redrob-discovery-engine,engineering,15,outputs/submission.csv,judge2,0.825461327761,0.663896268252,1.000000000000,1.000000000000,0.811899544356,0.400000000000,40,249
public,Atharva7115/Redrob-discovery-engine,https://github.com/Atharva7115/Redrob-discovery-engine,engineering,15,outputs/submission.csv,judge3,0.676030108027,0.606033950946,0.961393711804,1.000000000000,0.714034296068,0.400000000000,40,249
public,Atharva7115/Redrob-discovery-engine,https://github.com/Atharva7115/Redrob-discovery-engine,engineering,15,outputs/submission.csv,expand,0.446372184215,0.331073752613,0.639587154722,0.800000000000,0.458446291100,0.220000000000,22,639
public,Atharva7115/Redrob-discovery-engine,https://github.com/Atharva7115/Redrob-discovery-engine,engineering,15,outputs/submission.csv,silver20k,0.338977233171,0.357718441479,0.340545653428,0.700000000000,0.362885997044,0.240000000000,24,20000
public,Atharva7115/Redrob-discovery-engine,https://github.com/Atharva7115/Redrob-discovery-engine,engineering,15,outputs/submission.csv,reviewer,0.748095895466,0.534007884603,0.456833617764,0.800000000000,0.642775355778,0.310000000000,31,180
public,Atharva7115/Redrob-discovery-engine,https://github.com/Atharva7115/Redrob-discovery-engine,engineering,15,outputs/submission.csv,blind,0.653825101252,0.537273382011,0.417708333333,0.500000000000,0.575750815229,0.090000000000,9,50
public,Atharva7115/Redrob-discovery-engine,https://github.com/Atharva7115/Redrob-discovery-engine,engineering,15,outputs/submission.csv,merged_j1,0.488499121054,0.629778203778,0.966842815375,1.000000000000,0.628209443967,0.460000000000,46,281
public,Atharva7115/Redrob-discovery-engine,https://github.com/Atharva7115/Redrob-discovery-engine,engineering,15,outputs/submission.csv,merged_j2,0.825461327761,0.736414871349,1.000000000000,1.000000000000,0.833655125285,0.460000000000,46,281
public,Atharva7115/Redrob-discovery-engine,https://github.com/Atharva7115/Redrob-discovery-engine,engineering,15,outputs/submission.csv,merged_j3,0.676030108027,0.663013369388,0.966842815375,1.000000000000,0.731945487136,0.460000000000,46,281
public,Atharva7115/Redrob-discovery-engine,https://github.com/Atharva7115/Redrob-discovery-engine,engineering,15,outputs/submission.csv,relabel_j4,0.778517559307,0.659593371249,1.000000000000,1.000000000000,0.787136791028,0.420000000000,42,135
public,Atharva7115/Redrob-discovery-engine,https://github.com/Atharva7115/Redrob-discovery-engine,engineering,15,outputs/submission.csv,relabel_g25,0.702598749407,0.668465718070,1.000000000000,1.000000000000,0.751839090124,0.430000000000,43,136
public,Atharva7115/Redrob-discovery-engine,https://github.com/Atharva7115/Redrob-discovery-engine,engineering,15,outputs/submission.csv,blind_test_frozen,0.635046132829,0.758284300794,1.000000000000,1.000000000000,0.745008356653,0.630000000000,63,1000
public,atharvdate/redrob-india-runs-ai-ranking,https://github.com/atharvdate/redrob-india-runs-ai-ranking,mean7,8,outputs/submission.csv,h2,0.743386293639,0.781622478651,0.918904622093,1.000000000000,0.794015583729,1.000000000000,100,100000
public,atharvdate/redrob-india-runs-ai-ranking,https://github.com/atharvdate/redrob-india-runs-ai-ranking,mean7,8,outputs/submission.csv,independent,0.786499737865,0.688593541206,0.918904622093,1.000000000000,0.787663624608,1.000000000000,100,100000
public,atharvdate/redrob-india-runs-ai-ranking,https://github.com/atharvdate/redrob-india-runs-ai-ranking,mean7,8,outputs/submission.csv,judge1,0.892504113222,0.903557965910,1.000000000000,1.000000000000,0.917319446384,0.570000000000,57,249
public,atharvdate/redrob-india-runs-ai-ranking,https://github.com/atharvdate/redrob-india-runs-ai-ranking,mean7,8,outputs/submission.csv,judge2,1.000000000000,0.887755303777,1.000000000000,1.000000000000,0.966326591133,0.570000000000,57,249
public,atharvdate/redrob-india-runs-ai-ranking,https://github.com/atharvdate/redrob-india-runs-ai-ranking,mean7,8,outputs/submission.csv,judge3,0.965804271765,0.876429391135,1.000000000000,1.000000000000,0.945830953223,0.570000000000,57,249
public,atharvdate/redrob-india-runs-ai-ranking,https://github.com/atharvdate/redrob-india-runs-ai-ranking,mean7,8,outputs/submission.csv,expand,0.797942660904,0.765282711465,1.000000000000,1.000000000000,0.828556143892,0.430000000000,43,639
public,atharvdate/redrob-india-runs-ai-ranking,https://github.com/atharvdate/redrob-india-runs-ai-ranking,mean7,8,outputs/submission.csv,silver20k,0.912689716181,0.706730596311,0.881767204127,1.000000000000,0.850629117603,0.220000000000,22,20000
public,atharvdate/redrob-india-runs-ai-ranking,https://github.com/atharvdate/redrob-india-runs-ai-ranking,mean7,8,outputs/submission.csv,reviewer,0.949103369441,0.751833376682,0.608776005114,0.900000000000,0.836418098492,0.750000000000,75,180
public,atharvdate/redrob-india-runs-ai-ranking,https://github.com/atharvdate/redrob-india-runs-ai-ranking,mean7,8,outputs/submission.csv,blind,0.872518562195,0.936832284414,0.863511029412,0.600000000000,0.876835620833,0.270000000000,27,50
public,atharvdate/redrob-india-runs-ai-ranking,https://github.com/atharvdate/redrob-india-runs-ai-ranking,mean7,8,outputs/submission.csv,merged_j1,0.926699841457,0.802685238181,1.000000000000,1.000000000000,0.904155492183,0.790000000000,79,281
public,atharvdate/redrob-india-runs-ai-ranking,https://github.com/atharvdate/redrob-india-runs-ai-ranking,mean7,8,outputs/submission.csv,merged_j2,1.000000000000,0.874805258610,1.000000000000,1.000000000000,0.962441577583,0.790000000000,79,281
public,atharvdate/redrob-india-runs-ai-ranking,https://github.com/atharvdate/redrob-india-runs-ai-ranking,mean7,8,outputs/submission.csv,merged_j3,0.967163464155,0.849965657510,1.000000000000,1.000000000000,0.938571429331,0.790000000000,79,281
public,atharvdate/redrob-india-runs-ai-ranking,https://github.com/atharvdate/redrob-india-runs-ai-ranking,mean7,8,outputs/submission.csv,relabel_j4,1.000000000000,0.828647768739,1.000000000000,1.000000000000,0.948594330622,0.750000000000,75,135
public,atharvdate/redrob-india-runs-ai-ranking,https://github.com/atharvdate/redrob-india-runs-ai-ranking,mean7,8,outputs/submission.csv,relabel_g25,0.824947119702,0.738002613876,1.000000000000,1.000000000000,0.833874344014,0.760000000000,76,136
public,atharvdate/redrob-india-runs-ai-ranking,https://github.com/atharvdate/redrob-india-runs-ai-ranking,mean7,8,outputs/submission.csv,blind_test_frozen,0.963860626165,0.922471748697,1.000000000000,1.000000000000,0.958671837691,0.850000000000,85,1000
public,Ayush-Kumar0207/Redrob,https://github.com/Ayush-Kumar0207/Redrob,"mean7,blind,engineering",16,submission.csv,h2,0.833779716137,0.825933110141,1.000000000000,1.000000000000,0.864669791111,1.000000000000,100,100000
public,Ayush-Kumar0207/Redrob,https://github.com/Ayush-Kumar0207/Redrob,"mean7,blind,engineering",16,submission.csv,independent,0.882135618844,0.753192289701,1.000000000000,1.000000000000,0.867025496332,1.000000000000,100,100000
public,Ayush-Kumar0207/Redrob,https://github.com/Ayush-Kumar0207/Redrob,"mean7,blind,engineering",16,submission.csv,judge1,0.855028902683,0.872002743167,1.000000000000,1.000000000000,0.889115274292,0.600000000000,60,249
public,Ayush-Kumar0207/Redrob,https://github.com/Ayush-Kumar0207/Redrob,"mean7,blind,engineering",16,submission.csv,judge2,1.000000000000,0.859318198615,1.000000000000,1.000000000000,0.957795459584,0.600000000000,60,249
public,Ayush-Kumar0207/Redrob,https://github.com/Ayush-Kumar0207/Redrob,"mean7,blind,engineering",16,submission.csv,judge3,0.959536377301,0.841277341692,1.000000000000,1.000000000000,0.932151391158,0.600000000000,60,249
public,Ayush-Kumar0207/Redrob,https://github.com/Ayush-Kumar0207/Redrob,"mean7,blind,engineering",16,submission.csv,expand,0.556575819190,0.644167615833,1.000000000000,1.000000000000,0.671538194345,0.400000000000,40,639
public,Ayush-Kumar0207/Redrob,https://github.com/Ayush-Kumar0207/Redrob,"mean7,blind,engineering",16,submission.csv,silver20k,0.915274995335,0.708026478492,0.939149466804,1.000000000000,0.860917861236,0.200000000000,20,20000
public,Ayush-Kumar0207/Redrob,https://github.com/Ayush-Kumar0207/Redrob,"mean7,blind,engineering",16,submission.csv,reviewer,0.937281384817,0.793144456765,0.651085569178,0.900000000000,0.849246864815,0.630000000000,63,180
public,Ayush-Kumar0207/Redrob,https://github.com/Ayush-Kumar0207/Redrob,"mean7,blind,engineering",16,submission.csv,blind,0.980785778671,0.924705828189,0.920684523810,0.800000000000,0.945907316363,0.220000000000,22,50
public,Ayush-Kumar0207/Redrob,https://github.com/Ayush-Kumar0207/Redrob,"mean7,blind,engineering",16,submission.csv,merged_j1,0.887865438528,0.808184062513,1.000000000000,1.000000000000,0.886387938018,0.820000000000,82,281
public,Ayush-Kumar0207/Redrob,https://github.com/Ayush-Kumar0207/Redrob,"mean7,blind,engineering",16,submission.csv,merged_j2,1.000000000000,0.878203101384,1.000000000000,1.000000000000,0.963460930415,0.820000000000,82,281
public,Ayush-Kumar0207/Redrob,https://github.com/Ayush-Kumar0207/Redrob,"mean7,blind,engineering",16,submission.csv,merged_j3,0.959536377301,0.836091215666,1.000000000000,1.000000000000,0.930595553350,0.820000000000,82,281
public,Ayush-Kumar0207/Redrob,https://github.com/Ayush-Kumar0207/Redrob,"mean7,blind,engineering",16,submission.csv,relabel_j4,1.000000000000,0.801695360624,1.000000000000,1.000000000000,0.940508608187,0.810000000000,81,135
public,Ayush-Kumar0207/Redrob,https://github.com/Ayush-Kumar0207/Redrob,"mean7,blind,engineering",16,submission.csv,relabel_g25,0.637691508708,0.724092616558,1.000000000000,1.000000000000,0.736073539321,0.820000000000,82,136
public,Ayush-Kumar0207/Redrob,https://github.com/Ayush-Kumar0207/Redrob,"mean7,blind,engineering",16,submission.csv,blind_test_frozen,0.972101319675,0.918582362455,1.000000000000,1.000000000000,0.961625368574,0.890000000000,89,1000
public,Ayushpani/india_runs_hackathon,https://github.com/Ayushpani/india_runs_hackathon,h2,11,submission.csv,h2,0.839067699526,0.862330971800,1.000000000000,1.000000000000,0.878233141303,1.000000000000,100,100000
public,Ayushpani/india_runs_hackathon,https://github.com/Ayushpani/india_runs_hackathon,h2,11,submission.csv,independent,0.861404917536,0.814103939189,1.000000000000,1.000000000000,0.874933640525,1.000000000000,100,100000
public,Ayushpani/india_runs_hackathon,https://github.com/Ayushpani/india_runs_hackathon,h2,11,submission.csv,judge1,0.833431418814,0.861510669371,1.000000000000,1.000000000000,0.875168910218,0.510000000000,51,249
public,Ayushpani/india_runs_hackathon,https://github.com/Ayushpani/india_runs_hackathon,h2,11,submission.csv,judge2,1.000000000000,0.832878106924,1.000000000000,1.000000000000,0.949863432077,0.510000000000,51,249
public,Ayushpani/india_runs_hackathon,https://github.com/Ayushpani/india_runs_hackathon,h2,11,submission.csv,judge3,0.962134749884,0.842604264263,0.979615532488,1.000000000000,0.930790984094,0.510000000000,51,249
public,Ayushpani/india_runs_hackathon,https://github.com/Ayushpani/india_runs_hackathon,h2,11,submission.csv,expand,0.653033735725,0.529994593100,0.751411771041,0.800000000000,0.638227011449,0.300000000000,30,639
public,Ayushpani/india_runs_hackathon,https://github.com/Ayushpani/india_runs_hackathon,h2,11,submission.csv,silver20k,0.713615631990,0.592261421734,0.607732500895,1.000000000000,0.675646117649,0.280000000000,28,20000
public,Ayushpani/india_runs_hackathon,https://github.com/Ayushpani/india_runs_hackathon,h2,11,submission.csv,reviewer,0.830218907222,0.687986656321,0.492070522953,0.800000000000,0.735316028950,0.420000000000,42,180
public,Ayushpani/india_runs_hackathon,https://github.com/Ayushpani/india_runs_hackathon,h2,11,submission.csv,blind,0.822734692393,0.719174822476,0.626091269841,0.700000000000,0.756033483415,0.140000000000,14,50
public,Ayushpani/india_runs_hackathon,https://github.com/Ayushpani/india_runs_hackathon,h2,11,submission.csv,merged_j1,0.845560344768,0.841297053481,1.000000000000,1.000000000000,0.875169288428,0.670000000000,67,281
public,Ayushpani/india_runs_hackathon,https://github.com/Ayushpani/india_runs_hackathon,h2,11,submission.csv,merged_j2,0.951076973229,0.854407904572,1.000000000000,1.000000000000,0.931860857986,0.670000000000,67,281
public,Ayushpani/india_runs_hackathon,https://github.com/Ayushpani/india_runs_hackathon,h2,11,submission.csv,merged_j3,0.964164530613,0.841604611384,0.984396096960,1.000000000000,0.932223063266,0.670000000000,67,281
public,Ayushpani/india_runs_hackathon,https://github.com/Ayushpani/india_runs_hackathon,h2,11,submission.csv,relabel_j4,1.000000000000,0.866034083969,1.000000000000,1.000000000000,0.959810225191,0.660000000000,66,135
public,Ayushpani/india_runs_hackathon,https://github.com/Ayushpani/india_runs_hackathon,h2,11,submission.csv,relabel_g25,0.759162107458,0.741236278231,1.000000000000,1.000000000000,0.801951937198,0.660000000000,66,136
public,Ayushpani/india_runs_hackathon,https://github.com/Ayushpani/india_runs_hackathon,h2,11,submission.csv,blind_test_frozen,0.809943913909,0.871923218361,1.000000000000,1.000000000000,0.866548922463,0.830000000000,83,1000
public,bhupesho45/redrob-ai-candidate-ranking,https://github.com/bhupesho45/redrob-ai-candidate-ranking,reviewer,2,team_top.csv,h2,0.746206023915,0.762920443081,0.921987253553,1.000000000000,0.790277232915,1.000000000000,100,100000
public,bhupesho45/redrob-ai-candidate-ranking,https://github.com/bhupesho45/redrob-ai-candidate-ranking,reviewer,2,team_top.csv,independent,0.690894886158,0.665289427038,0.921987253553,1.000000000000,0.733332359223,1.000000000000,100,100000
public,bhupesho45/redrob-ai-candidate-ranking,https://github.com/bhupesho45/redrob-ai-candidate-ranking,reviewer,2,team_top.csv,judge1,0.794359775720,0.857668735428,1.000000000000,1.000000000000,0.854480508488,0.610000000000,61,249
public,bhupesho45/redrob-ai-candidate-ranking,https://github.com/bhupesho45/redrob-ai-candidate-ranking,reviewer,2,team_top.csv,judge2,0.910365588982,0.839602405384,1.000000000000,1.000000000000,0.907063516106,0.610000000000,61,249
public,bhupesho45/redrob-ai-candidate-ranking,https://github.com/bhupesho45/redrob-ai-candidate-ranking,reviewer,2,team_top.csv,judge3,0.804498921974,0.807845612727,0.983064588372,1.000000000000,0.842062833061,0.610000000000,61,249
public,bhupesho45/redrob-ai-candidate-ranking,https://github.com/bhupesho45/redrob-ai-candidate-ranking,reviewer,2,team_top.csv,expand,0.613995874329,0.603490201614,0.966488312804,1.000000000000,0.683018244569,0.370000000000,37,639
public,bhupesho45/redrob-ai-candidate-ranking,https://github.com/bhupesho45/redrob-ai-candidate-ranking,reviewer,2,team_top.csv,silver20k,0.692052132819,0.591106493007,0.574471618357,0.800000000000,0.649528757065,0.240000000000,24,20000
public,bhupesho45/redrob-ai-candidate-ranking,https://github.com/bhupesho45/redrob-ai-candidate-ranking,reviewer,2,team_top.csv,reviewer,1.000000000000,0.816890713771,0.681519404834,1.000000000000,0.897295124857,0.610000000000,61,180
public,bhupesho45/redrob-ai-candidate-ranking,https://github.com/bhupesho45/redrob-ai-candidate-ranking,reviewer,2,team_top.csv,blind,0.917640605070,0.863893592893,0.795138888889,0.700000000000,0.872259213736,0.210000000000,21,50
public,bhupesho45/redrob-ai-candidate-ranking,https://github.com/bhupesho45/redrob-ai-candidate-ranking,reviewer,2,team_top.csv,merged_j1,0.827196311564,0.803783356614,1.000000000000,1.000000000000,0.854733162766,0.780000000000,78,281
public,bhupesho45/redrob-ai-candidate-ranking,https://github.com/bhupesho45/redrob-ai-candidate-ranking,reviewer,2,team_top.csv,merged_j2,0.910365588982,0.824894787323,1.000000000000,1.000000000000,0.902651230688,0.780000000000,78,281
public,bhupesho45/redrob-ai-candidate-ranking,https://github.com/bhupesho45/redrob-ai-candidate-ranking,reviewer,2,team_top.csv,merged_j3,0.837335457818,0.800756521360,0.986679930506,1.000000000000,0.856896674893,0.780000000000,78,281
public,bhupesho45/redrob-ai-candidate-ranking,https://github.com/bhupesho45/redrob-ai-candidate-ranking,reviewer,2,team_top.csv,relabel_j4,0.909006396592,0.805922179004,1.000000000000,1.000000000000,0.896279851997,0.730000000000,73,135
public,bhupesho45/redrob-ai-candidate-ranking,https://github.com/bhupesho45/redrob-ai-candidate-ranking,reviewer,2,team_top.csv,relabel_g25,0.868542773893,0.757192110962,1.000000000000,1.000000000000,0.861429020235,0.740000000000,74,136
public,bhupesho45/redrob-ai-candidate-ranking,https://github.com/bhupesho45/redrob-ai-candidate-ranking,reviewer,2,team_top.csv,blind_test_frozen,0.833151311435,0.868408056810,1.000000000000,1.000000000000,0.877098072760,0.790000000000,79,1000
public,blunterdecosta123/RedrobAI,https://github.com/blunterdecosta123/RedrobAI,h2,-1,Codemonk.csv,h2,0.851756169830,0.842277230444,0.984758262286,1.000000000000,0.876274993391,1.000000000000,100,100000
public,blunterdecosta123/RedrobAI,https://github.com/blunterdecosta123/RedrobAI,h2,-1,Codemonk.csv,independent,0.711472225265,0.699929608610,0.984758262286,1.000000000000,0.763428734559,1.000000000000,100,100000
public,blunterdecosta123/RedrobAI,https://github.com/blunterdecosta123/RedrobAI,h2,-1,Codemonk.csv,judge1,0.763800782152,0.774200366098,0.951839004491,1.000000000000,0.806936351579,0.480000000000,48,249
public,blunterdecosta123/RedrobAI,https://github.com/blunterdecosta123/RedrobAI,h2,-1,Codemonk.csv,judge2,0.853187431622,0.739812723492,0.975919502245,1.000000000000,0.844925458196,0.480000000000,48,249
public,blunterdecosta123/RedrobAI,https://github.com/blunterdecosta123/RedrobAI,h2,-1,Codemonk.csv,judge3,0.833431418814,0.708065567643,0.933134545205,1.000000000000,0.819105561481,0.480000000000,48,249
public,blunterdecosta123/RedrobAI,https://github.com/blunterdecosta123/RedrobAI,h2,-1,Codemonk.csv,expand,0.720106793445,0.589704440529,0.864745821681,1.000000000000,0.716676602133,0.310000000000,31,639
public,blunterdecosta123/RedrobAI,https://github.com/blunterdecosta123/RedrobAI,h2,-1,Codemonk.csv,silver20k,0.548733697130,0.373521618928,0.467432259099,0.700000000000,0.491538173108,0.180000000000,18,20000
public,blunterdecosta123/RedrobAI,https://github.com/blunterdecosta123/RedrobAI,h2,-1,Codemonk.csv,reviewer,0.772440519015,0.659973663554,0.326450100800,0.600000000000,0.663179873693,0.520000000000,52,180
public,blunterdecosta123/RedrobAI,https://github.com/blunterdecosta123/RedrobAI,h2,-1,Codemonk.csv,blind,0.581443344034,0.691125830340,0.442730186480,0.300000000000,0.579468949091,0.180000000000,18,50
public,blunterdecosta123/RedrobAI,https://github.com/blunterdecosta123/RedrobAI,h2,-1,Codemonk.csv,merged_j1,0.885835657799,0.778061953122,0.963485609064,1.000000000000,0.870859256196,0.640000000000,64,281
public,blunterdecosta123/RedrobAI,https://github.com/blunterdecosta123/RedrobAI,h2,-1,Codemonk.csv,merged_j2,0.833665935937,0.767141836416,0.981742804532,1.000000000000,0.844236939573,0.640000000000,64,281
public,blunterdecosta123/RedrobAI,https://github.com/blunterdecosta123/RedrobAI,h2,-1,Codemonk.csv,merged_j3,0.887475398951,0.779697662851,0.951283207541,1.000000000000,0.870339479462,0.640000000000,64,281
public,blunterdecosta123/RedrobAI,https://github.com/blunterdecosta123/RedrobAI,h2,-1,Codemonk.csv,relabel_j4,0.850000188412,0.766114548690,1.000000000000,1.000000000000,0.854834458813,0.550000000000,55,135
public,blunterdecosta123/RedrobAI,https://github.com/blunterdecosta123/RedrobAI,h2,-1,Codemonk.csv,relabel_g25,0.806055353500,0.709303128433,1.000000000000,1.000000000000,0.815818615280,0.560000000000,56,136
public,blunterdecosta123/RedrobAI,https://github.com/blunterdecosta123/RedrobAI,h2,-1,Codemonk.csv,blind_test_frozen,0.795387663266,0.814285227884,1.000000000000,1.000000000000,0.841979399998,0.780000000000,78,1000
public,Brammaayya/redrob-hackathon,https://github.com/Brammaayya/redrob-hackathon,"mean7,reviewer",0,Shankaracharya.csv,h2,0.789228411755,0.831342487948,0.957852363135,1.000000000000,0.837694806732,1.000000000000,100,100000
public,Brammaayya/redrob-hackathon,https://github.com/Brammaayya/redrob-hackathon,"mean7,reviewer",0,Shankaracharya.csv,independent,0.835000516249,0.732303562147,0.957852363135,1.000000000000,0.830869181239,1.000000000000,100,100000
public,Brammaayya/redrob-hackathon,https://github.com/Brammaayya/redrob-hackathon,"mean7,reviewer",0,Shankaracharya.csv,judge1,0.923218629244,0.917663701664,1.000000000000,1.000000000000,0.936908425121,0.620000000000,62,249
public,Brammaayya/redrob-hackathon,https://github.com/Brammaayya/redrob-hackathon,"mean7,reviewer",0,Shankaracharya.csv,judge2,1.000000000000,0.852557508393,1.000000000000,1.000000000000,0.955767252518,0.620000000000,62,249
public,Brammaayya/redrob-hackathon,https://github.com/Brammaayya/redrob-hackathon,"mean7,reviewer",0,Shankaracharya.csv,judge3,1.000000000000,0.875622780253,1.000000000000,1.000000000000,0.962686834076,0.620000000000,62,249
public,Brammaayya/redrob-hackathon,https://github.com/Brammaayya/redrob-hackathon,"mean7,reviewer",0,Shankaracharya.csv,expand,0.826349936779,0.676074092973,0.922046784585,1.000000000000,0.804304213969,0.380000000000,38,639
public,Brammaayya/redrob-hackathon,https://github.com/Brammaayya/redrob-hackathon,"mean7,reviewer",0,Shankaracharya.csv,silver20k,0.891586222567,0.709794291335,0.886249024766,1.000000000000,0.841668752399,0.220000000000,22,20000
public,Brammaayya/redrob-hackathon,https://github.com/Brammaayya/redrob-hackathon,"mean7,reviewer",0,Shankaracharya.csv,reviewer,1.000000000000,0.788970598101,0.586203400871,1.000000000000,0.874621689561,0.580000000000,58,180
public,Brammaayya/redrob-hackathon,https://github.com/Brammaayya/redrob-hackathon,"mean7,reviewer",0,Shankaracharya.csv,blind,0.918474811015,0.858465744954,0.872756410256,0.700000000000,0.882690590532,0.180000000000,18,50
public,Brammaayya/redrob-hackathon,https://github.com/Brammaayya/redrob-hackathon,"mean7,reviewer",0,Shankaracharya.csv,merged_j1,0.956055165088,0.876337769075,1.000000000000,1.000000000000,0.940928913267,0.780000000000,78,281
public,Brammaayya/redrob-hackathon,https://github.com/Brammaayya/redrob-hackathon,"mean7,reviewer",0,Shankaracharya.csv,merged_j2,1.000000000000,0.872588308621,1.000000000000,1.000000000000,0.961776492586,0.780000000000,78,281
public,Brammaayya/redrob-hackathon,https://github.com/Brammaayya/redrob-hackathon,"mean7,reviewer",0,Shankaracharya.csv,merged_j3,1.000000000000,0.895140897048,1.000000000000,1.000000000000,0.968542269114,0.780000000000,78,281
public,Brammaayya/redrob-hackathon,https://github.com/Brammaayya/redrob-hackathon,"mean7,reviewer",0,Shankaracharya.csv,relabel_j4,1.000000000000,0.847423113708,1.000000000000,1.000000000000,0.954226934113,0.750000000000,75,135
public,Brammaayya/redrob-hackathon,https://github.com/Brammaayya/redrob-hackathon,"mean7,reviewer",0,Shankaracharya.csv,relabel_g25,0.873170927205,0.843435707066,1.000000000000,1.000000000000,0.889616175722,0.750000000000,75,136
public,Brammaayya/redrob-hackathon,https://github.com/Brammaayya/redrob-hackathon,"mean7,reviewer",0,Shankaracharya.csv,blind_test_frozen,0.975062503090,0.940960342990,1.000000000000,1.000000000000,0.969819354442,0.870000000000,87,1000
public,candyflipgit/redrob-candidate-ranker,https://github.com/candyflipgit/redrob-candidate-ranker,"h2,mean7",11,submission.csv,h2,0.865332716488,0.908320161239,1.000000000000,1.000000000000,0.905162406616,1.000000000000,100,100000
public,candyflipgit/redrob-candidate-ranker,https://github.com/candyflipgit/redrob-candidate-ranker,"h2,mean7",11,submission.csv,independent,0.891278637947,0.828261429186,1.000000000000,1.000000000000,0.894117747729,1.000000000000,100,100000
public,candyflipgit/redrob-candidate-ranker,https://github.com/candyflipgit/redrob-candidate-ranker,"h2,mean7",11,submission.csv,judge1,0.740073959946,0.847198787691,1.000000000000,1.000000000000,0.824196616280,0.610000000000,61,249
public,candyflipgit/redrob-candidate-ranker,https://github.com/candyflipgit/redrob-candidate-ranker,"h2,mean7",11,submission.csv,judge2,1.000000000000,0.881631658521,1.000000000000,1.000000000000,0.964489497556,0.610000000000,61,249
public,candyflipgit/redrob-candidate-ranker,https://github.com/candyflipgit/redrob-candidate-ranker,"h2,mean7",11,submission.csv,judge3,0.886404249653,0.843833036336,1.000000000000,1.000000000000,0.896352035727,0.610000000000,61,249
public,candyflipgit/redrob-candidate-ranker,https://github.com/candyflipgit/redrob-candidate-ranker,"h2,mean7",11,submission.csv,expand,0.846314218419,0.770948498513,1.000000000000,1.000000000000,0.854441658763,0.390000000000,39,639
public,candyflipgit/redrob-candidate-ranker,https://github.com/candyflipgit/redrob-candidate-ranker,"h2,mean7",11,submission.csv,silver20k,0.865801352372,0.683765873830,0.799821605904,0.900000000000,0.803003679220,0.220000000000,22,20000
public,candyflipgit/redrob-candidate-ranker,https://github.com/candyflipgit/redrob-candidate-ranker,"h2,mean7",11,submission.csv,reviewer,0.823926586962,0.681932517065,0.482545104940,0.900000000000,0.733924814341,0.700000000000,70,180
public,candyflipgit/redrob-candidate-ranker,https://github.com/candyflipgit/redrob-candidate-ranker,"h2,mean7",11,submission.csv,blind,0.915289585958,0.912159687078,0.838048245614,0.700000000000,0.891999935944,0.250000000000,25,50
public,candyflipgit/redrob-candidate-ranker,https://github.com/candyflipgit/redrob-candidate-ranker,"h2,mean7",11,submission.csv,merged_j1,0.740073959946,0.786274704117,1.000000000000,1.000000000000,0.805919391208,0.770000000000,77,281
public,candyflipgit/redrob-candidate-ranker,https://github.com/candyflipgit/redrob-candidate-ranker,"h2,mean7",11,submission.csv,merged_j2,1.000000000000,0.899330001308,1.000000000000,1.000000000000,0.969799000392,0.770000000000,77,281
public,candyflipgit/redrob-candidate-ranker,https://github.com/candyflipgit/redrob-candidate-ranker,"h2,mean7",11,submission.csv,merged_j3,0.886404249653,0.860914196545,1.000000000000,1.000000000000,0.901476383790,0.770000000000,77,281
public,candyflipgit/redrob-candidate-ranker,https://github.com/candyflipgit/redrob-candidate-ranker,"h2,mean7",11,submission.csv,relabel_j4,1.000000000000,0.884270405081,1.000000000000,1.000000000000,0.965281121524,0.730000000000,73,135
public,candyflipgit/redrob-candidate-ranker,https://github.com/candyflipgit/redrob-candidate-ranker,"h2,mean7",11,submission.csv,relabel_g25,0.708352435813,0.688072017089,1.000000000000,1.000000000000,0.760597823033,0.730000000000,73,136
public,candyflipgit/redrob-candidate-ranker,https://github.com/candyflipgit/redrob-candidate-ranker,"h2,mean7",11,submission.csv,blind_test_frozen,0.952318878282,0.899567865069,1.000000000000,1.000000000000,0.946029798662,0.830000000000,83,1000
public,Charnjot333/Redrob-Ranker,https://github.com/Charnjot333/Redrob-Ranker,mean7,2,submission.csv,h2,0.759314487798,0.858141856674,1.000000000000,1.000000000000,0.837099800901,1.000000000000,100,100000
public,Charnjot333/Redrob-Ranker,https://github.com/Charnjot333/Redrob-Ranker,mean7,2,submission.csv,independent,0.674200698043,0.743880442932,1.000000000000,1.000000000000,0.760264481901,1.000000000000,100,100000
public,Charnjot333/Redrob-Ranker,https://github.com/Charnjot333/Redrob-Ranker,mean7,2,submission.csv,judge1,0.803106942370,0.913833786803,1.000000000000,1.000000000000,0.875703607226,0.600000000000,60,249
public,Charnjot333/Redrob-Ranker,https://github.com/Charnjot333/Redrob-Ranker,mean7,2,submission.csv,judge2,1.000000000000,0.896893524052,1.000000000000,1.000000000000,0.969068057216,0.600000000000,60,249
public,Charnjot333/Redrob-Ranker,https://github.com/Charnjot333/Redrob-Ranker,mean7,2,submission.csv,judge3,0.959536377301,0.882046438727,1.000000000000,1.000000000000,0.944382120269,0.600000000000,60,249
public,Charnjot333/Redrob-Ranker,https://github.com/Charnjot333/Redrob-Ranker,mean7,2,submission.csv,expand,0.883565447199,0.793373135647,1.000000000000,1.000000000000,0.879794664293,0.390000000000,39,639
public,Charnjot333/Redrob-Ranker,https://github.com/Charnjot333/Redrob-Ranker,mean7,2,submission.csv,silver20k,0.855679386664,0.701414087365,0.811660389655,0.900000000000,0.805012977990,0.230000000000,23,20000
public,Charnjot333/Redrob-Ranker,https://github.com/Charnjot333/Redrob-Ranker,mean7,2,submission.csv,reviewer,0.747214578093,0.715649111707,0.500834183691,0.600000000000,0.693427150112,0.640000000000,64,180
public,Charnjot333/Redrob-Ranker,https://github.com/Charnjot333/Redrob-Ranker,mean7,2,submission.csv,blind,0.904535287574,0.885669057688,0.838591269841,0.700000000000,0.878757051570,0.220000000000,22,50
public,Charnjot333/Redrob-Ranker,https://github.com/Charnjot333/Redrob-Ranker,mean7,2,submission.csv,merged_j1,0.779486712120,0.856957668969,1.000000000000,1.000000000000,0.846830656750,0.800000000000,80,281
public,Charnjot333/Redrob-Ranker,https://github.com/Charnjot333/Redrob-Ranker,mean7,2,submission.csv,merged_j2,1.000000000000,0.915984102962,1.000000000000,1.000000000000,0.974795230889,0.800000000000,80,281
public,Charnjot333/Redrob-Ranker,https://github.com/Charnjot333/Redrob-Ranker,mean7,2,submission.csv,merged_j3,0.962134749884,0.887993736102,1.000000000000,1.000000000000,0.947465495773,0.800000000000,80,281
public,Charnjot333/Redrob-Ranker,https://github.com/Charnjot333/Redrob-Ranker,mean7,2,submission.csv,relabel_j4,1.000000000000,0.901825677960,1.000000000000,1.000000000000,0.970547703388,0.730000000000,73,135
public,Charnjot333/Redrob-Ranker,https://github.com/Charnjot333/Redrob-Ranker,mean7,2,submission.csv,relabel_g25,0.962134749884,0.809034626196,1.000000000000,1.000000000000,0.923777762801,0.740000000000,74,136
public,Charnjot333/Redrob-Ranker,https://github.com/Charnjot333/Redrob-Ranker,mean7,2,submission.csv,blind_test_frozen,0.891961237571,0.905313081438,1.000000000000,1.000000000000,0.917574543217,0.850000000000,85,1000
public,Chiranjeevibathula/redrob-ai-candidate-ranking,https://github.com/Chiranjeevibathula/redrob-ai-candidate-ranking,blind,4,top_100_ranked_candidates.csv,h2,0.774080459181,0.779239840489,0.989061820962,1.000000000000,0.819171454881,1.000000000000,100,100000
public,Chiranjeevibathula/redrob-ai-candidate-ranking,https://github.com/Chiranjeevibathula/redrob-ai-candidate-ranking,blind,4,top_100_ranked_candidates.csv,independent,0.780436742472,0.702326696617,0.989061820962,1.000000000000,0.799275653366,1.000000000000,100,100000
public,Chiranjeevibathula/redrob-ai-candidate-ranking,https://github.com/Chiranjeevibathula/redrob-ai-candidate-ranking,blind,4,top_100_ranked_candidates.csv,judge1,0.775238840994,0.803030572520,1.000000000000,1.000000000000,0.828528592253,0.560000000000,56,249
public,Chiranjeevibathula/redrob-ai-candidate-ranking,https://github.com/Chiranjeevibathula/redrob-ai-candidate-ranking,blind,4,top_100_ranked_candidates.csv,judge2,0.967163464155,0.799930186048,1.000000000000,1.000000000000,0.923560787892,0.560000000000,56,249
public,Chiranjeevibathula/redrob-ai-candidate-ranking,https://github.com/Chiranjeevibathula/redrob-ai-candidate-ranking,blind,4,top_100_ranked_candidates.csv,judge3,0.967163464155,0.794519659531,0.974340890036,1.000000000000,0.918088763443,0.560000000000,56,249
public,Chiranjeevibathula/redrob-ai-candidate-ranking,https://github.com/Chiranjeevibathula/redrob-ai-candidate-ranking,blind,4,top_100_ranked_candidates.csv,expand,0.666548124989,0.594515274800,0.933294242869,1.000000000000,0.701622781365,0.370000000000,37,639
public,Chiranjeevibathula/redrob-ai-candidate-ranking,https://github.com/Chiranjeevibathula/redrob-ai-candidate-ranking,blind,4,top_100_ranked_candidates.csv,silver20k,0.681456268553,0.507814247303,0.590687013604,0.900000000000,0.626675460508,0.180000000000,18,20000
public,Chiranjeevibathula/redrob-ai-candidate-ranking,https://github.com/Chiranjeevibathula/redrob-ai-candidate-ranking,blind,4,top_100_ranked_candidates.csv,reviewer,0.924169308504,0.845113625660,0.677080073339,0.900000000000,0.862180752951,0.540000000000,54,180
public,Chiranjeevibathula/redrob-ai-candidate-ranking,https://github.com/Chiranjeevibathula/redrob-ai-candidate-ranking,blind,4,top_100_ranked_candidates.csv,blind,0.972174912180,0.926433849384,0.895684523810,0.800000000000,0.938370289476,0.230000000000,23,50
public,Chiranjeevibathula/redrob-ai-candidate-ranking,https://github.com/Chiranjeevibathula/redrob-ai-candidate-ranking,blind,4,top_100_ranked_candidates.csv,merged_j1,0.811744898719,0.753699908983,1.000000000000,1.000000000000,0.831982422054,0.720000000000,72,281
public,Chiranjeevibathula/redrob-ai-candidate-ranking,https://github.com/Chiranjeevibathula/redrob-ai-candidate-ranking,blind,4,top_100_ranked_candidates.csv,merged_j2,1.000000000000,0.825605171503,1.000000000000,1.000000000000,0.947681551451,0.720000000000,72,281
public,Chiranjeevibathula/redrob-ai-candidate-ranking,https://github.com/Chiranjeevibathula/redrob-ai-candidate-ranking,blind,4,top_100_ranked_candidates.csv,merged_j3,1.000000000000,0.813000791041,0.979640805028,1.000000000000,0.940846358067,0.720000000000,72,281
public,Chiranjeevibathula/redrob-ai-candidate-ranking,https://github.com/Chiranjeevibathula/redrob-ai-candidate-ranking,blind,4,top_100_ranked_candidates.csv,relabel_j4,1.000000000000,0.804006518789,1.000000000000,1.000000000000,0.941201955637,0.700000000000,70,135
public,Chiranjeevibathula/redrob-ai-candidate-ranking,https://github.com/Chiranjeevibathula/redrob-ai-candidate-ranking,blind,4,top_100_ranked_candidates.csv,relabel_g25,0.738727434669,0.727099861180,1.000000000000,1.000000000000,0.787493675688,0.700000000000,70,136
public,Chiranjeevibathula/redrob-ai-candidate-ranking,https://github.com/Chiranjeevibathula/redrob-ai-candidate-ranking,blind,4,top_100_ranked_candidates.csv,blind_test_frozen,0.928898142122,0.881457258041,1.000000000000,1.000000000000,0.928886248473,0.810000000000,81,1000
public,dakshDogra07/redrob-ranker,https://github.com/dakshDogra07/redrob-ranker,reviewer,10,output/submission.csv,h2,0.723683932465,0.692827113907,0.880990834370,1.000000000000,0.751838725560,1.000000000000,100,100000
public,dakshDogra07/redrob-ranker,https://github.com/dakshDogra07/redrob-ranker,reviewer,10,output/submission.csv,independent,0.680663584519,0.601328722693,0.854022068318,1.000000000000,0.698833719315,1.000000000000,100,100000
public,dakshDogra07/redrob-ranker,https://github.com/dakshDogra07/redrob-ranker,reviewer,10,output/submission.csv,judge1,0.705592334350,0.756743567920,1.000000000000,1.000000000000,0.779819237551,0.430000000000,43,249
public,dakshDogra07/redrob-ranker,https://github.com/dakshDogra07/redrob-ranker,reviewer,10,output/submission.csv,judge2,0.863380961672,0.751707821322,1.000000000000,1.000000000000,0.857202827233,0.430000000000,43,249
public,dakshDogra07/redrob-ranker,https://github.com/dakshDogra07/redrob-ranker,reviewer,10,output/submission.csv,judge3,0.860382028130,0.742856689411,1.000000000000,1.000000000000,0.853048020888,0.430000000000,43,249
public,dakshDogra07/redrob-ranker,https://github.com/dakshDogra07/redrob-ranker,reviewer,10,output/submission.csv,expand,0.539910526348,0.523606425045,0.750459687638,0.900000000000,0.584606143833,0.320000000000,32,639
public,dakshDogra07/redrob-ranker,https://github.com/dakshDogra07/redrob-ranker,reviewer,10,output/submission.csv,silver20k,0.575871569943,0.514621221857,0.363902489370,0.500000000000,0.521907524934,0.220000000000,22,20000
public,dakshDogra07/redrob-ranker,https://github.com/dakshDogra07/redrob-ranker,reviewer,10,output/submission.csv,reviewer,1.000000000000,0.756470851210,0.680298591603,1.000000000000,0.878986044103,0.410000000000,41,180
public,dakshDogra07/redrob-ranker,https://github.com/dakshDogra07/redrob-ranker,reviewer,10,output/submission.csv,blind,0.923227515951,0.780819775592,0.875000000000,0.700000000000,0.862109690653,0.120000000000,12,50
public,dakshDogra07/redrob-ranker,https://github.com/dakshDogra07/redrob-ranker,reviewer,10,output/submission.csv,merged_j1,0.672755798506,0.779860051459,1.000000000000,1.000000000000,0.770335914691,0.540000000000,54,281
public,dakshDogra07/redrob-ranker,https://github.com/dakshDogra07/redrob-ranker,reviewer,10,output/submission.csv,merged_j2,0.860382028130,0.825493640437,1.000000000000,1.000000000000,0.877839106196,0.540000000000,54,281
public,dakshDogra07/redrob-ranker,https://github.com/dakshDogra07/redrob-ranker,reviewer,10,output/submission.csv,merged_j3,0.826186299895,0.812811691081,1.000000000000,1.000000000000,0.856936657272,0.540000000000,54,281
public,dakshDogra07/redrob-ranker,https://github.com/dakshDogra07/redrob-ranker,reviewer,10,output/submission.csv,relabel_j4,0.860382028130,0.792248261241,1.000000000000,1.000000000000,0.867865492437,0.500000000000,50,135
public,dakshDogra07/redrob-ranker,https://github.com/dakshDogra07/redrob-ranker,reviewer,10,output/submission.csv,relabel_g25,0.853187431622,0.836654497626,1.000000000000,1.000000000000,0.877590065099,0.500000000000,50,136
public,dakshDogra07/redrob-ranker,https://github.com/dakshDogra07/redrob-ranker,reviewer,10,output/submission.csv,blind_test_frozen,0.800870345393,0.825643838941,0.978025898916,1.000000000000,0.844832209216,0.620000000000,62,1000
public,devanshuk3/Redrob-Codebase,https://github.com/devanshuk3/Redrob-Codebase,"h2,mean7",12,outputs/baseline_backup/submission.csv,h2,0.861617332781,0.871148269004,1.000000000000,1.000000000000,0.892153147092,1.000000000000,100,100000
public,devanshuk3/Redrob-Codebase,https://github.com/devanshuk3/Redrob-Codebase,"h2,mean7",12,outputs/baseline_backup/submission.csv,independent,0.895747820361,0.756683079552,1.000000000000,1.000000000000,0.874878834046,1.000000000000,100,100000
public,devanshuk3/Redrob-Codebase,https://github.com/devanshuk3/Redrob-Codebase,"h2,mean7",12,outputs/baseline_backup/submission.csv,judge1,0.820833174449,0.876471565567,1.000000000000,1.000000000000,0.873358056894,0.510000000000,51,249
public,devanshuk3/Redrob-Codebase,https://github.com/devanshuk3/Redrob-Codebase,"h2,mean7",12,outputs/baseline_backup/submission.csv,judge2,1.000000000000,0.845721027401,1.000000000000,1.000000000000,0.953716308220,0.510000000000,51,249
public,devanshuk3/Redrob-Codebase,https://github.com/devanshuk3/Redrob-Codebase,"h2,mean7",12,outputs/baseline_backup/submission.csv,judge3,0.959536377301,0.825897007286,0.975190781519,1.000000000000,0.923815908064,0.510000000000,51,249
public,devanshuk3/Redrob-Codebase,https://github.com/devanshuk3/Redrob-Codebase,"h2,mean7",12,outputs/baseline_backup/submission.csv,expand,0.779244199802,0.628668846195,0.896059376229,1.000000000000,0.762631660194,0.330000000000,33,639
public,devanshuk3/Redrob-Codebase,https://github.com/devanshuk3/Redrob-Codebase,"h2,mean7",12,outputs/baseline_backup/submission.csv,silver20k,0.917631165384,0.675176459707,0.815296193323,1.000000000000,0.833662949602,0.230000000000,23,20000
public,devanshuk3/Redrob-Codebase,https://github.com/devanshuk3/Redrob-Codebase,"h2,mean7",12,outputs/baseline_backup/submission.csv,reviewer,0.890412231761,0.718845159335,0.492053352585,0.800000000000,0.774667666569,0.580000000000,58,180
public,devanshuk3/Redrob-Codebase,https://github.com/devanshuk3/Redrob-Codebase,"h2,mean7",12,outputs/baseline_backup/submission.csv,blind,0.896007895997,0.913864279845,0.841964285714,0.700000000000,0.883457874809,0.240000000000,24,50
public,devanshuk3/Redrob-Codebase,https://github.com/devanshuk3/Redrob-Codebase,"h2,mean7",12,outputs/baseline_backup/submission.csv,merged_j1,0.857627275266,0.823834606546,1.000000000000,1.000000000000,0.875964019597,0.710000000000,71,281
public,devanshuk3/Redrob-Codebase,https://github.com/devanshuk3/Redrob-Codebase,"h2,mean7",12,outputs/baseline_backup/submission.csv,merged_j2,0.967163464155,0.871719949235,1.000000000000,1.000000000000,0.945097716848,0.710000000000,71,281
public,devanshuk3/Redrob-Codebase,https://github.com/devanshuk3/Redrob-Codebase,"h2,mean7",12,outputs/baseline_backup/submission.csv,merged_j3,0.929298214040,0.822614138591,0.982091677874,1.000000000000,0.908747100278,0.710000000000,71,281
public,devanshuk3/Redrob-Codebase,https://github.com/devanshuk3/Redrob-Codebase,"h2,mean7",12,outputs/baseline_backup/submission.csv,relabel_j4,0.931327994769,0.830853658601,1.000000000000,1.000000000000,0.914920094965,0.670000000000,67,135
public,devanshuk3/Redrob-Codebase,https://github.com/devanshuk3/Redrob-Codebase,"h2,mean7",12,outputs/baseline_backup/submission.csv,relabel_g25,0.656818447733,0.717233452183,1.000000000000,1.000000000000,0.743579259521,0.680000000000,68,136
public,devanshuk3/Redrob-Codebase,https://github.com/devanshuk3/Redrob-Codebase,"h2,mean7",12,outputs/baseline_backup/submission.csv,blind_test_frozen,0.937135761124,0.927551839070,1.000000000000,1.000000000000,0.946833432283,0.840000000000,84,1000
public,dhakksinesh/redrob-candidate-ranker,https://github.com/dhakksinesh/redrob-candidate-ranker,h2,4,submission.csv,h2,0.837215425876,0.875461329886,0.984416356968,1.000000000000,0.878908565449,1.000000000000,100,100000
public,dhakksinesh/redrob-candidate-ranker,https://github.com/dhakksinesh/redrob-candidate-ranker,h2,4,submission.csv,independent,0.798924946493,0.786588019130,0.973801927346,1.000000000000,0.831509168087,1.000000000000,100,100000
public,dhakksinesh/redrob-candidate-ranker,https://github.com/dhakksinesh/redrob-candidate-ranker,h2,4,submission.csv,judge1,0.745671266071,0.896014491379,1.000000000000,1.000000000000,0.841639980449,0.600000000000,60,249
public,dhakksinesh/redrob-candidate-ranker,https://github.com/dhakksinesh/redrob-candidate-ranker,h2,4,submission.csv,judge2,0.965804271765,0.897785438672,1.000000000000,1.000000000000,0.952237767484,0.600000000000,60,249
public,dhakksinesh/redrob-candidate-ranker,https://github.com/dhakksinesh/redrob-candidate-ranker,h2,4,submission.csv,judge3,0.931327994769,0.882680982458,0.979301557146,1.000000000000,0.927363525694,0.600000000000,60,249
public,dhakksinesh/redrob-candidate-ranker,https://github.com/dhakksinesh/redrob-candidate-ranker,h2,4,submission.csv,expand,0.727083576104,0.695434724256,1.000000000000,1.000000000000,0.772172205329,0.330000000000,33,639
public,dhakksinesh/redrob-candidate-ranker,https://github.com/dhakksinesh/redrob-candidate-ranker,h2,4,submission.csv,silver20k,0.838028444544,0.638713239039,0.741269841270,1.000000000000,0.771818670174,0.210000000000,21,20000
public,dhakksinesh/redrob-candidate-ranker,https://github.com/dhakksinesh/redrob-candidate-ranker,h2,4,submission.csv,reviewer,0.896099990677,0.785340462636,0.562664546507,0.800000000000,0.808051816106,0.660000000000,66,180
public,dhakksinesh/redrob-candidate-ranker,https://github.com/dhakksinesh/redrob-candidate-ranker,h2,4,submission.csv,blind,0.862002596865,0.923116593521,0.867778055278,0.600000000000,0.868102984781,0.240000000000,24,50
public,dhakksinesh/redrob-candidate-ranker,https://github.com/dhakksinesh/redrob-candidate-ranker,h2,4,submission.csv,merged_j1,0.783536516187,0.814582048884,1.000000000000,1.000000000000,0.836142872759,0.770000000000,77,281
public,dhakksinesh/redrob-candidate-ranker,https://github.com/dhakksinesh/redrob-candidate-ranker,h2,4,submission.csv,merged_j2,0.967163464155,0.907968659072,1.000000000000,1.000000000000,0.955972329799,0.770000000000,77,281
public,dhakksinesh/redrob-candidate-ranker,https://github.com/dhakksinesh/redrob-candidate-ranker,h2,4,submission.csv,merged_j3,0.965804271765,0.873577069371,0.983580561143,1.000000000000,0.942512340866,0.770000000000,77,281
public,dhakksinesh/redrob-candidate-ranker,https://github.com/dhakksinesh/redrob-candidate-ranker,h2,4,submission.csv,relabel_j4,0.956055165088,0.844038687170,1.000000000000,1.000000000000,0.931239188695,0.720000000000,72,135
public,dhakksinesh/redrob-candidate-ranker,https://github.com/dhakksinesh/redrob-candidate-ranker,h2,4,submission.csv,relabel_g25,0.737561900546,0.767043454249,1.000000000000,1.000000000000,0.798893986548,0.730000000000,73,136
public,dhakksinesh/redrob-candidate-ranker,https://github.com/dhakksinesh/redrob-candidate-ranker,h2,4,submission.csv,blind_test_frozen,0.912511473246,0.888539433507,1.000000000000,1.000000000000,0.922817566675,0.830000000000,83,1000
public,dharanh72-cloud/redrob-ranker,https://github.com/dharanh72-cloud/redrob-ranker,reviewer,12,submission.csv,h2,0.751678045226,0.739521831850,0.953053954158,1.000000000000,0.790653665292,1.000000000000,100,100000
public,dharanh72-cloud/redrob-ranker,https://github.com/dharanh72-cloud/redrob-ranker,reviewer,12,submission.csv,independent,0.752337554240,0.705771401971,0.953053954158,1.000000000000,0.780858290835,1.000000000000,100,100000
public,dharanh72-cloud/redrob-ranker,https://github.com/dharanh72-cloud/redrob-ranker,reviewer,12,submission.csv,judge1,0.825957131371,0.845088215979,0.979827931998,1.000000000000,0.863479220279,0.570000000000,57,249
public,dharanh72-cloud/redrob-ranker,https://github.com/dharanh72-cloud/redrob-ranker,reviewer,12,submission.csv,judge2,1.000000000000,0.840797911469,1.000000000000,1.000000000000,0.952239373441,0.570000000000,57,249
public,dharanh72-cloud/redrob-ranker,https://github.com/dharanh72-cloud/redrob-ranker,reviewer,12,submission.csv,judge3,1.000000000000,0.808715204895,0.941774378866,1.000000000000,0.933880718298,0.570000000000,57,249
public,dharanh72-cloud/redrob-ranker,https://github.com/dharanh72-cloud/redrob-ranker,reviewer,12,submission.csv,expand,0.618312989408,0.531779660280,0.779800732064,1.000000000000,0.635660502598,0.320000000000,32,639
public,dharanh72-cloud/redrob-ranker,https://github.com/dharanh72-cloud/redrob-ranker,reviewer,12,submission.csv,silver20k,0.639996291051,0.554116038899,0.462258085052,0.700000000000,0.590571669953,0.220000000000,22,20000
public,dharanh72-cloud/redrob-ranker,https://github.com/dharanh72-cloud/redrob-ranker,reviewer,12,submission.csv,reviewer,1.000000000000,0.817134282007,0.676287582788,1.000000000000,0.896583422020,0.450000000000,45,180
public,dharanh72-cloud/redrob-ranker,https://github.com/dharanh72-cloud/redrob-ranker,reviewer,12,submission.csv,blind,0.938014754908,0.823996301670,0.875000000000,0.700000000000,0.882456267955,0.150000000000,15,50
public,dharanh72-cloud/redrob-ranker,https://github.com/dharanh72-cloud/redrob-ranker,reviewer,12,submission.csv,merged_j1,0.825957131371,0.777874555230,0.982938838602,1.000000000000,0.843781758045,0.670000000000,67,281
public,dharanh72-cloud/redrob-ranker,https://github.com/dharanh72-cloud/redrob-ranker,reviewer,12,submission.csv,merged_j2,1.000000000000,0.844461163005,1.000000000000,1.000000000000,0.953338348902,0.670000000000,67,281
public,dharanh72-cloud/redrob-ranker,https://github.com/dharanh72-cloud/redrob-ranker,reviewer,12,submission.csv,merged_j3,1.000000000000,0.801326817668,0.948124532551,1.000000000000,0.932616725183,0.670000000000,67,281
public,dharanh72-cloud/redrob-ranker,https://github.com/dharanh72-cloud/redrob-ranker,reviewer,12,submission.csv,relabel_j4,1.000000000000,0.811952064224,1.000000000000,1.000000000000,0.943585619267,0.640000000000,64,135
public,dharanh72-cloud/redrob-ranker,https://github.com/dharanh72-cloud/redrob-ranker,reviewer,12,submission.csv,relabel_g25,0.916549467999,0.831948046419,0.982341443626,1.000000000000,0.905210364469,0.650000000000,65,136
public,dharanh72-cloud/redrob-ranker,https://github.com/dharanh72-cloud/redrob-ranker,reviewer,12,submission.csv,blind_test_frozen,0.958120313364,0.825511799699,1.000000000000,1.000000000000,0.926713696592,0.790000000000,79,1000
public,Disha-Ambhore/india-runs-intelligent-candidate-ranking,https://github.com/Disha-Ambhore/india-runs-intelligent-candidate-ranking,h2,1,submission.csv,h2,0.860326333043,0.883315998598,0.988499881298,1.000000000000,0.893432948295,1.000000000000,100,100000
public,Disha-Ambhore/india-runs-intelligent-candidate-ranking,https://github.com/Disha-Ambhore/india-runs-intelligent-candidate-ranking,h2,1,submission.csv,independent,0.888754421909,0.808547269855,0.988499881298,1.000000000000,0.885216374106,1.000000000000,100,100000
public,Disha-Ambhore/india-runs-intelligent-candidate-ranking,https://github.com/Disha-Ambhore/india-runs-intelligent-candidate-ranking,h2,1,submission.csv,judge1,0.844889756429,0.889408032398,1.000000000000,1.000000000000,0.889267287934,0.550000000000,55,249
public,Disha-Ambhore/india-runs-intelligent-candidate-ranking,https://github.com/Disha-Ambhore/india-runs-intelligent-candidate-ranking,h2,1,submission.csv,judge2,0.929298214040,0.814852174246,1.000000000000,1.000000000000,0.909104759293,0.550000000000,55,249
public,Disha-Ambhore/india-runs-intelligent-candidate-ranking,https://github.com/Disha-Ambhore/india-runs-intelligent-candidate-ranking,h2,1,submission.csv,judge3,0.923218629244,0.812132707243,1.000000000000,1.000000000000,0.905249126795,0.550000000000,55,249
public,Disha-Ambhore/india-runs-intelligent-candidate-ranking,https://github.com/Disha-Ambhore/india-runs-intelligent-candidate-ranking,h2,1,submission.csv,expand,0.699680165067,0.616624102225,0.888553961218,0.900000000000,0.713110407384,0.300000000000,30,639
public,Disha-Ambhore/india-runs-intelligent-candidate-ranking,https://github.com/Disha-Ambhore/india-runs-intelligent-candidate-ranking,h2,1,submission.csv,silver20k,0.894741316399,0.616920898929,0.665153078775,1.000000000000,0.782219889694,0.210000000000,21,20000
public,Disha-Ambhore/india-runs-intelligent-candidate-ranking,https://github.com/Disha-Ambhore/india-runs-intelligent-candidate-ranking,h2,1,submission.csv,reviewer,0.876340528337,0.729492363713,0.494094126832,0.800000000000,0.771132092307,0.570000000000,57,180
public,Disha-Ambhore/india-runs-intelligent-candidate-ranking,https://github.com/Disha-Ambhore/india-runs-intelligent-candidate-ranking,h2,1,submission.csv,blind,0.835093543797,0.888983713662,0.812500000000,0.600000000000,0.836116885997,0.230000000000,23,50
public,Disha-Ambhore/india-runs-intelligent-candidate-ranking,https://github.com/Disha-Ambhore/india-runs-intelligent-candidate-ranking,h2,1,submission.csv,merged_j1,0.882354445586,0.823862515042,1.000000000000,1.000000000000,0.888335977305,0.700000000000,70,281
public,Disha-Ambhore/india-runs-intelligent-candidate-ranking,https://github.com/Disha-Ambhore/india-runs-intelligent-candidate-ranking,h2,1,submission.csv,merged_j2,0.964164530613,0.827032338822,1.000000000000,1.000000000000,0.930191966953,0.700000000000,70,281
public,Disha-Ambhore/india-runs-intelligent-candidate-ranking,https://github.com/Disha-Ambhore/india-runs-intelligent-candidate-ranking,h2,1,submission.csv,merged_j3,0.956055165088,0.838304776385,1.000000000000,1.000000000000,0.929519015460,0.700000000000,70,281
public,Disha-Ambhore/india-runs-intelligent-candidate-ranking,https://github.com/Disha-Ambhore/india-runs-intelligent-candidate-ranking,h2,1,submission.csv,relabel_j4,1.000000000000,0.806459503444,1.000000000000,1.000000000000,0.941937851033,0.640000000000,64,135
public,Disha-Ambhore/india-runs-intelligent-candidate-ranking,https://github.com/Disha-Ambhore/india-runs-intelligent-candidate-ranking,h2,1,submission.csv,relabel_g25,0.836089567505,0.759407334865,1.000000000000,1.000000000000,0.845866984212,0.650000000000,65,136
public,Disha-Ambhore/india-runs-intelligent-candidate-ranking,https://github.com/Disha-Ambhore/india-runs-intelligent-candidate-ranking,h2,1,submission.csv,blind_test_frozen,0.939350021490,0.899024936827,1.000000000000,1.000000000000,0.939382491793,0.830000000000,83,1000
public,divyamamidala2406/redrob-ranker,https://github.com/divyamamidala2406/redrob-ranker,blind,4,submission.csv,h2,0.756165135804,0.812358196708,0.945931804910,1.000000000000,0.813679797651,1.000000000000,100,100000
public,divyamamidala2406/redrob-ranker,https://github.com/divyamamidala2406/redrob-ranker,blind,4,submission.csv,independent,0.770712125309,0.714581698352,0.945931804910,1.000000000000,0.791620342896,1.000000000000,100,100000
public,divyamamidala2406/redrob-ranker,https://github.com/divyamamidala2406/redrob-ranker,blind,4,submission.csv,judge1,0.841890822887,0.885024131885,0.981895696650,1.000000000000,0.883737005507,0.600000000000,60,249
public,divyamamidala2406/redrob-ranker,https://github.com/divyamamidala2406/redrob-ranker,blind,4,submission.csv,judge2,1.000000000000,0.882048581821,1.000000000000,1.000000000000,0.964614574546,0.600000000000,60,249
public,divyamamidala2406/redrob-ranker,https://github.com/divyamamidala2406/redrob-ranker,blind,4,submission.csv,judge3,0.964164530613,0.837753039924,0.981895696650,1.000000000000,0.930692531781,0.600000000000,60,249
public,divyamamidala2406/redrob-ranker,https://github.com/divyamamidala2406/redrob-ranker,blind,4,submission.csv,expand,0.604981604599,0.642255236879,0.963329458873,1.000000000000,0.689666792194,0.360000000000,36,639
public,divyamamidala2406/redrob-ranker,https://github.com/divyamamidala2406/redrob-ranker,blind,4,submission.csv,silver20k,0.928187888864,0.701152189452,1.000000000000,1.000000000000,0.874439601268,0.180000000000,18,20000
public,divyamamidala2406/redrob-ranker,https://github.com/divyamamidala2406/redrob-ranker,blind,4,submission.csv,reviewer,0.949103369441,0.797125873260,0.633156002075,0.900000000000,0.853662847010,0.630000000000,63,180
public,divyamamidala2406/redrob-ranker,https://github.com/divyamamidala2406/redrob-ranker,blind,4,submission.csv,blind,0.994812691621,0.935984459559,0.975000000000,0.800000000000,0.964451683678,0.230000000000,23,50
public,divyamamidala2406/redrob-ranker,https://github.com/divyamamidala2406/redrob-ranker,blind,4,submission.csv,merged_j1,0.852999121954,0.837407553715,0.986519531877,1.000000000000,0.875699756873,0.790000000000,79,281
public,divyamamidala2406/redrob-ranker,https://github.com/divyamamidala2406/redrob-ranker,blind,4,submission.csv,merged_j2,1.000000000000,0.887660880508,1.000000000000,1.000000000000,0.966298264153,0.790000000000,79,281
public,divyamamidala2406/redrob-ranker,https://github.com/divyamamidala2406/redrob-ranker,blind,4,submission.csv,merged_j3,0.967163464155,0.842169661672,0.986519531877,1.000000000000,0.934210560361,0.790000000000,79,281
public,divyamamidala2406/redrob-ranker,https://github.com/divyamamidala2406/redrob-ranker,blind,4,submission.csv,relabel_j4,1.000000000000,0.819864108465,1.000000000000,1.000000000000,0.945959232539,0.770000000000,77,135
public,divyamamidala2406/redrob-ranker,https://github.com/divyamamidala2406/redrob-ranker,blind,4,submission.csv,relabel_g25,0.860782589089,0.783850465375,1.000000000000,1.000000000000,0.865546434157,0.780000000000,78,136
public,divyamamidala2406/redrob-ranker,https://github.com/divyamamidala2406/redrob-ranker,blind,4,submission.csv,blind_test_frozen,0.953766984497,0.930205341395,1.000000000000,1.000000000000,0.955945094667,0.890000000000,89,1000
public,Drishti84/-redrob_ranker,https://github.com/Drishti84/-redrob_ranker,blind,4,submission.csv,h2,0.709038860515,0.738003753972,1.000000000000,1.000000000000,0.775920556449,1.000000000000,100,100000
public,Drishti84/-redrob_ranker,https://github.com/Drishti84/-redrob_ranker,blind,4,submission.csv,independent,0.732873760771,0.714874533231,1.000000000000,1.000000000000,0.780899240355,1.000000000000,100,100000
public,Drishti84/-redrob_ranker,https://github.com/Drishti84/-redrob_ranker,blind,4,submission.csv,judge1,0.550903231821,0.766636185226,0.982173993364,1.000000000000,0.702768570483,0.590000000000,59,249
public,Drishti84/-redrob_ranker,https://github.com/Drishti84/-redrob_ranker,blind,4,submission.csv,judge2,0.962134749884,0.806781351732,1.000000000000,1.000000000000,0.923101780462,0.590000000000,59,249
public,Drishti84/-redrob_ranker,https://github.com/Drishti84/-redrob_ranker,blind,4,submission.csv,judge3,0.918189914972,0.805066713848,1.000000000000,1.000000000000,0.900614971641,0.590000000000,59,249
public,Drishti84/-redrob_ranker,https://github.com/Drishti84/-redrob_ranker,blind,4,submission.csv,expand,0.549186721668,0.601443044454,0.959571351754,1.000000000000,0.648961976933,0.410000000000,41,639
public,Drishti84/-redrob_ranker,https://github.com/Drishti84/-redrob_ranker,blind,4,submission.csv,silver20k,0.727540640126,0.534396657110,0.792141018704,0.800000000000,0.682910470002,0.160000000000,16,20000
public,Drishti84/-redrob_ranker,https://github.com/Drishti84/-redrob_ranker,blind,4,submission.csv,reviewer,0.931885505887,0.796410262758,0.612685786960,0.900000000000,0.841768699815,0.600000000000,60,180
public,Drishti84/-redrob_ranker,https://github.com/Drishti84/-redrob_ranker,blind,4,submission.csv,blind,0.929316498908,0.927975587443,0.887500000000,0.700000000000,0.911175925687,0.230000000000,23,50
public,Drishti84/-redrob_ranker,https://github.com/Drishti84/-redrob_ranker,blind,4,submission.csv,merged_j1,0.550903231821,0.707183353081,0.985118642414,1.000000000000,0.685374418197,0.720000000000,72,281
public,Drishti84/-redrob_ranker,https://github.com/Drishti84/-redrob_ranker,blind,4,submission.csv,merged_j2,0.962134749884,0.814909457491,1.000000000000,1.000000000000,0.925540212189,0.720000000000,72,281
public,Drishti84/-redrob_ranker,https://github.com/Drishti84/-redrob_ranker,blind,4,submission.csv,merged_j3,0.918189914972,0.801267204151,1.000000000000,1.000000000000,0.899475118732,0.720000000000,72,281
public,Drishti84/-redrob_ranker,https://github.com/Drishti84/-redrob_ranker,blind,4,submission.csv,relabel_j4,0.888834591341,0.736302269386,1.000000000000,1.000000000000,0.865307976486,0.690000000000,69,135
public,Drishti84/-redrob_ranker,https://github.com/Drishti84/-redrob_ranker,blind,4,submission.csv,relabel_g25,0.846569498611,0.697338847798,1.000000000000,1.000000000000,0.832486403645,0.690000000000,69,136
public,Drishti84/-redrob_ranker,https://github.com/Drishti84/-redrob_ranker,blind,4,submission.csv,blind_test_frozen,0.857054952520,0.847524884978,1.000000000000,1.000000000000,0.882784941753,0.810000000000,81,1000
public,DSJamwal2004/redrob-ranker,https://github.com/DSJamwal2004/redrob-ranker,engineering,14,final_submission/submission.csv,h2,0.653279362295,0.739940961988,1.000000000000,1.000000000000,0.748621969744,1.000000000000,100,100000
public,DSJamwal2004/redrob-ranker,https://github.com/DSJamwal2004/redrob-ranker,engineering,14,final_submission/submission.csv,independent,0.641362041342,0.675532783657,1.000000000000,1.000000000000,0.723340855768,1.000000000000,100,100000
public,DSJamwal2004/redrob-ranker,https://github.com/DSJamwal2004/redrob-ranker,engineering,14,final_submission/submission.csv,judge1,0.651163663236,0.798781812533,1.000000000000,1.000000000000,0.765216375378,0.560000000000,56,249
public,DSJamwal2004/redrob-ranker,https://github.com/DSJamwal2004/redrob-ranker,engineering,14,final_submission/submission.csv,judge2,1.000000000000,0.847801398637,1.000000000000,1.000000000000,0.954340419591,0.560000000000,56,249
public,DSJamwal2004/redrob-ranker,https://github.com/DSJamwal2004/redrob-ranker,engineering,14,final_submission/submission.csv,judge3,0.853567713808,0.785893264957,1.000000000000,1.000000000000,0.862551836391,0.560000000000,56,249
public,DSJamwal2004/redrob-ranker,https://github.com/DSJamwal2004/redrob-ranker,engineering,14,final_submission/submission.csv,expand,0.594566888360,0.637306408548,0.970991673788,1.000000000000,0.684124117813,0.400000000000,40,639
public,DSJamwal2004/redrob-ranker,https://github.com/DSJamwal2004/redrob-ranker,engineering,14,final_submission/submission.csv,silver20k,0.667878289545,0.548312684710,0.605606281169,0.800000000000,0.629273892361,0.220000000000,22,20000
public,DSJamwal2004/redrob-ranker,https://github.com/DSJamwal2004/redrob-ranker,engineering,14,final_submission/submission.csv,reviewer,0.941308862321,0.750715764842,0.515968669091,0.900000000000,0.818264460977,0.550000000000,55,180
public,DSJamwal2004/redrob-ranker,https://github.com/DSJamwal2004/redrob-ranker,engineering,14,final_submission/submission.csv,blind,0.777053849769,0.810489927828,0.652997076023,0.500000000000,0.754623464636,0.210000000000,21,50
public,DSJamwal2004/redrob-ranker,https://github.com/DSJamwal2004/redrob-ranker,engineering,14,final_submission/submission.csv,merged_j1,0.645566357111,0.692772402248,1.000000000000,1.000000000000,0.730614899230,0.710000000000,71,281
public,DSJamwal2004/redrob-ranker,https://github.com/DSJamwal2004/redrob-ranker,engineering,14,final_submission/submission.csv,merged_j2,0.959536377301,0.819895840021,1.000000000000,1.000000000000,0.925736940657,0.710000000000,71,281
public,DSJamwal2004/redrob-ranker,https://github.com/DSJamwal2004/redrob-ranker,engineering,14,final_submission/submission.csv,merged_j3,0.845940626954,0.743262072722,1.000000000000,1.000000000000,0.845948935293,0.710000000000,71,281
public,DSJamwal2004/redrob-ranker,https://github.com/DSJamwal2004/redrob-ranker,engineering,14,final_submission/submission.csv,relabel_j4,0.921671127186,0.769913065004,1.000000000000,1.000000000000,0.891809483094,0.680000000000,68,135
public,DSJamwal2004/redrob-ranker,https://github.com/DSJamwal2004/redrob-ranker,engineering,14,final_submission/submission.csv,relabel_g25,0.630975813955,0.657002878776,1.000000000000,1.000000000000,0.712588770610,0.690000000000,69,136
public,DSJamwal2004/redrob-ranker,https://github.com/DSJamwal2004/redrob-ranker,engineering,14,final_submission/submission.csv,blind_test_frozen,0.826258217774,0.835275854580,1.000000000000,1.000000000000,0.863711865261,0.850000000000,85,1000
public,EktaBhardwaj7/redrob-TalentGraphAI,https://github.com/EktaBhardwaj7/redrob-TalentGraphAI,engineering,16,data/output/submission.csv,h2,0.816969912559,0.800396157966,0.923461859423,0.900000000000,0.832123082583,1.000000000000,100,100000
public,EktaBhardwaj7/redrob-TalentGraphAI,https://github.com/EktaBhardwaj7/redrob-TalentGraphAI,engineering,16,data/output/submission.csv,independent,0.581887310743,0.645858404400,0.889873330096,0.900000000000,0.663182176206,1.000000000000,100,100000
public,EktaBhardwaj7/redrob-TalentGraphAI,https://github.com/EktaBhardwaj7/redrob-TalentGraphAI,engineering,16,data/output/submission.csv,judge1,0.806623945354,0.868999710352,1.000000000000,1.000000000000,0.864011885783,0.490000000000,49,249
public,EktaBhardwaj7/redrob-TalentGraphAI,https://github.com/EktaBhardwaj7/redrob-TalentGraphAI,engineering,16,data/output/submission.csv,judge2,1.000000000000,0.839176350184,1.000000000000,1.000000000000,0.951752905055,0.490000000000,49,249
public,EktaBhardwaj7/redrob-TalentGraphAI,https://github.com/EktaBhardwaj7/redrob-TalentGraphAI,engineering,16,data/output/submission.csv,judge3,0.956055165088,0.835986134176,0.970368160349,1.000000000000,0.924378646849,0.490000000000,49,249
public,EktaBhardwaj7/redrob-TalentGraphAI,https://github.com/EktaBhardwaj7/redrob-TalentGraphAI,engineering,16,data/output/submission.csv,expand,0.749011272384,0.643010148556,0.857725606663,1.000000000000,0.746067521758,0.400000000000,40,639
public,EktaBhardwaj7/redrob-TalentGraphAI,https://github.com/EktaBhardwaj7/redrob-TalentGraphAI,engineering,16,data/output/submission.csv,silver20k,0.876181698780,0.650503740930,0.655566366504,1.000000000000,0.781576926645,0.240000000000,24,20000
public,EktaBhardwaj7/redrob-TalentGraphAI,https://github.com/EktaBhardwaj7/redrob-TalentGraphAI,engineering,16,data/output/submission.csv,reviewer,0.443508516418,0.614028659857,0.350917585107,0.400000000000,0.478600493932,0.570000000000,57,180
public,EktaBhardwaj7/redrob-TalentGraphAI,https://github.com/EktaBhardwaj7/redrob-TalentGraphAI,engineering,16,data/output/submission.csv,blind,0.672029882396,0.726658190913,0.623111263736,0.600000000000,0.677479088032,0.200000000000,20,50
public,EktaBhardwaj7/redrob-TalentGraphAI,https://github.com/EktaBhardwaj7/redrob-TalentGraphAI,engineering,16,data/output/submission.csv,merged_j1,0.774269688180,0.806532911043,1.000000000000,1.000000000000,0.829094717403,0.700000000000,70,281
public,EktaBhardwaj7/redrob-TalentGraphAI,https://github.com/EktaBhardwaj7/redrob-TalentGraphAI,engineering,16,data/output/submission.csv,merged_j2,1.000000000000,0.844908634153,1.000000000000,1.000000000000,0.953472590246,0.700000000000,70,281
public,EktaBhardwaj7/redrob-TalentGraphAI,https://github.com/EktaBhardwaj7/redrob-TalentGraphAI,engineering,16,data/output/submission.csv,merged_j3,0.959536377301,0.853545089708,0.978144236074,1.000000000000,0.932553350974,0.700000000000,70,281
public,EktaBhardwaj7/redrob-TalentGraphAI,https://github.com/EktaBhardwaj7/redrob-TalentGraphAI,engineering,16,data/output/submission.csv,relabel_j4,1.000000000000,0.819531777514,1.000000000000,1.000000000000,0.945859533254,0.660000000000,66,135
public,EktaBhardwaj7/redrob-TalentGraphAI,https://github.com/EktaBhardwaj7/redrob-TalentGraphAI,engineering,16,data/output/submission.csv,relabel_g25,0.754286192598,0.708389614604,1.000000000000,1.000000000000,0.789659980680,0.660000000000,66,136
public,EktaBhardwaj7/redrob-TalentGraphAI,https://github.com/EktaBhardwaj7/redrob-TalentGraphAI,engineering,16,data/output/submission.csv,blind_test_frozen,0.966213396242,0.912160785342,1.000000000000,1.000000000000,0.956754933724,0.800000000000,80,1000
public,ganduripranathi02/redrob-ai-ranker,https://github.com/ganduripranathi02/redrob-ai-ranker,"h2,mean7",1,outputs/redrob_submission.csv,h2,0.857167656769,0.822959151762,1.000000000000,1.000000000000,0.875471573913,1.000000000000,100,100000
public,ganduripranathi02/redrob-ai-ranker,https://github.com/ganduripranathi02/redrob-ai-ranker,"h2,mean7",1,outputs/redrob_submission.csv,independent,0.884196604993,0.745716515962,1.000000000000,1.000000000000,0.865813257285,1.000000000000,100,100000
public,ganduripranathi02/redrob-ai-ranker,https://github.com/ganduripranathi02/redrob-ai-ranker,"h2,mean7",1,outputs/redrob_submission.csv,judge1,0.797830466550,0.845516690471,1.000000000000,1.000000000000,0.852570240416,0.580000000000,58,249
public,ganduripranathi02/redrob-ai-ranker,https://github.com/ganduripranathi02/redrob-ai-ranker,"h2,mean7",1,outputs/redrob_submission.csv,judge2,1.000000000000,0.864759391388,1.000000000000,1.000000000000,0.959427817416,0.580000000000,58,249
public,ganduripranathi02/redrob-ai-ranker,https://github.com/ganduripranathi02/redrob-ai-ranker,"h2,mean7",1,outputs/redrob_submission.csv,judge3,0.964164530613,0.874058181957,1.000000000000,1.000000000000,0.944299719894,0.580000000000,58,249
public,ganduripranathi02/redrob-ai-ranker,https://github.com/ganduripranathi02/redrob-ai-ranker,"h2,mean7",1,outputs/redrob_submission.csv,expand,0.727083576104,0.697817248957,0.971225409138,1.000000000000,0.768570774110,0.420000000000,42,639
public,ganduripranathi02/redrob-ai-ranker,https://github.com/ganduripranathi02/redrob-ai-ranker,"h2,mean7",1,outputs/redrob_submission.csv,silver20k,0.843249704076,0.675722383907,0.785186764989,0.900000000000,0.787119581959,0.200000000000,20,20000
public,ganduripranathi02/redrob-ai-ranker,https://github.com/ganduripranathi02/redrob-ai-ranker,"h2,mean7",1,outputs/redrob_submission.csv,reviewer,0.881736407268,0.795473676826,0.624734355555,0.800000000000,0.813220460015,0.630000000000,63,180
public,ganduripranathi02/redrob-ai-ranker,https://github.com/ganduripranathi02/redrob-ai-ranker,"h2,mean7",1,outputs/redrob_submission.csv,blind,0.836528528157,0.803708277437,0.630952380952,0.600000000000,0.784019604452,0.230000000000,23,50
public,ganduripranathi02/redrob-ai-ranker,https://github.com/ganduripranathi02/redrob-ai-ranker,"h2,mean7",1,outputs/redrob_submission.csv,merged_j1,0.797830466550,0.791186636378,1.000000000000,1.000000000000,0.836271224189,0.800000000000,80,281
public,ganduripranathi02/redrob-ai-ranker,https://github.com/ganduripranathi02/redrob-ai-ranker,"h2,mean7",1,outputs/redrob_submission.csv,merged_j2,1.000000000000,0.867440260956,1.000000000000,1.000000000000,0.960232078287,0.800000000000,80,281
public,ganduripranathi02/redrob-ai-ranker,https://github.com/ganduripranathi02/redrob-ai-ranker,"h2,mean7",1,outputs/redrob_submission.csv,merged_j3,0.964164530613,0.861969319455,1.000000000000,1.000000000000,0.940673061143,0.800000000000,80,281
public,ganduripranathi02/redrob-ai-ranker,https://github.com/ganduripranathi02/redrob-ai-ranker,"h2,mean7",1,outputs/redrob_submission.csv,relabel_j4,1.000000000000,0.851410253841,1.000000000000,1.000000000000,0.955423076152,0.750000000000,75,135
public,ganduripranathi02/redrob-ai-ranker,https://github.com/ganduripranathi02/redrob-ai-ranker,"h2,mean7",1,outputs/redrob_submission.csv,relabel_g25,0.770219884114,0.801763861472,1.000000000000,1.000000000000,0.825639100498,0.760000000000,76,136
public,ganduripranathi02/redrob-ai-ranker,https://github.com/ganduripranathi02/redrob-ai-ranker,"h2,mean7",1,outputs/redrob_submission.csv,blind_test_frozen,0.966192647429,0.891788532124,1.000000000000,1.000000000000,0.950632883352,0.850000000000,85,1000
public,garg-khushi/redrob-talentrank-os,https://github.com/garg-khushi/redrob-talentrank-os,mean7,3,submission/team_redrob_submission.csv,h2,0.813711632977,0.833329047916,1.000000000000,1.000000000000,0.856854530863,1.000000000000,100,100000
public,garg-khushi/redrob-talentrank-os,https://github.com/garg-khushi/redrob-talentrank-os,mean7,3,submission/team_redrob_submission.csv,independent,0.828477788949,0.724600430050,1.000000000000,1.000000000000,0.831619023490,1.000000000000,100,100000
public,garg-khushi/redrob-talentrank-os,https://github.com/garg-khushi/redrob-talentrank-os,mean7,3,submission/team_redrob_submission.csv,judge1,0.865061561680,0.906566610614,1.000000000000,1.000000000000,0.904500764024,0.610000000000,61,249
public,garg-khushi/redrob-talentrank-os,https://github.com/garg-khushi/redrob-talentrank-os,mean7,3,submission/team_redrob_submission.csv,judge2,1.000000000000,0.863039349012,1.000000000000,1.000000000000,0.958911804704,0.610000000000,61,249
public,garg-khushi/redrob-talentrank-os,https://github.com/garg-khushi/redrob-talentrank-os,mean7,3,submission/team_redrob_submission.csv,judge3,1.000000000000,0.866629417215,1.000000000000,1.000000000000,0.959988825164,0.610000000000,61,249
public,garg-khushi/redrob-talentrank-os,https://github.com/garg-khushi/redrob-talentrank-os,mean7,3,submission/team_redrob_submission.csv,expand,0.744789060537,0.709791726314,1.000000000000,1.000000000000,0.785332048163,0.390000000000,39,639
public,garg-khushi/redrob-talentrank-os,https://github.com/garg-khushi/redrob-talentrank-os,mean7,3,submission/team_redrob_submission.csv,silver20k,0.856866251324,0.657094506574,0.795709417370,0.900000000000,0.789917890240,0.210000000000,21,20000
public,garg-khushi/redrob-talentrank-os,https://github.com/garg-khushi/redrob-talentrank-os,mean7,3,submission/team_redrob_submission.csv,reviewer,0.893558391891,0.723767238321,0.569923729172,0.800000000000,0.789397926818,0.700000000000,70,180
public,garg-khushi/redrob-talentrank-os,https://github.com/garg-khushi/redrob-talentrank-os,mean7,3,submission/team_redrob_submission.csv,blind,0.768613847700,0.900324280699,0.718332188645,0.500000000000,0.787154036356,0.270000000000,27,50
public,garg-khushi/redrob-talentrank-os,https://github.com/garg-khushi/redrob-talentrank-os,mean7,3,submission/team_redrob_submission.csv,merged_j1,0.869901966283,0.823836131330,1.000000000000,1.000000000000,0.882101822540,0.820000000000,82,281
public,garg-khushi/redrob-talentrank-os,https://github.com/garg-khushi/redrob-talentrank-os,mean7,3,submission/team_redrob_submission.csv,merged_j2,1.000000000000,0.868703377339,1.000000000000,1.000000000000,0.960611013202,0.820000000000,82,281
public,garg-khushi/redrob-talentrank-os,https://github.com/garg-khushi/redrob-talentrank-os,mean7,3,submission/team_redrob_submission.csv,merged_j3,1.000000000000,0.875163843227,1.000000000000,1.000000000000,0.962549152968,0.820000000000,82,281
public,garg-khushi/redrob-talentrank-os,https://github.com/garg-khushi/redrob-talentrank-os,mean7,3,submission/team_redrob_submission.csv,relabel_j4,1.000000000000,0.880569305915,1.000000000000,1.000000000000,0.964170791774,0.790000000000,79,135
public,garg-khushi/redrob-talentrank-os,https://github.com/garg-khushi/redrob-talentrank-os,mean7,3,submission/team_redrob_submission.csv,relabel_g25,0.693554285969,0.699826483597,1.000000000000,1.000000000000,0.756725088063,0.790000000000,79,136
public,garg-khushi/redrob-talentrank-os,https://github.com/garg-khushi/redrob-talentrank-os,mean7,3,submission/team_redrob_submission.csv,blind_test_frozen,0.966818730266,0.895231692446,1.000000000000,1.000000000000,0.951978872867,0.880000000000,88,1000
public,gatoj273212/redrob-candidate-ranking,https://github.com/gatoj273212/redrob-candidate-ranking,mean7,4,submission.csv,h2,0.831840662278,0.870319789216,0.972615227290,1.000000000000,0.872908551997,1.000000000000,100,100000
public,gatoj273212/redrob-candidate-ranking,https://github.com/gatoj273212/redrob-candidate-ranking,mean7,4,submission.csv,independent,0.880084107584,0.795601791160,0.972615227290,1.000000000000,0.874614875234,1.000000000000,100,100000
public,gatoj273212/redrob-candidate-ranking,https://github.com/gatoj273212/redrob-candidate-ranking,mean7,4,submission.csv,judge1,0.774269688180,0.860008144473,1.000000000000,1.000000000000,0.845137287432,0.610000000000,61,249
public,gatoj273212/redrob-candidate-ranking,https://github.com/gatoj273212/redrob-candidate-ranking,mean7,4,submission.csv,judge2,1.000000000000,0.882293878747,1.000000000000,1.000000000000,0.964688163624,0.610000000000,61,249
public,gatoj273212/redrob-candidate-ranking,https://github.com/gatoj273212/redrob-candidate-ranking,mean7,4,submission.csv,judge3,0.959536377301,0.891099583595,1.000000000000,1.000000000000,0.947098063729,0.610000000000,61,249
public,gatoj273212/redrob-candidate-ranking,https://github.com/gatoj273212/redrob-candidate-ranking,mean7,4,submission.csv,expand,0.733941198633,0.718843320041,1.000000000000,1.000000000000,0.782623595329,0.390000000000,39,639
public,gatoj273212/redrob-candidate-ranking,https://github.com/gatoj273212/redrob-candidate-ranking,mean7,4,submission.csv,silver20k,0.930233028705,0.722436596889,0.939149466804,1.000000000000,0.872719913440,0.200000000000,20,20000
public,gatoj273212/redrob-candidate-ranking,https://github.com/gatoj273212/redrob-candidate-ranking,mean7,4,submission.csv,reviewer,0.884278006054,0.734723928477,0.543153264858,0.800000000000,0.784029171299,0.640000000000,64,180
public,gatoj273212/redrob-candidate-ranking,https://github.com/gatoj273212/redrob-candidate-ranking,mean7,4,submission.csv,blind,0.918474811015,0.900216648912,0.858333333333,0.700000000000,0.893052400181,0.230000000000,23,50
public,gatoj273212/redrob-candidate-ranking,https://github.com/gatoj273212/redrob-candidate-ranking,mean7,4,submission.csv,merged_j1,0.774269688180,0.808906007040,1.000000000000,1.000000000000,0.829806646202,0.780000000000,78,281
public,gatoj273212/redrob-candidate-ranking,https://github.com/gatoj273212/redrob-candidate-ranking,mean7,4,submission.csv,merged_j2,1.000000000000,0.899641945179,1.000000000000,1.000000000000,0.969892583554,0.780000000000,78,281
public,gatoj273212/redrob-candidate-ranking,https://github.com/gatoj273212/redrob-candidate-ranking,mean7,4,submission.csv,merged_j3,0.959536377301,0.890198307524,1.000000000000,1.000000000000,0.946827680908,0.780000000000,78,281
public,gatoj273212/redrob-candidate-ranking,https://github.com/gatoj273212/redrob-candidate-ranking,mean7,4,submission.csv,relabel_j4,1.000000000000,0.866060305897,1.000000000000,1.000000000000,0.959818091769,0.720000000000,72,135
public,gatoj273212/redrob-candidate-ranking,https://github.com/gatoj273212/redrob-candidate-ranking,mean7,4,submission.csv,relabel_g25,0.796871835120,0.767729146625,1.000000000000,1.000000000000,0.828754661547,0.730000000000,73,136
public,gatoj273212/redrob-candidate-ranking,https://github.com/gatoj273212/redrob-candidate-ranking,mean7,4,submission.csv,blind_test_frozen,0.957853390769,0.929491202235,1.000000000000,1.000000000000,0.957774056055,0.840000000000,84,1000
public,GritHri/Redrob_Hackathon_Solution,https://github.com/GritHri/Redrob_Hackathon_Solution,reviewer,8,submission/HriGrit.csv,h2,0.753274573173,0.695601525043,0.878430493716,1.000000000000,0.767082318157,1.000000000000,100,100000
public,GritHri/Redrob_Hackathon_Solution,https://github.com/GritHri/Redrob_Hackathon_Solution,reviewer,8,submission/HriGrit.csv,independent,0.779891609833,0.643304739200,0.878430493716,1.000000000000,0.764701800734,1.000000000000,100,100000
public,GritHri/Redrob_Hackathon_Solution,https://github.com/GritHri/Redrob_Hackathon_Solution,reviewer,8,submission/HriGrit.csv,judge1,0.832472787384,0.855777141197,1.000000000000,1.000000000000,0.872969536051,0.560000000000,56,249
public,GritHri/Redrob_Hackathon_Solution,https://github.com/GritHri/Redrob_Hackathon_Solution,reviewer,8,submission/HriGrit.csv,judge2,0.956055165088,0.884708032775,1.000000000000,1.000000000000,0.943439992377,0.560000000000,56,249
public,GritHri/Redrob_Hackathon_Solution,https://github.com/GritHri/Redrob_Hackathon_Solution,reviewer,8,submission/HriGrit.csv,judge3,0.889022901009,0.859744233951,1.000000000000,1.000000000000,0.902434720690,0.560000000000,56,249
public,GritHri/Redrob_Hackathon_Solution,https://github.com/GritHri/Redrob_Hackathon_Solution,reviewer,8,submission/HriGrit.csv,expand,0.530764153494,0.622774205290,0.974564026037,1.000000000000,0.648398942239,0.440000000000,44,639
public,GritHri/Redrob_Hackathon_Solution,https://github.com/GritHri/Redrob_Hackathon_Solution,reviewer,8,submission/HriGrit.csv,silver20k,0.808200962652,0.627356937207,0.774390916961,0.900000000000,0.753466200032,0.190000000000,19,20000
public,GritHri/Redrob_Hackathon_Solution,https://github.com/GritHri/Redrob_Hackathon_Solution,reviewer,8,submission/HriGrit.csv,reviewer,0.944455022451,0.859944128748,0.738025791174,0.900000000000,0.885914618526,0.540000000000,54,180
public,GritHri/Redrob_Hackathon_Solution,https://github.com/GritHri/Redrob_Hackathon_Solution,reviewer,8,submission/HriGrit.csv,blind,0.872518562195,0.819552834951,0.804687500000,0.600000000000,0.832828256583,0.160000000000,16,50
public,GritHri/Redrob_Hackathon_Solution,https://github.com/GritHri/Redrob_Hackathon_Solution,reviewer,8,submission/HriGrit.csv,merged_j1,0.799636251539,0.814803251881,1.000000000000,1.000000000000,0.844259101334,0.720000000000,72,281
public,GritHri/Redrob_Hackathon_Solution,https://github.com/GritHri/Redrob_Hackathon_Solution,reviewer,8,submission/HriGrit.csv,merged_j2,0.923218629244,0.868284676276,1.000000000000,1.000000000000,0.922094717505,0.720000000000,72,281
public,GritHri/Redrob_Hackathon_Solution,https://github.com/GritHri/Redrob_Hackathon_Solution,reviewer,8,submission/HriGrit.csv,merged_j3,0.889022901009,0.827723739137,1.000000000000,1.000000000000,0.892828572246,0.720000000000,72,281
public,GritHri/Redrob_Hackathon_Solution,https://github.com/GritHri/Redrob_Hackathon_Solution,reviewer,8,submission/HriGrit.csv,relabel_j4,0.923218629244,0.825065123757,1.000000000000,1.000000000000,0.909128851749,0.690000000000,69,135
public,GritHri/Redrob_Hackathon_Solution,https://github.com/GritHri/Redrob_Hackathon_Solution,reviewer,8,submission/HriGrit.csv,relabel_g25,0.889022901009,0.871764462332,1.000000000000,1.000000000000,0.906040789204,0.700000000000,70,136
public,GritHri/Redrob_Hackathon_Solution,https://github.com/GritHri/Redrob_Hackathon_Solution,reviewer,8,submission/HriGrit.csv,blind_test_frozen,0.906508049396,0.861541168779,1.000000000000,1.000000000000,0.911716375332,0.780000000000,78,1000
public,HanshikaSahu/RedRob-TalentMatchAI,https://github.com/HanshikaSahu/RedRob-TalentMatchAI,"reviewer,blind",4,submission.csv,h2,0.785456678084,0.817704929805,1.000000000000,1.000000000000,0.838039817984,1.000000000000,100,100000
public,HanshikaSahu/RedRob-TalentMatchAI,https://github.com/HanshikaSahu/RedRob-TalentMatchAI,"reviewer,blind",4,submission.csv,independent,0.779019098488,0.780540647423,1.000000000000,1.000000000000,0.823671743471,1.000000000000,100,100000
public,HanshikaSahu/RedRob-TalentMatchAI,https://github.com/HanshikaSahu/RedRob-TalentMatchAI,"reviewer,blind",4,submission.csv,judge1,0.721865449196,0.830367467012,0.980969558962,1.000000000000,0.807188398546,0.600000000000,60,249
public,HanshikaSahu/RedRob-TalentMatchAI,https://github.com/HanshikaSahu/RedRob-TalentMatchAI,"reviewer,blind",4,submission.csv,judge2,1.000000000000,0.867407060507,1.000000000000,1.000000000000,0.960222118152,0.600000000000,60,249
public,HanshikaSahu/RedRob-TalentMatchAI,https://github.com/HanshikaSahu/RedRob-TalentMatchAI,"reviewer,blind",4,submission.csv,judge3,0.962134749884,0.842778128672,0.935296013600,1.000000000000,0.924195215584,0.600000000000,60,249
public,HanshikaSahu/RedRob-TalentMatchAI,https://github.com/HanshikaSahu/RedRob-TalentMatchAI,"reviewer,blind",4,submission.csv,expand,0.642995256501,0.488766433538,0.823818401184,1.000000000000,0.641700318489,0.270000000000,27,639
public,HanshikaSahu/RedRob-TalentMatchAI,https://github.com/HanshikaSahu/RedRob-TalentMatchAI,"reviewer,blind",4,submission.csv,silver20k,0.745156076008,0.512575266819,0.593702017844,0.900000000000,0.660405920726,0.180000000000,18,20000
public,HanshikaSahu/RedRob-TalentMatchAI,https://github.com/HanshikaSahu/RedRob-TalentMatchAI,"reviewer,blind",4,submission.csv,reviewer,1.000000000000,0.792007514965,0.571780377125,1.000000000000,0.873369311058,0.490000000000,49,180
public,HanshikaSahu/RedRob-TalentMatchAI,https://github.com/HanshikaSahu/RedRob-TalentMatchAI,"reviewer,blind",4,submission.csv,blind,1.000000000000,0.922519765129,1.000000000000,0.800000000000,0.966755929539,0.200000000000,20,50
public,HanshikaSahu/RedRob-TalentMatchAI,https://github.com/HanshikaSahu/RedRob-TalentMatchAI,"reviewer,blind",4,submission.csv,merged_j1,0.721865449196,0.741341238494,0.983048826230,1.000000000000,0.780792420081,0.700000000000,70,281
public,HanshikaSahu/RedRob-TalentMatchAI,https://github.com/HanshikaSahu/RedRob-TalentMatchAI,"reviewer,blind",4,submission.csv,merged_j2,1.000000000000,0.868091301078,1.000000000000,1.000000000000,0.960427390323,0.700000000000,70,281
public,HanshikaSahu/RedRob-TalentMatchAI,https://github.com/HanshikaSahu/RedRob-TalentMatchAI,"reviewer,blind",4,submission.csv,merged_j3,0.962134749884,0.808831357682,0.942762562131,1.000000000000,0.915131166566,0.700000000000,70,281
public,HanshikaSahu/RedRob-TalentMatchAI,https://github.com/HanshikaSahu/RedRob-TalentMatchAI,"reviewer,blind",4,submission.csv,relabel_j4,1.000000000000,0.834451001940,1.000000000000,1.000000000000,0.950335300582,0.660000000000,66,135
public,HanshikaSahu/RedRob-TalentMatchAI,https://github.com/HanshikaSahu/RedRob-TalentMatchAI,"reviewer,blind",4,submission.csv,relabel_g25,0.844878529225,0.703267429006,0.982681504583,1.000000000000,0.830821719002,0.670000000000,67,136
public,HanshikaSahu/RedRob-TalentMatchAI,https://github.com/HanshikaSahu/RedRob-TalentMatchAI,"reviewer,blind",4,submission.csv,blind_test_frozen,0.875861437565,0.846876031078,1.000000000000,1.000000000000,0.891993528106,0.840000000000,84,1000
public,Harivelu0/redrob-ranker,https://github.com/Harivelu0/redrob-ranker,mean7,11,submission.csv,h2,0.820098487817,0.879254600362,0.986734326359,1.000000000000,0.871835772971,1.000000000000,100,100000
public,Harivelu0/redrob-ranker,https://github.com/Harivelu0/redrob-ranker,mean7,11,submission.csv,independent,0.706572094978,0.755577412023,0.986734326359,1.000000000000,0.777969420050,1.000000000000,100,100000
public,Harivelu0/redrob-ranker,https://github.com/Harivelu0/redrob-ranker,mean7,11,submission.csv,judge1,0.779866994305,0.871913423802,1.000000000000,1.000000000000,0.851507524293,0.620000000000,62,249
public,Harivelu0/redrob-ranker,https://github.com/Harivelu0/redrob-ranker,mean7,11,submission.csv,judge2,1.000000000000,0.874946469050,1.000000000000,1.000000000000,0.962483940715,0.620000000000,62,249
public,Harivelu0/redrob-ranker,https://github.com/Harivelu0/redrob-ranker,mean7,11,submission.csv,judge3,1.000000000000,0.874701929487,0.983610822060,1.000000000000,0.959952202155,0.620000000000,62,249
public,Harivelu0/redrob-ranker,https://github.com/Harivelu0/redrob-ranker,mean7,11,submission.csv,expand,0.765277193358,0.696460816032,1.000000000000,1.000000000000,0.791576841488,0.350000000000,35,639
public,Harivelu0/redrob-ranker,https://github.com/Harivelu0/redrob-ranker,mean7,11,submission.csv,silver20k,0.936689519157,0.745592968757,0.867371793119,1.000000000000,0.872128419174,0.250000000000,25,20000
public,Harivelu0/redrob-ranker,https://github.com/Harivelu0/redrob-ranker,mean7,11,submission.csv,reviewer,0.790845420604,0.695747905929,0.464052081498,0.700000000000,0.708754894305,0.620000000000,62,180
public,Harivelu0/redrob-ranker,https://github.com/Harivelu0/redrob-ranker,mean7,11,submission.csv,blind,0.883851667922,0.842946906131,0.735119047619,0.700000000000,0.840077762943,0.230000000000,23,50
public,Harivelu0/redrob-ranker,https://github.com/Harivelu0/redrob-ranker,mean7,11,submission.csv,merged_j1,0.760934369248,0.792043036944,1.000000000000,1.000000000000,0.818080095707,0.810000000000,81,281
public,Harivelu0/redrob-ranker,https://github.com/Harivelu0/redrob-ranker,mean7,11,submission.csv,merged_j2,1.000000000000,0.871144542981,1.000000000000,1.000000000000,0.961343362894,0.810000000000,81,281
public,Harivelu0/redrob-ranker,https://github.com/Harivelu0/redrob-ranker,mean7,11,submission.csv,merged_j3,1.000000000000,0.871051695092,0.987501905197,1.000000000000,0.959440794307,0.810000000000,81,281
public,Harivelu0/redrob-ranker,https://github.com/Harivelu0/redrob-ranker,mean7,11,submission.csv,relabel_j4,1.000000000000,0.833765696270,1.000000000000,1.000000000000,0.950129708881,0.740000000000,74,135
public,Harivelu0/redrob-ranker,https://github.com/Harivelu0/redrob-ranker,mean7,11,submission.csv,relabel_g25,0.892504113222,0.809162492101,1.000000000000,1.000000000000,0.889000804242,0.750000000000,75,136
public,Harivelu0/redrob-ranker,https://github.com/Harivelu0/redrob-ranker,mean7,11,submission.csv,blind_test_frozen,0.977312463455,0.934981493686,1.000000000000,1.000000000000,0.969150679834,0.840000000000,84,1000
public,Harshdeep47/redrob-candidate-ranking,https://github.com/Harshdeep47/redrob-candidate-ranking,h2,7,output/submission.csv,h2,0.839669423721,0.862959414170,1.000000000000,1.000000000000,0.878722536112,1.000000000000,100,100000
public,Harshdeep47/redrob-candidate-ranking,https://github.com/Harshdeep47/redrob-candidate-ranking,h2,7,output/submission.csv,independent,0.814384283828,0.749562480394,1.000000000000,1.000000000000,0.832060886032,1.000000000000,100,100000
public,Harshdeep47/redrob-candidate-ranking,https://github.com/Harshdeep47/redrob-candidate-ranking,h2,7,output/submission.csv,judge1,0.815322181507,0.876712538868,1.000000000000,1.000000000000,0.870674852414,0.630000000000,63,249
public,Harshdeep47/redrob-candidate-ranking,https://github.com/Harshdeep47/redrob-candidate-ranking,h2,7,output/submission.csv,judge2,0.895102485805,0.838416834590,1.000000000000,1.000000000000,0.899076293280,0.630000000000,63,249
public,Harshdeep47/redrob-candidate-ranking,https://github.com/Harshdeep47/redrob-candidate-ranking,h2,7,output/submission.csv,judge3,0.859267016418,0.832209124477,0.983619015109,1.000000000000,0.876839097819,0.630000000000,63,249
public,Harshdeep47/redrob-candidate-ranking,https://github.com/Harshdeep47/redrob-candidate-ranking,h2,7,output/submission.csv,expand,0.779244199802,0.696211828912,0.945366149495,1.000000000000,0.790290570999,0.370000000000,37,639
public,Harshdeep47/redrob-candidate-ranking,https://github.com/Harshdeep47/redrob-candidate-ranking,h2,7,output/submission.csv,silver20k,0.899900146913,0.660728136182,0.921391656210,1.000000000000,0.836377262743,0.170000000000,17,20000
public,Harshdeep47/redrob-candidate-ranking,https://github.com/Harshdeep47/redrob-candidate-ranking,h2,7,output/submission.csv,reviewer,0.884278006054,0.782964591274,0.565696687796,0.800000000000,0.801882883578,0.620000000000,62,180
public,Harshdeep47/redrob-candidate-ranking,https://github.com/Harshdeep47/redrob-candidate-ranking,h2,7,output/submission.csv,blind,0.839281311799,0.780575543099,0.687500000000,0.600000000000,0.786938318829,0.200000000000,20,50
public,Harshdeep47/redrob-candidate-ranking,https://github.com/Harshdeep47/redrob-candidate-ranking,h2,7,output/submission.csv,merged_j1,0.854638863106,0.825651041755,1.000000000000,1.000000000000,0.875014744080,0.850000000000,85,281
public,Harshdeep47/redrob-candidate-ranking,https://github.com/Harshdeep47/redrob-candidate-ranking,h2,7,output/submission.csv,merged_j2,0.965804271765,0.880731337377,1.000000000000,1.000000000000,0.947121537096,0.850000000000,85,281
public,Harshdeep47/redrob-candidate-ranking,https://github.com/Harshdeep47/redrob-candidate-ranking,h2,7,output/submission.csv,merged_j3,0.932967735921,0.855436078814,0.987815086346,1.000000000000,0.921286954557,0.850000000000,85,281
public,Harshdeep47/redrob-candidate-ranking,https://github.com/Harshdeep47/redrob-candidate-ranking,h2,7,output/submission.csv,relabel_j4,0.965804271765,0.842050240520,1.000000000000,1.000000000000,0.935517208039,0.810000000000,81,135
public,Harshdeep47/redrob-candidate-ranking,https://github.com/Harshdeep47/redrob-candidate-ranking,h2,7,output/submission.csv,relabel_g25,0.874295602472,0.844996888241,1.000000000000,1.000000000000,0.890646867708,0.810000000000,81,136
public,Harshdeep47/redrob-candidate-ranking,https://github.com/Harshdeep47/redrob-candidate-ranking,h2,7,output/submission.csv,blind_test_frozen,0.956998639327,0.920523950778,1.000000000000,1.000000000000,0.954656504897,0.930000000000,93,1000
public,harshisingh777/Redrob_CodePhattGya,https://github.com/harshisingh777/Redrob_CodePhattGya,blind,8,submission.csv,h2,0.821251488936,0.853691171551,0.970579390321,1.000000000000,0.862320004481,1.000000000000,100,100000
public,harshisingh777/Redrob_CodePhattGya,https://github.com/harshisingh777/Redrob_CodePhattGya,blind,8,submission.csv,independent,0.826059896258,0.763405332697,0.970579390321,1.000000000000,0.837638456486,1.000000000000,100,100000
public,harshisingh777/Redrob_CodePhattGya,https://github.com/harshisingh777/Redrob_CodePhattGya,blind,8,submission.csv,judge1,0.808085134229,0.831608672645,1.000000000000,1.000000000000,0.853525168908,0.590000000000,59,249
public,harshisingh777/Redrob_CodePhattGya,https://github.com/harshisingh777/Redrob_CodePhattGya,blind,8,submission.csv,judge2,1.000000000000,0.813508252629,1.000000000000,1.000000000000,0.944052475789,0.590000000000,59,249
public,harshisingh777/Redrob_CodePhattGya,https://github.com/harshisingh777/Redrob_CodePhattGya,blind,8,submission.csv,judge3,0.929968802379,0.805400647922,0.972801549986,1.000000000000,0.902524828064,0.590000000000,59,249
public,harshisingh777/Redrob_CodePhattGya,https://github.com/harshisingh777/Redrob_CodePhattGya,blind,8,submission.csv,expand,0.611598132340,0.604209705700,0.853390001224,1.000000000000,0.665070478064,0.360000000000,36,639
public,harshisingh777/Redrob_CodePhattGya,https://github.com/harshisingh777/Redrob_CodePhattGya,blind,8,submission.csv,silver20k,0.920433825849,0.727403048211,0.792183868832,1.000000000000,0.847265407713,0.250000000000,25,20000
public,harshisingh777/Redrob_CodePhattGya,https://github.com/harshisingh777/Redrob_CodePhattGya,blind,8,submission.csv,reviewer,0.944455022451,0.738009673163,0.542866850535,0.900000000000,0.820060440754,0.600000000000,60,180
public,harshisingh777/Redrob_CodePhattGya,https://github.com/harshisingh777/Redrob_CodePhattGya,blind,8,submission.csv,blind,0.904013294622,0.927204508848,0.861309523810,0.700000000000,0.894364428537,0.250000000000,25,50
public,harshisingh777/Redrob_CodePhattGya,https://github.com/harshisingh777/Redrob_CodePhattGya,blind,8,submission.csv,merged_j1,0.808085134229,0.763259245369,1.000000000000,1.000000000000,0.833020340725,0.770000000000,77,281
public,harshisingh777/Redrob_CodePhattGya,https://github.com/harshisingh777/Redrob_CodePhattGya,blind,8,submission.csv,merged_j2,1.000000000000,0.834259877701,1.000000000000,1.000000000000,0.950277963310,0.770000000000,77,281
public,harshisingh777/Redrob_CodePhattGya,https://github.com/harshisingh777/Redrob_CodePhattGya,blind,8,submission.csv,merged_j3,0.929968802379,0.797216055036,0.978901723955,1.000000000000,0.900984476294,0.770000000000,77,281
public,harshisingh777/Redrob_CodePhattGya,https://github.com/harshisingh777/Redrob_CodePhattGya,blind,8,submission.csv,relabel_j4,1.000000000000,0.759883842955,1.000000000000,1.000000000000,0.927965152887,0.740000000000,74,135
public,harshisingh777/Redrob_CodePhattGya,https://github.com/harshisingh777/Redrob_CodePhattGya,blind,8,submission.csv,relabel_g25,0.734953006581,0.738358314627,1.000000000000,1.000000000000,0.788983997678,0.740000000000,74,136
public,harshisingh777/Redrob_CodePhattGya,https://github.com/harshisingh777/Redrob_CodePhattGya,blind,8,submission.csv,blind_test_frozen,0.973166506693,0.935473965746,1.000000000000,1.000000000000,0.967225443070,0.890000000000,89,1000
public,HarshwardhanBhaskar/india-runs-challenge,https://github.com/HarshwardhanBhaskar/india-runs-challenge,h2,0,hb_technologies.csv,h2,0.903992258173,0.865973984890,1.000000000000,1.000000000000,0.911788324553,1.000000000000,100,100000
public,HarshwardhanBhaskar/india-runs-challenge,https://github.com/HarshwardhanBhaskar/india-runs-challenge,h2,0,hb_technologies.csv,independent,0.879718450230,0.756291294504,0.977742762799,1.000000000000,0.863408027886,1.000000000000,100,100000
public,HarshwardhanBhaskar/india-runs-challenge,https://github.com/HarshwardhanBhaskar/india-runs-challenge,h2,0,hb_technologies.csv,judge1,0.809374836834,0.808509185129,0.979166666667,1.000000000000,0.844115173956,0.480000000000,48,249
public,HarshwardhanBhaskar/india-runs-challenge,https://github.com/HarshwardhanBhaskar/india-runs-challenge,h2,0,hb_technologies.csv,judge2,0.928329061227,0.766329764682,0.979166666667,1.000000000000,0.890938460018,0.480000000000,48,249
public,HarshwardhanBhaskar/india-runs-challenge,https://github.com/HarshwardhanBhaskar/india-runs-challenge,h2,0,hb_technologies.csv,judge3,0.879406034455,0.730093884399,0.899924959830,1.000000000000,0.843719926522,0.480000000000,48,249
public,HarshwardhanBhaskar/india-runs-challenge,https://github.com/HarshwardhanBhaskar/india-runs-challenge,h2,0,hb_technologies.csv,expand,0.722288092125,0.544102615775,0.799375090081,1.000000000000,0.694281094307,0.310000000000,31,639
public,HarshwardhanBhaskar/india-runs-challenge,https://github.com/HarshwardhanBhaskar/india-runs-challenge,h2,0,hb_technologies.csv,silver20k,0.841837508910,0.612042514477,0.634118696426,0.900000000000,0.744649313262,0.240000000000,24,20000
public,HarshwardhanBhaskar/india-runs-challenge,https://github.com/HarshwardhanBhaskar/india-runs-challenge,h2,0,hb_technologies.csv,reviewer,0.626701266560,0.651068734139,0.370104558111,0.500000000000,0.589186937238,0.450000000000,45,180
public,HarshwardhanBhaskar/india-runs-challenge,https://github.com/HarshwardhanBhaskar/india-runs-challenge,h2,0,hb_technologies.csv,blind,0.696568876792,0.684106170666,0.494791666667,0.600000000000,0.657735039596,0.180000000000,18,50
public,HarshwardhanBhaskar/india-runs-challenge,https://github.com/HarshwardhanBhaskar/india-runs-challenge,h2,0,hb_technologies.csv,merged_j1,0.884384226315,0.783527573532,0.981818181818,1.000000000000,0.874523112490,0.550000000000,55,281
public,HarshwardhanBhaskar/india-runs-challenge,https://github.com/HarshwardhanBhaskar/india-runs-challenge,h2,0,hb_technologies.csv,merged_j2,0.879406034455,0.804415737089,0.981818181818,1.000000000000,0.878300465627,0.550000000000,55,281
public,HarshwardhanBhaskar/india-runs-challenge,https://github.com/HarshwardhanBhaskar/india-runs-challenge,h2,0,hb_technologies.csv,merged_j3,0.884384226315,0.771144196816,0.914458614099,1.000000000000,0.860704164317,0.550000000000,55,281
public,HarshwardhanBhaskar/india-runs-challenge,https://github.com/HarshwardhanBhaskar/india-runs-challenge,h2,0,hb_technologies.csv,relabel_j4,0.765810284108,0.743006247762,1.000000000000,1.000000000000,0.805807016382,0.500000000000,50,135
public,HarshwardhanBhaskar/india-runs-challenge,https://github.com/HarshwardhanBhaskar/india-runs-challenge,h2,0,hb_technologies.csv,relabel_g25,0.672610645429,0.675235033660,1.000000000000,1.000000000000,0.738875832812,0.510000000000,51,136
public,HarshwardhanBhaskar/india-runs-challenge,https://github.com/HarshwardhanBhaskar/india-runs-challenge,h2,0,hb_technologies.csv,blind_test_frozen,0.819981849112,0.847015764881,1.000000000000,1.000000000000,0.864095654020,0.720000000000,72,1000
public,hemasaini011/redrob-ranker,https://github.com/hemasaini011/redrob-ranker,blind,2,team_submission.csv,h2,0.741007002463,0.758838396218,0.971203929874,1.000000000000,0.793835609578,1.000000000000,100,100000
public,hemasaini011/redrob-ranker,https://github.com/hemasaini011/redrob-ranker,blind,2,team_submission.csv,independent,0.783982457278,0.728962610767,0.971203929874,1.000000000000,0.806360601350,1.000000000000,100,100000
public,hemasaini011/redrob-ranker,https://github.com/hemasaini011/redrob-ranker,blind,2,team_submission.csv,judge1,0.825607092824,0.849978424778,0.978836225585,1.000000000000,0.864622507683,0.630000000000,63,249
public,hemasaini011/redrob-ranker,https://github.com/hemasaini011/redrob-ranker,blind,2,team_submission.csv,judge2,1.000000000000,0.826204599722,1.000000000000,1.000000000000,0.947861379917,0.630000000000,63,249
public,hemasaini011/redrob-ranker,https://github.com/hemasaini011/redrob-ranker,blind,2,team_submission.csv,judge3,0.967163464155,0.801103179478,0.956514882666,1.000000000000,0.917389918321,0.630000000000,63,249
public,hemasaini011/redrob-ranker,https://github.com/hemasaini011/redrob-ranker,blind,2,team_submission.csv,expand,0.594566888360,0.563786263478,0.948897617729,1.000000000000,0.658753965883,0.340000000000,34,639
public,hemasaini011/redrob-ranker,https://github.com/hemasaini011/redrob-ranker,blind,2,team_submission.csv,silver20k,0.931957971744,0.668032763087,0.941176470588,1.000000000000,0.857565285386,0.170000000000,17,20000
public,hemasaini011/redrob-ranker,https://github.com/hemasaini011/redrob-ranker,blind,2,team_submission.csv,reviewer,0.949103369441,0.804158777104,0.647778516990,0.900000000000,0.857966095400,0.600000000000,60,180
public,hemasaini011/redrob-ranker,https://github.com/hemasaini011/redrob-ranker,blind,2,team_submission.csv,blind,0.929316498908,0.902446054320,0.893055555556,0.700000000000,0.904350399083,0.200000000000,20,50
public,hemasaini011/redrob-ranker,https://github.com/hemasaini011/redrob-ranker,blind,2,team_submission.csv,merged_j1,0.825607092824,0.795620854652,0.982562672339,1.000000000000,0.848874203658,0.790000000000,79,281
public,hemasaini011/redrob-ranker,https://github.com/hemasaini011/redrob-ranker,blind,2,team_submission.csv,merged_j2,1.000000000000,0.847152067941,1.000000000000,1.000000000000,0.954145620382,0.790000000000,79,281
public,hemasaini011/redrob-ranker,https://github.com/hemasaini011/redrob-ranker,blind,2,team_submission.csv,merged_j3,0.967163464155,0.807649897564,0.963301058073,1.000000000000,0.920371860058,0.790000000000,79,281
public,hemasaini011/redrob-ranker,https://github.com/hemasaini011/redrob-ranker,blind,2,team_submission.csv,relabel_j4,1.000000000000,0.770455122213,1.000000000000,1.000000000000,0.931136536664,0.750000000000,75,135
public,hemasaini011/redrob-ranker,https://github.com/hemasaini011/redrob-ranker,blind,2,team_submission.csv,relabel_g25,0.872500338866,0.727566289895,1.000000000000,1.000000000000,0.854520056401,0.760000000000,76,136
public,hemasaini011/redrob-ranker,https://github.com/hemasaini011/redrob-ranker,blind,2,team_submission.csv,blind_test_frozen,0.966725422443,0.881599105645,1.000000000000,1.000000000000,0.947842442915,0.850000000000,85,1000
public,HimanshuRa0/redrob_candidate_ranker,https://github.com/HimanshuRa0/redrob_candidate_ranker,h2,5,submission/team_redrob_candidate_ranking.csv,h2,0.861191021031,0.868844545311,0.979270516614,1.000000000000,0.888139451601,1.000000000000,100,100000
public,HimanshuRa0/redrob_candidate_ranker,https://github.com/HimanshuRa0/redrob_candidate_ranker,h2,5,submission/team_redrob_candidate_ranking.csv,independent,0.886896740649,0.775241040175,0.979270516614,1.000000000000,0.872911259869,1.000000000000,100,100000
public,HimanshuRa0/redrob_candidate_ranker,https://github.com/HimanshuRa0/redrob_candidate_ranker,h2,5,submission/team_redrob_candidate_ranking.csv,judge1,0.796389556449,0.895840267359,1.000000000000,1.000000000000,0.866946858432,0.590000000000,59,249
public,HimanshuRa0/redrob_candidate_ranker,https://github.com/HimanshuRa0/redrob_candidate_ranker,h2,5,submission/team_redrob_candidate_ranking.csv,judge2,0.943202124826,0.863081201479,1.000000000000,1.000000000000,0.930525422857,0.590000000000,59,249
public,HimanshuRa0/redrob_candidate_ranker,https://github.com/HimanshuRa0/redrob_candidate_ranker,h2,5,submission/team_redrob_candidate_ranking.csv,judge3,0.907366655440,0.845659271796,1.000000000000,1.000000000000,0.907381109259,0.590000000000,59,249
public,HimanshuRa0/redrob_candidate_ranker,https://github.com/HimanshuRa0/redrob_candidate_ranker,h2,5,submission/team_redrob_candidate_ranking.csv,expand,0.713653861966,0.765020690762,1.000000000000,1.000000000000,0.786333138212,0.410000000000,41,639
public,HimanshuRa0/redrob_candidate_ranker,https://github.com/HimanshuRa0/redrob_candidate_ranker,h2,5,submission/team_redrob_candidate_ranking.csv,silver20k,0.676257924667,0.626592074623,0.698972339373,0.800000000000,0.670952435626,0.240000000000,24,20000
public,HimanshuRa0/redrob_candidate_ranker,https://github.com/HimanshuRa0/redrob_candidate_ranker,h2,5,submission/team_redrob_candidate_ranking.csv,reviewer,0.856418315931,0.743858301686,0.544998988483,0.800000000000,0.773116496744,0.670000000000,67,180
public,HimanshuRa0/redrob_candidate_ranker,https://github.com/HimanshuRa0/redrob_candidate_ranker,h2,5,submission/team_redrob_candidate_ranking.csv,blind,0.828319426196,0.891981655565,0.792535650624,0.600000000000,0.830634557361,0.230000000000,23,50
public,HimanshuRa0/redrob_candidate_ranker,https://github.com/HimanshuRa0/redrob_candidate_ranker,h2,5,submission/team_redrob_candidate_ranking.csv,merged_j1,0.796389556449,0.847358682769,1.000000000000,1.000000000000,0.852402383055,0.820000000000,82,281
public,HimanshuRa0/redrob_candidate_ranker,https://github.com/HimanshuRa0/redrob_candidate_ranker,h2,5,submission/team_redrob_candidate_ranking.csv,merged_j2,0.943202124826,0.886750568695,1.000000000000,1.000000000000,0.937626233022,0.820000000000,82,281
public,HimanshuRa0/redrob_candidate_ranker,https://github.com/HimanshuRa0/redrob_candidate_ranker,h2,5,submission/team_redrob_candidate_ranking.csv,merged_j3,0.907366655440,0.851446243599,1.000000000000,1.000000000000,0.909117200800,0.820000000000,82,281
public,HimanshuRa0/redrob_candidate_ranker,https://github.com/HimanshuRa0/redrob_candidate_ranker,h2,5,submission/team_redrob_candidate_ranking.csv,relabel_j4,0.962134749884,0.875739776527,1.000000000000,1.000000000000,0.943789307900,0.780000000000,78,135
public,HimanshuRa0/redrob_candidate_ranker,https://github.com/HimanshuRa0/redrob_candidate_ranker,h2,5,submission/team_redrob_candidate_ranking.csv,relabel_g25,0.808265931892,0.776572202348,1.000000000000,1.000000000000,0.837104626651,0.790000000000,79,136
public,HimanshuRa0/redrob_candidate_ranker,https://github.com/HimanshuRa0/redrob_candidate_ranker,h2,5,submission/team_redrob_candidate_ranking.csv,blind_test_frozen,0.859284864870,0.900005739802,1.000000000000,1.000000000000,0.899644154376,0.870000000000,87,1000
public,Indira-06-Projects/Smart-Candidate-Ranker,https://github.com/Indira-06-Projects/Smart-Candidate-Ranker,h2,12,output/submission.csv,h2,0.885084180339,0.847637202687,0.967376638905,1.000000000000,0.891939746812,1.000000000000,100,100000
public,Indira-06-Projects/Smart-Candidate-Ranker,https://github.com/Indira-06-Projects/Smart-Candidate-Ranker,h2,12,output/submission.csv,independent,0.892469534821,0.748992473360,0.944297651499,1.000000000000,0.862577157143,1.000000000000,100,100000
public,Indira-06-Projects/Smart-Candidate-Ranker,https://github.com/Indira-06-Projects/Smart-Candidate-Ranker,h2,12,output/submission.csv,judge1,0.773879648604,0.793161185158,1.000000000000,1.000000000000,0.824888179849,0.410000000000,41,249
public,Indira-06-Projects/Smart-Candidate-Ranker,https://github.com/Indira-06-Projects/Smart-Candidate-Ranker,h2,12,output/submission.csv,judge2,1.000000000000,0.788720800058,1.000000000000,1.000000000000,0.936616240017,0.410000000000,41,249
public,Indira-06-Projects/Smart-Candidate-Ranker,https://github.com/Indira-06-Projects/Smart-Candidate-Ranker,h2,12,output/submission.csv,judge3,0.886404249653,0.735406418425,1.000000000000,1.000000000000,0.863824050354,0.410000000000,41,249
public,Indira-06-Projects/Smart-Candidate-Ranker,https://github.com/Indira-06-Projects/Smart-Candidate-Ranker,h2,12,output/submission.csv,expand,0.825812644472,0.740501975951,0.893089047880,1.000000000000,0.819020272203,0.430000000000,43,639
public,Indira-06-Projects/Smart-Candidate-Ranker,https://github.com/Indira-06-Projects/Smart-Candidate-Ranker,h2,12,output/submission.csv,silver20k,0.859437475215,0.572648192824,0.473088023088,0.900000000000,0.717476398918,0.220000000000,22,20000
public,Indira-06-Projects/Smart-Candidate-Ranker,https://github.com/Indira-06-Projects/Smart-Candidate-Ranker,h2,12,output/submission.csv,reviewer,0.717484978853,0.664799865404,0.398818966115,0.700000000000,0.653005293965,0.540000000000,54,180
public,Indira-06-Projects/Smart-Candidate-Ranker,https://github.com/Indira-06-Projects/Smart-Candidate-Ranker,h2,12,output/submission.csv,blind,0.757339718392,0.855821818059,0.761233558109,0.500000000000,0.774601438330,0.210000000000,21,50
public,Indira-06-Projects/Smart-Candidate-Ranker,https://github.com/Indira-06-Projects/Smart-Candidate-Ranker,h2,12,output/submission.csv,merged_j1,0.811744898719,0.824229425089,1.000000000000,1.000000000000,0.853141276886,0.560000000000,56,281
public,Indira-06-Projects/Smart-Candidate-Ranker,https://github.com/Indira-06-Projects/Smart-Candidate-Ranker,h2,12,output/submission.csv,merged_j2,1.000000000000,0.888277666289,1.000000000000,1.000000000000,0.966483299887,0.560000000000,56,281
public,Indira-06-Projects/Smart-Candidate-Ranker,https://github.com/Indira-06-Projects/Smart-Candidate-Ranker,h2,12,output/submission.csv,merged_j3,0.886404249653,0.815692628356,1.000000000000,1.000000000000,0.887909913333,0.560000000000,56,281
public,Indira-06-Projects/Smart-Candidate-Ranker,https://github.com/Indira-06-Projects/Smart-Candidate-Ranker,h2,12,output/submission.csv,relabel_j4,1.000000000000,0.841892549478,1.000000000000,1.000000000000,0.952567764843,0.520000000000,52,135
public,Indira-06-Projects/Smart-Candidate-Ranker,https://github.com/Indira-06-Projects/Smart-Candidate-Ranker,h2,12,output/submission.csv,relabel_g25,0.762574110400,0.720879521201,1.000000000000,1.000000000000,0.797550911560,0.530000000000,53,136
public,Indira-06-Projects/Smart-Candidate-Ranker,https://github.com/Indira-06-Projects/Smart-Candidate-Ranker,h2,12,output/submission.csv,blind_test_frozen,0.924148284246,0.907277648528,1.000000000000,1.000000000000,0.934257436682,0.710000000000,71,1000
public,irudayajason/RedRob,https://github.com/irudayajason/RedRob,strong-union tie,14,team_debug4x.csv,h2,0.549673412224,0.567832520865,0.901862691870,1.000000000000,0.630465866152,1.000000000000,100,100000
public,irudayajason/RedRob,https://github.com/irudayajason/RedRob,strong-union tie,14,team_debug4x.csv,independent,0.495601681646,0.491270208679,0.866966101493,1.000000000000,0.575226818651,1.000000000000,100,100000
public,irudayajason/RedRob,https://github.com/irudayajason/RedRob,strong-union tie,14,team_debug4x.csv,judge1,0.558446303228,0.600337896339,0.806954346422,1.000000000000,0.630367672479,0.400000000000,40,249
public,irudayajason/RedRob,https://github.com/irudayajason/RedRob,strong-union tie,14,team_debug4x.csv,judge2,0.792636019120,0.641841451446,0.892407677013,1.000000000000,0.772731596546,0.400000000000,40,249
public,irudayajason/RedRob,https://github.com/irudayajason/RedRob,strong-union tie,14,team_debug4x.csv,judge3,0.686769352112,0.572978214740,0.833689516869,1.000000000000,0.690331568008,0.400000000000,40,249
public,irudayajason/RedRob,https://github.com/irudayajason/RedRob,strong-union tie,14,team_debug4x.csv,expand,0.449002942402,0.290798061996,0.557924530535,0.900000000000,0.440429569380,0.240000000000,24,639
public,irudayajason/RedRob,https://github.com/irudayajason/RedRob,strong-union tie,14,team_debug4x.csv,silver20k,0.583289465540,0.443600767968,0.558339175444,0.800000000000,0.548475839477,0.190000000000,19,20000
public,irudayajason/RedRob,https://github.com/irudayajason/RedRob,strong-union tie,14,team_debug4x.csv,reviewer,0.773188050955,0.501262747071,0.406892227162,0.700000000000,0.633006683673,0.280000000000,28,180
public,irudayajason/RedRob,https://github.com/irudayajason/RedRob,strong-union tie,14,team_debug4x.csv,blind,0.664175473078,0.545778682993,0.387053571429,0.500000000000,0.578879377151,0.080000000000,8,50
public,irudayajason/RedRob,https://github.com/irudayajason/RedRob,strong-union tie,14,team_debug4x.csv,merged_j1,0.576504312302,0.598183466211,0.837259004860,1.000000000000,0.643296046744,0.460000000000,46,281
public,irudayajason/RedRob,https://github.com/irudayajason/RedRob,strong-union tie,14,team_debug4x.csv,merged_j2,0.810694028195,0.687290854167,0.910169250312,1.000000000000,0.798059657894,0.460000000000,46,281
public,irudayajason/RedRob,https://github.com/irudayajason/RedRob,strong-union tie,14,team_debug4x.csv,merged_j3,0.739023089421,0.617649913359,0.860330740785,1.000000000000,0.733856129836,0.460000000000,46,281
public,irudayajason/RedRob,https://github.com/irudayajason/RedRob,strong-union tie,14,team_debug4x.csv,relabel_j4,0.720090464363,0.615424259934,1.000000000000,1.000000000000,0.744672510162,0.390000000000,39,135
public,irudayajason/RedRob,https://github.com/irudayajason/RedRob,strong-union tie,14,team_debug4x.csv,relabel_g25,0.552211195978,0.514500848810,1.000000000000,1.000000000000,0.630455852632,0.390000000000,39,136
public,irudayajason/RedRob,https://github.com/irudayajason/RedRob,strong-union tie,14,team_debug4x.csv,blind_test_frozen,0.760361086173,0.748894440498,1.000000000000,1.000000000000,0.804848875236,0.640000000000,64,1000
public,Jatin0Jain/IndiaRunsSubmission-Candidate-Ranker,https://github.com/Jatin0Jain/IndiaRunsSubmission-Candidate-Ranker,reviewer,5,team_submission.csv,h2,0.760685042137,0.767940499870,0.946183379262,1.000000000000,0.802652177919,1.000000000000,100,100000
public,Jatin0Jain/IndiaRunsSubmission-Candidate-Ranker,https://github.com/Jatin0Jain/IndiaRunsSubmission-Candidate-Ranker,reviewer,5,team_submission.csv,independent,0.748050387989,0.752905650944,0.946183379262,1.000000000000,0.791824396167,1.000000000000,100,100000
public,Jatin0Jain/IndiaRunsSubmission-Candidate-Ranker,https://github.com/Jatin0Jain/IndiaRunsSubmission-Candidate-Ranker,reviewer,5,team_submission.csv,judge1,0.732405156409,0.803016411701,0.978349735107,1.000000000000,0.803859961981,0.570000000000,57,249
public,Jatin0Jain/IndiaRunsSubmission-Candidate-Ranker,https://github.com/Jatin0Jain/IndiaRunsSubmission-Candidate-Ranker,reviewer,5,team_submission.csv,judge2,0.923700907915,0.802139389940,1.000000000000,1.000000000000,0.902492270939,0.570000000000,57,249
public,Jatin0Jain/IndiaRunsSubmission-Candidate-Ranker,https://github.com/Jatin0Jain/IndiaRunsSubmission-Candidate-Ranker,reviewer,5,team_submission.csv,judge3,0.885835657799,0.779752552291,0.955047139436,1.000000000000,0.870100665502,0.570000000000,57,249
public,Jatin0Jain/IndiaRunsSubmission-Candidate-Ranker,https://github.com/Jatin0Jain/IndiaRunsSubmission-Candidate-Ranker,reviewer,5,team_submission.csv,expand,0.582026068880,0.414811938872,0.585777334763,0.800000000000,0.543323216316,0.260000000000,26,639
public,Jatin0Jain/IndiaRunsSubmission-Candidate-Ranker,https://github.com/Jatin0Jain/IndiaRunsSubmission-Candidate-Ranker,reviewer,5,team_submission.csv,silver20k,0.720180556736,0.556566373136,0.624068025213,0.900000000000,0.665670394091,0.250000000000,25,20000
public,Jatin0Jain/IndiaRunsSubmission-Candidate-Ranker,https://github.com/Jatin0Jain/IndiaRunsSubmission-Candidate-Ranker,reviewer,5,team_submission.csv,reviewer,1.000000000000,0.774223789538,0.673575482152,1.000000000000,0.883303459184,0.410000000000,41,180
public,Jatin0Jain/IndiaRunsSubmission-Candidate-Ranker,https://github.com/Jatin0Jain/IndiaRunsSubmission-Candidate-Ranker,reviewer,5,team_submission.csv,blind,0.910795134953,0.791537495162,0.770535714286,0.700000000000,0.843439173168,0.140000000000,14,50
public,Jatin0Jain/IndiaRunsSubmission-Candidate-Ranker,https://github.com/Jatin0Jain/IndiaRunsSubmission-Candidate-Ranker,reviewer,5,team_submission.csv,merged_j1,0.765241692254,0.736404006458,0.979648779369,1.000000000000,0.800489364970,0.600000000000,60,281
public,Jatin0Jain/IndiaRunsSubmission-Candidate-Ranker,https://github.com/Jatin0Jain/IndiaRunsSubmission-Candidate-Ranker,reviewer,5,team_submission.csv,merged_j2,0.889505179680,0.800429540017,1.000000000000,1.000000000000,0.884881451845,0.600000000000,60,281
public,Jatin0Jain/IndiaRunsSubmission-Candidate-Ranker,https://github.com/Jatin0Jain/IndiaRunsSubmission-Candidate-Ranker,reviewer,5,team_submission.csv,merged_j3,0.885835657799,0.761520069279,0.957443874819,1.000000000000,0.864990430906,0.600000000000,60,281
public,Jatin0Jain/IndiaRunsSubmission-Candidate-Ranker,https://github.com/Jatin0Jain/IndiaRunsSubmission-Candidate-Ranker,reviewer,5,team_submission.csv,relabel_j4,0.923700907915,0.800173771398,1.000000000000,1.000000000000,0.901902585377,0.560000000000,56,135
public,Jatin0Jain/IndiaRunsSubmission-Candidate-Ranker,https://github.com/Jatin0Jain/IndiaRunsSubmission-Candidate-Ranker,reviewer,5,team_submission.csv,relabel_g25,0.838552372180,0.747491318997,0.978349735107,1.000000000000,0.840276042055,0.570000000000,57,136
public,Jatin0Jain/IndiaRunsSubmission-Candidate-Ranker,https://github.com/Jatin0Jain/IndiaRunsSubmission-Candidate-Ranker,reviewer,5,team_submission.csv,blind_test_frozen,0.856062533336,0.831168955194,1.000000000000,1.000000000000,0.877381953226,0.740000000000,74,1000
public,Jigar8800/redrob-ai-candidate-ranker,https://github.com/Jigar8800/redrob-ai-candidate-ranker,blind,3,team_submission.csv,h2,0.833854386561,0.806145660405,1.000000000000,1.000000000000,0.858770891402,1.000000000000,100,100000
public,Jigar8800/redrob-ai-candidate-ranker,https://github.com/Jigar8800/redrob-ai-candidate-ranker,blind,3,team_submission.csv,independent,0.841180912718,0.778359251186,1.000000000000,1.000000000000,0.854098231714,1.000000000000,100,100000
public,Jigar8800/redrob-ai-candidate-ranker,https://github.com/Jigar8800/redrob-ai-candidate-ranker,blind,3,team_submission.csv,judge1,0.713082491775,0.796047710514,0.980322248756,1.000000000000,0.792403896355,0.600000000000,60,249
public,Jigar8800/redrob-ai-candidate-ranker,https://github.com/Jigar8800/redrob-ai-candidate-ranker,blind,3,team_submission.csv,judge2,0.929298214040,0.832633115282,1.000000000000,1.000000000000,0.914439041604,0.600000000000,60,249
public,Jigar8800/redrob-ai-candidate-ranker,https://github.com/Jigar8800/redrob-ai-candidate-ranker,blind,3,team_submission.csv,judge3,0.880375187268,0.817702138469,1.000000000000,1.000000000000,0.885498235175,0.600000000000,60,249
public,Jigar8800/redrob-ai-candidate-ranker,https://github.com/Jigar8800/redrob-ai-candidate-ranker,blind,3,team_submission.csv,expand,0.733941198633,0.554129809151,0.870265026679,1.000000000000,0.713749296064,0.310000000000,31,639
public,Jigar8800/redrob-ai-candidate-ranker,https://github.com/Jigar8800/redrob-ai-candidate-ranker,blind,3,team_submission.csv,silver20k,0.738251879851,0.608997601452,0.882811226984,1.000000000000,0.734246904409,0.190000000000,19,20000
public,Jigar8800/redrob-ai-candidate-ranker,https://github.com/Jigar8800/redrob-ai-candidate-ranker,blind,3,team_submission.csv,reviewer,0.868624330955,0.787982186864,0.587388122034,0.800000000000,0.798815039842,0.460000000000,46,180
public,Jigar8800/redrob-ai-candidate-ranker,https://github.com/Jigar8800/redrob-ai-candidate-ranker,blind,3,team_submission.csv,blind,0.938014754908,0.885959914840,0.951923076923,0.700000000000,0.912583813444,0.170000000000,17,50
public,Jigar8800/redrob-ai-candidate-ranker,https://github.com/Jigar8800/redrob-ai-candidate-ranker,blind,3,team_submission.csv,merged_j1,0.747278220009,0.748107834489,0.982461927427,1.000000000000,0.795440749465,0.680000000000,68,281
public,Jigar8800/redrob-ai-candidate-ranker,https://github.com/Jigar8800/redrob-ai-candidate-ranker,blind,3,team_submission.csv,merged_j2,0.927939021650,0.849684579807,1.000000000000,1.000000000000,0.918874884767,0.680000000000,68,281
public,Jigar8800/redrob-ai-candidate-ranker,https://github.com/Jigar8800/redrob-ai-candidate-ranker,blind,3,team_submission.csv,merged_j3,0.913211723113,0.816434747010,1.000000000000,1.000000000000,0.901536285659,0.680000000000,68,281
public,Jigar8800/redrob-ai-candidate-ranker,https://github.com/Jigar8800/redrob-ai-candidate-ranker,blind,3,team_submission.csv,relabel_j4,0.962134749884,0.830571383869,1.000000000000,1.000000000000,0.930238790103,0.640000000000,64,135
public,Jigar8800/redrob-ai-candidate-ranker,https://github.com/Jigar8800/redrob-ai-candidate-ranker,blind,3,team_submission.csv,relabel_g25,0.789381583860,0.755588144570,1.000000000000,1.000000000000,0.821367235301,0.650000000000,65,136
public,Jigar8800/redrob-ai-candidate-ranker,https://github.com/Jigar8800/redrob-ai-candidate-ranker,blind,3,team_submission.csv,blind_test_frozen,0.854838112632,0.852552581637,1.000000000000,1.000000000000,0.883184830807,0.810000000000,81,1000
public,Jothik1506-ai/India-Runs-Hackathon_Team-Dev-DUO,https://github.com/Jothik1506-ai/India-Runs-Hackathon_Team-Dev-DUO,reviewer,10,submission.csv,h2,0.745584686960,0.811060384356,0.986734326359,1.000000000000,0.814120607741,1.000000000000,100,100000
public,Jothik1506-ai/India-Runs-Hackathon_Team-Dev-DUO,https://github.com/Jothik1506-ai/India-Runs-Hackathon_Team-Dev-DUO,reviewer,10,submission.csv,independent,0.670512735646,0.702359995017,0.986734326359,1.000000000000,0.743974515282,1.000000000000,100,100000
public,Jothik1506-ai/India-Runs-Hackathon_Team-Dev-DUO,https://github.com/Jothik1506-ai/India-Runs-Hackathon_Team-Dev-DUO,reviewer,10,submission.csv,judge1,0.725935532036,0.860280534245,1.000000000000,1.000000000000,0.821051926292,0.590000000000,59,249
public,Jothik1506-ai/India-Runs-Hackathon_Team-Dev-DUO,https://github.com/Jothik1506-ai/India-Runs-Hackathon_Team-Dev-DUO,reviewer,10,submission.csv,judge2,0.920219695701,0.868747702976,1.000000000000,1.000000000000,0.920734158743,0.590000000000,59,249
public,Jothik1506-ai/India-Runs-Hackathon_Team-Dev-DUO,https://github.com/Jothik1506-ai/India-Runs-Hackathon_Team-Dev-DUO,reviewer,10,submission.csv,judge3,0.814353028694,0.830442511916,1.000000000000,1.000000000000,0.856309267922,0.590000000000,59,249
public,Jothik1506-ai/India-Runs-Hackathon_Team-Dev-DUO,https://github.com/Jothik1506-ai/India-Runs-Hackathon_Team-Dev-DUO,reviewer,10,submission.csv,expand,0.658663253863,0.631644863269,0.947991060875,1.000000000000,0.711023745043,0.380000000000,38,639
public,Jothik1506-ai/India-Runs-Hackathon_Team-Dev-DUO,https://github.com/Jothik1506-ai/India-Runs-Hackathon_Team-Dev-DUO,reviewer,10,submission.csv,silver20k,0.829341789709,0.715866081103,0.805427464461,1.000000000000,0.800244838854,0.260000000000,26,20000
public,Jothik1506-ai/India-Runs-Hackathon_Team-Dev-DUO,https://github.com/Jothik1506-ai/India-Runs-Hackathon_Team-Dev-DUO,reviewer,10,submission.csv,reviewer,1.000000000000,0.819154738319,0.652302494887,1.000000000000,0.893591795729,0.550000000000,55,180
public,Jothik1506-ai/India-Runs-Hackathon_Team-Dev-DUO,https://github.com/Jothik1506-ai/India-Runs-Hackathon_Team-Dev-DUO,reviewer,10,submission.csv,blind,0.769779822120,0.800228414422,0.623205992923,0.500000000000,0.743439334325,0.190000000000,19,50
public,Jothik1506-ai/India-Runs-Hackathon_Team-Dev-DUO,https://github.com/Jothik1506-ai/India-Runs-Hackathon_Team-Dev-DUO,reviewer,10,submission.csv,merged_j1,0.799235690580,0.837954752500,1.000000000000,1.000000000000,0.851004271040,0.790000000000,79,281
public,Jothik1506-ai/India-Runs-Hackathon_Team-Dev-DUO,https://github.com/Jothik1506-ai/India-Runs-Hackathon_Team-Dev-DUO,reviewer,10,submission.csv,merged_j2,0.881395814155,0.844710207099,1.000000000000,1.000000000000,0.894110969207,0.790000000000,79,281
public,Jothik1506-ai/India-Runs-Hackathon_Team-Dev-DUO,https://github.com/Jothik1506-ai/India-Runs-Hackathon_Team-Dev-DUO,reviewer,10,submission.csv,merged_j3,0.850188498080,0.823522404055,1.000000000000,1.000000000000,0.872150970257,0.790000000000,79,281
public,Jothik1506-ai/India-Runs-Hackathon_Team-Dev-DUO,https://github.com/Jothik1506-ai/India-Runs-Hackathon_Team-Dev-DUO,reviewer,10,submission.csv,relabel_j4,0.889022901009,0.821105982241,1.000000000000,1.000000000000,0.890843245177,0.740000000000,74,135
public,Jothik1506-ai/India-Runs-Hackathon_Team-Dev-DUO,https://github.com/Jothik1506-ai/India-Runs-Hackathon_Team-Dev-DUO,reviewer,10,submission.csv,relabel_g25,0.921859436854,0.847524024494,1.000000000000,1.000000000000,0.915186925775,0.740000000000,74,136
public,Jothik1506-ai/India-Runs-Hackathon_Team-Dev-DUO,https://github.com/Jothik1506-ai/India-Runs-Hackathon_Team-Dev-DUO,reviewer,10,submission.csv,blind_test_frozen,0.822494524772,0.857611358287,1.000000000000,1.000000000000,0.868530669872,0.850000000000,85,1000
public,joyjit-das/redrob-ranker,https://github.com/joyjit-das/redrob-ranker,blind,6,data/submission.csv,h2,0.825607222896,0.768192949013,0.985870495166,1.000000000000,0.841142070427,1.000000000000,100,100000
public,joyjit-das/redrob-ranker,https://github.com/joyjit-das/redrob-ranker,blind,6,data/submission.csv,independent,0.873489153545,0.754348513157,0.985870495166,1.000000000000,0.860929704994,1.000000000000,100,100000
public,joyjit-das/redrob-ranker,https://github.com/joyjit-das/redrob-ranker,blind,6,data/submission.csv,judge1,0.748907439779,0.826178616596,1.000000000000,1.000000000000,0.822307304868,0.670000000000,67,249
public,joyjit-das/redrob-ranker,https://github.com/joyjit-das/redrob-ranker,blind,6,data/submission.csv,judge2,1.000000000000,0.881319889486,1.000000000000,1.000000000000,0.964395966846,0.670000000000,67,249
public,joyjit-das/redrob-ranker,https://github.com/joyjit-das/redrob-ranker,blind,6,data/submission.csv,judge3,0.943202124826,0.853297586516,1.000000000000,1.000000000000,0.927590338368,0.670000000000,67,249
public,joyjit-das/redrob-ranker,https://github.com/joyjit-das/redrob-ranker,blind,6,data/submission.csv,expand,0.617851110695,0.601363895720,1.000000000000,1.000000000000,0.689334724063,0.330000000000,33,639
public,joyjit-das/redrob-ranker,https://github.com/joyjit-das/redrob-ranker,blind,6,data/submission.csv,silver20k,0.883521916096,0.666048629329,0.944598337950,1.000000000000,0.833265297539,0.190000000000,19,20000
public,joyjit-das/redrob-ranker,https://github.com/joyjit-das/redrob-ranker,blind,6,data/submission.csv,reviewer,0.911963293481,0.848371539561,0.731002849079,0.900000000000,0.865143535971,0.560000000000,56,180
public,joyjit-das/redrob-ranker,https://github.com/joyjit-das/redrob-ranker,blind,6,data/submission.csv,blind,0.938014754908,0.911085922135,0.937500000000,0.700000000000,0.917958154094,0.200000000000,20,50
public,joyjit-das/redrob-ranker,https://github.com/joyjit-das/redrob-ranker,blind,6,data/submission.csv,merged_j1,0.748907439779,0.755090307513,1.000000000000,1.000000000000,0.800980812143,0.790000000000,79,281
public,joyjit-das/redrob-ranker,https://github.com/joyjit-das/redrob-ranker,blind,6,data/submission.csv,merged_j2,1.000000000000,0.890128603450,1.000000000000,1.000000000000,0.967038581035,0.790000000000,79,281
public,joyjit-das/redrob-ranker,https://github.com/joyjit-das/redrob-ranker,blind,6,data/submission.csv,merged_j3,0.943202124826,0.852873138140,1.000000000000,1.000000000000,0.927463003855,0.790000000000,79,281
public,joyjit-das/redrob-ranker,https://github.com/joyjit-das/redrob-ranker,blind,6,data/submission.csv,relabel_j4,1.000000000000,0.855379958197,1.000000000000,1.000000000000,0.956613987459,0.760000000000,76,135
public,joyjit-das/redrob-ranker,https://github.com/joyjit-das/redrob-ranker,blind,6,data/submission.csv,relabel_g25,0.787401057856,0.792892289818,1.000000000000,1.000000000000,0.831568215874,0.770000000000,77,136
public,joyjit-das/redrob-ranker,https://github.com/joyjit-das/redrob-ranker,blind,6,data/submission.csv,blind_test_frozen,0.923479298808,0.877260735098,1.000000000000,1.000000000000,0.924917869933,0.860000000000,86,1000
public,k25kar/redrob-ranker,https://github.com/k25kar/redrob-ranker,mean7,4,outputs/submission.csv,h2,0.843996213603,0.828676556362,1.000000000000,1.000000000000,0.870601073710,1.000000000000,100,100000
public,k25kar/redrob-ranker,https://github.com/k25kar/redrob-ranker,mean7,4,outputs/submission.csv,independent,0.868704702875,0.742636636133,1.000000000000,1.000000000000,0.857143342277,1.000000000000,100,100000
public,k25kar/redrob-ranker,https://github.com/k25kar/redrob-ranker,mean7,4,outputs/submission.csv,judge1,0.814498793756,0.882354436512,1.000000000000,1.000000000000,0.871955727832,0.590000000000,59,249
public,k25kar/redrob-ranker,https://github.com/k25kar/redrob-ranker,mean7,4,outputs/submission.csv,judge2,1.000000000000,0.880951298873,1.000000000000,1.000000000000,0.964285389662,0.590000000000,59,249
public,k25kar/redrob-ranker,https://github.com/k25kar/redrob-ranker,mean7,4,outputs/submission.csv,judge3,0.951076973229,0.873914717269,1.000000000000,1.000000000000,0.937712901795,0.590000000000,59,249
public,k25kar/redrob-ranker,https://github.com/k25kar/redrob-ranker,mean7,4,outputs/submission.csv,expand,0.666548124989,0.745351212130,1.000000000000,1.000000000000,0.756879426134,0.410000000000,41,639
public,k25kar/redrob-ranker,https://github.com/k25kar/redrob-ranker,mean7,4,outputs/submission.csv,silver20k,0.918762425960,0.745261742971,0.849112121546,1.000000000000,0.860326554103,0.240000000000,24,20000
public,k25kar/redrob-ranker,https://github.com/k25kar/redrob-ranker,mean7,4,outputs/submission.csv,reviewer,0.931885505887,0.800668049725,0.642074992024,0.900000000000,0.847454416664,0.680000000000,68,180
public,k25kar/redrob-ranker,https://github.com/k25kar/redrob-ranker,mean7,4,outputs/submission.csv,blind,0.845386331749,0.865382245460,0.730952380952,0.600000000000,0.821950696655,0.240000000000,24,50
public,k25kar/redrob-ranker,https://github.com/k25kar/redrob-ranker,mean7,4,outputs/submission.csv,merged_j1,0.824597938981,0.846744687314,1.000000000000,1.000000000000,0.866322375685,0.790000000000,79,281
public,k25kar/redrob-ranker,https://github.com/k25kar/redrob-ranker,mean7,4,outputs/submission.csv,merged_j2,1.000000000000,0.874647823331,1.000000000000,1.000000000000,0.962394346999,0.790000000000,79,281
public,k25kar/redrob-ranker,https://github.com/k25kar/redrob-ranker,mean7,4,outputs/submission.csv,merged_j3,0.956055165088,0.836249333500,1.000000000000,1.000000000000,0.928902382594,0.790000000000,79,281
public,k25kar/redrob-ranker,https://github.com/k25kar/redrob-ranker,mean7,4,outputs/submission.csv,relabel_j4,1.000000000000,0.840689720182,1.000000000000,1.000000000000,0.952206916055,0.760000000000,76,135
public,k25kar/redrob-ranker,https://github.com/k25kar/redrob-ranker,mean7,4,outputs/submission.csv,relabel_g25,0.788091881255,0.806001761271,1.000000000000,1.000000000000,0.835846469009,0.760000000000,76,136
public,k25kar/redrob-ranker,https://github.com/k25kar/redrob-ranker,mean7,4,outputs/submission.csv,blind_test_frozen,0.963030959322,0.906916134168,1.000000000000,1.000000000000,0.953590319911,0.830000000000,83,1000
public,Kartik-37/India_runs_data_and_ai_challenge,https://github.com/Kartik-37/India_runs_data_and_ai_challenge,blind,3,team_submission.csv,h2,0.833854386561,0.806145660405,1.000000000000,1.000000000000,0.858770891402,1.000000000000,100,100000
public,Kartik-37/India_runs_data_and_ai_challenge,https://github.com/Kartik-37/India_runs_data_and_ai_challenge,blind,3,team_submission.csv,independent,0.841180912718,0.778359251186,1.000000000000,1.000000000000,0.854098231714,1.000000000000,100,100000
public,Kartik-37/India_runs_data_and_ai_challenge,https://github.com/Kartik-37/India_runs_data_and_ai_challenge,blind,3,team_submission.csv,judge1,0.713082491775,0.796047710514,0.980322248756,1.000000000000,0.792403896355,0.600000000000,60,249
public,Kartik-37/India_runs_data_and_ai_challenge,https://github.com/Kartik-37/India_runs_data_and_ai_challenge,blind,3,team_submission.csv,judge2,0.929298214040,0.832633115282,1.000000000000,1.000000000000,0.914439041604,0.600000000000,60,249
public,Kartik-37/India_runs_data_and_ai_challenge,https://github.com/Kartik-37/India_runs_data_and_ai_challenge,blind,3,team_submission.csv,judge3,0.880375187268,0.817702138469,1.000000000000,1.000000000000,0.885498235175,0.600000000000,60,249
public,Kartik-37/India_runs_data_and_ai_challenge,https://github.com/Kartik-37/India_runs_data_and_ai_challenge,blind,3,team_submission.csv,expand,0.733941198633,0.554129809151,0.870265026679,1.000000000000,0.713749296064,0.310000000000,31,639
public,Kartik-37/India_runs_data_and_ai_challenge,https://github.com/Kartik-37/India_runs_data_and_ai_challenge,blind,3,team_submission.csv,silver20k,0.738251879851,0.608997601452,0.882811226984,1.000000000000,0.734246904409,0.190000000000,19,20000
public,Kartik-37/India_runs_data_and_ai_challenge,https://github.com/Kartik-37/India_runs_data_and_ai_challenge,blind,3,team_submission.csv,reviewer,0.868624330955,0.787982186864,0.587388122034,0.800000000000,0.798815039842,0.460000000000,46,180
public,Kartik-37/India_runs_data_and_ai_challenge,https://github.com/Kartik-37/India_runs_data_and_ai_challenge,blind,3,team_submission.csv,blind,0.938014754908,0.885959914840,0.951923076923,0.700000000000,0.912583813444,0.170000000000,17,50
public,Kartik-37/India_runs_data_and_ai_challenge,https://github.com/Kartik-37/India_runs_data_and_ai_challenge,blind,3,team_submission.csv,merged_j1,0.747278220009,0.748107834489,0.982461927427,1.000000000000,0.795440749465,0.680000000000,68,281
public,Kartik-37/India_runs_data_and_ai_challenge,https://github.com/Kartik-37/India_runs_data_and_ai_challenge,blind,3,team_submission.csv,merged_j2,0.927939021650,0.849684579807,1.000000000000,1.000000000000,0.918874884767,0.680000000000,68,281
public,Kartik-37/India_runs_data_and_ai_challenge,https://github.com/Kartik-37/India_runs_data_and_ai_challenge,blind,3,team_submission.csv,merged_j3,0.913211723113,0.816434747010,1.000000000000,1.000000000000,0.901536285659,0.680000000000,68,281
public,Kartik-37/India_runs_data_and_ai_challenge,https://github.com/Kartik-37/India_runs_data_and_ai_challenge,blind,3,team_submission.csv,relabel_j4,0.962134749884,0.830571383869,1.000000000000,1.000000000000,0.930238790103,0.640000000000,64,135
public,Kartik-37/India_runs_data_and_ai_challenge,https://github.com/Kartik-37/India_runs_data_and_ai_challenge,blind,3,team_submission.csv,relabel_g25,0.789381583860,0.755588144570,1.000000000000,1.000000000000,0.821367235301,0.650000000000,65,136
public,Kartik-37/India_runs_data_and_ai_challenge,https://github.com/Kartik-37/India_runs_data_and_ai_challenge,blind,3,team_submission.csv,blind_test_frozen,0.854838112632,0.852552581637,1.000000000000,1.000000000000,0.883184830807,0.810000000000,81,1000
public,khushii1412/redrob-candidate-ranking,https://github.com/khushii1412/redrob-candidate-ranking,mean7,5,final_submission.csv,h2,0.835834954482,0.818194716681,0.980911655213,1.000000000000,0.860512640527,1.000000000000,100,100000
public,khushii1412/redrob-candidate-ranking,https://github.com/khushii1412/redrob-candidate-ranking,mean7,5,final_submission.csv,independent,0.884310052827,0.765903212406,0.980911655213,1.000000000000,0.869062738417,1.000000000000,100,100000
public,khushii1412/redrob-candidate-ranking,https://github.com/khushii1412/redrob-candidate-ranking,mean7,5,final_submission.csv,judge1,0.781506735458,0.862595363785,1.000000000000,1.000000000000,0.849531976864,0.620000000000,62,249
public,khushii1412/redrob-candidate-ranking,https://github.com/khushii1412/redrob-candidate-ranking,mean7,5,final_submission.csv,judge2,1.000000000000,0.885801981104,1.000000000000,1.000000000000,0.965740594331,0.620000000000,62,249
public,khushii1412/redrob-candidate-ranking,https://github.com/khushii1412/redrob-candidate-ranking,mean7,5,final_submission.csv,judge3,0.962134749884,0.879185245776,1.000000000000,1.000000000000,0.944822948675,0.620000000000,62,249
public,khushii1412/redrob-candidate-ranking,https://github.com/khushii1412/redrob-candidate-ranking,mean7,5,final_submission.csv,expand,0.666548124989,0.668871012847,1.000000000000,1.000000000000,0.733935366349,0.380000000000,38,639
public,khushii1412/redrob-candidate-ranking,https://github.com/khushii1412/redrob-candidate-ranking,mean7,5,final_submission.csv,silver20k,0.824836259809,0.677084202360,0.847643608828,0.900000000000,0.787689931937,0.210000000000,21,20000
public,khushii1412/redrob-candidate-ranking,https://github.com/khushii1412/redrob-candidate-ranking,mean7,5,final_submission.csv,reviewer,0.888305483557,0.799660609268,0.648328835905,0.800000000000,0.821300249945,0.660000000000,66,180
public,khushii1412/redrob-candidate-ranking,https://github.com/khushii1412/redrob-candidate-ranking,mean7,5,final_submission.csv,blind,0.864513163569,0.904235550387,0.858333333333,0.600000000000,0.862277246901,0.210000000000,21,50
public,khushii1412/redrob-candidate-ranking,https://github.com/khushii1412/redrob-candidate-ranking,mean7,5,final_submission.csv,merged_j1,0.815702463692,0.797940335968,1.000000000000,1.000000000000,0.847233332636,0.820000000000,82,281
public,khushii1412/redrob-candidate-ranking,https://github.com/khushii1412/redrob-candidate-ranking,mean7,5,final_submission.csv,merged_j2,1.000000000000,0.900765823776,1.000000000000,1.000000000000,0.970229747133,0.820000000000,82,281
public,khushii1412/redrob-candidate-ranking,https://github.com/khushii1412/redrob-candidate-ranking,mean7,5,final_submission.csv,merged_j3,0.962134749884,0.862249524237,1.000000000000,1.000000000000,0.939742232213,0.820000000000,82,281
public,khushii1412/redrob-candidate-ranking,https://github.com/khushii1412/redrob-candidate-ranking,mean7,5,final_submission.csv,relabel_j4,1.000000000000,0.872192063493,1.000000000000,1.000000000000,0.961657619048,0.780000000000,78,135
public,khushii1412/redrob-candidate-ranking,https://github.com/khushii1412/redrob-candidate-ranking,mean7,5,final_submission.csv,relabel_g25,0.724956621832,0.726030450851,1.000000000000,1.000000000000,0.780287446171,0.790000000000,79,136
public,khushii1412/redrob-candidate-ranking,https://github.com/khushii1412/redrob-candidate-ranking,mean7,5,final_submission.csv,blind_test_frozen,0.958804143203,0.905668751390,1.000000000000,1.000000000000,0.951102697018,0.870000000000,87,1000
public,Kirtiraj666/redrob_ranker,https://github.com/Kirtiraj666/redrob_ranker,mean7,5,redrob ranker final/output/submission.csv,h2,0.842818103007,0.851759946428,0.960787976298,1.000000000000,0.871055231877,1.000000000000,100,100000
public,Kirtiraj666/redrob_ranker,https://github.com/Kirtiraj666/redrob_ranker,mean7,5,redrob ranker final/output/submission.csv,independent,0.812927591028,0.732741833242,0.960787976298,1.000000000000,0.820404541931,1.000000000000,100,100000
public,Kirtiraj666/redrob_ranker,https://github.com/Kirtiraj666/redrob_ranker,mean7,5,redrob ranker final/output/submission.csv,judge1,0.885835657799,0.905195855227,1.000000000000,1.000000000000,0.914476585468,0.560000000000,56,249
public,Kirtiraj666/redrob_ranker,https://github.com/Kirtiraj666/redrob_ranker,mean7,5,redrob ranker final/output/submission.csv,judge2,1.000000000000,0.898758513339,1.000000000000,1.000000000000,0.969627554002,0.560000000000,56,249
public,Kirtiraj666/redrob_ranker,https://github.com/Kirtiraj666/redrob_ranker,mean7,5,redrob ranker final/output/submission.csv,judge3,0.927939021650,0.864705125887,1.000000000000,1.000000000000,0.923381048591,0.560000000000,56,249
public,Kirtiraj666/redrob_ranker,https://github.com/Kirtiraj666/redrob_ranker,mean7,5,redrob ranker final/output/submission.csv,expand,0.715912659173,0.775597172480,1.000000000000,1.000000000000,0.790635481331,0.440000000000,44,639
public,Kirtiraj666/redrob_ranker,https://github.com/Kirtiraj666/redrob_ranker,mean7,5,redrob ranker final/output/submission.csv,silver20k,0.774431752388,0.665863442291,0.867257487790,1.000000000000,0.767063532050,0.210000000000,21,20000
public,Kirtiraj666/redrob_ranker,https://github.com/Kirtiraj666/redrob_ranker,mean7,5,redrob ranker final/output/submission.csv,reviewer,0.818087721588,0.745525819698,0.615973092858,0.700000000000,0.760097570632,0.780000000000,78,180
public,Kirtiraj666/redrob_ranker,https://github.com/Kirtiraj666/redrob_ranker,mean7,5,redrob ranker final/output/submission.csv,blind,0.836930292687,0.926028086511,0.823511904762,0.600000000000,0.849800358011,0.260000000000,26,50
public,Kirtiraj666/redrob_ranker,https://github.com/Kirtiraj666/redrob_ranker,mean7,5,redrob ranker final/output/submission.csv,merged_j1,0.852999121954,0.842792438256,1.000000000000,1.000000000000,0.879337292454,0.780000000000,78,281
public,Kirtiraj666/redrob_ranker,https://github.com/Kirtiraj666/redrob_ranker,mean7,5,redrob ranker final/output/submission.csv,merged_j2,1.000000000000,0.913194789460,1.000000000000,1.000000000000,0.973958436838,0.780000000000,78,281
public,Kirtiraj666/redrob_ranker,https://github.com/Kirtiraj666/redrob_ranker,mean7,5,redrob ranker final/output/submission.csv,merged_j3,0.927939021650,0.845050897848,1.000000000000,1.000000000000,0.917484780179,0.780000000000,78,281
public,Kirtiraj666/redrob_ranker,https://github.com/Kirtiraj666/redrob_ranker,mean7,5,redrob ranker final/output/submission.csv,relabel_j4,0.887383159857,0.825214398513,1.000000000000,1.000000000000,0.891255899482,0.750000000000,75,135
public,Kirtiraj666/redrob_ranker,https://github.com/Kirtiraj666/redrob_ranker,mean7,5,redrob ranker final/output/submission.csv,relabel_g25,0.770219884114,0.750216587081,1.000000000000,1.000000000000,0.810174918181,0.760000000000,76,136
public,Kirtiraj666/redrob_ranker,https://github.com/Kirtiraj666/redrob_ranker,mean7,5,redrob ranker final/output/submission.csv,blind_test_frozen,0.927003999034,0.918890727801,1.000000000000,1.000000000000,0.939169217857,0.840000000000,84,1000
public,krishna-yesaswini/redrob-ranker,https://github.com/krishna-yesaswini/redrob-ranker,reviewer,1,submission.csv,h2,0.629875652084,0.749363730314,1.000000000000,1.000000000000,0.739746945136,1.000000000000,100,100000
public,krishna-yesaswini/redrob-ranker,https://github.com/krishna-yesaswini/redrob-ranker,reviewer,1,submission.csv,independent,0.645207556942,0.717098513413,1.000000000000,1.000000000000,0.737733332495,1.000000000000,100,100000
public,krishna-yesaswini/redrob-ranker,https://github.com/krishna-yesaswini/redrob-ranker,reviewer,1,submission.csv,judge1,0.667920742501,0.814357680175,0.983968722384,1.000000000000,0.775862983661,0.690000000000,69,249
public,krishna-yesaswini/redrob-ranker,https://github.com/krishna-yesaswini/redrob-ranker,reviewer,1,submission.csv,judge2,0.850568780266,0.807257993599,1.000000000000,1.000000000000,0.867461788213,0.690000000000,69,249
public,krishna-yesaswini/redrob-ranker,https://github.com/krishna-yesaswini/redrob-ranker,reviewer,1,submission.csv,judge3,0.850568780266,0.810728172369,1.000000000000,1.000000000000,0.868502841844,0.690000000000,69,249
public,krishna-yesaswini/redrob-ranker,https://github.com/krishna-yesaswini/redrob-ranker,reviewer,1,submission.csv,expand,0.643669496954,0.554997132556,0.963361663155,1.000000000000,0.682838137717,0.310000000000,31,639
public,krishna-yesaswini/redrob-ranker,https://github.com/krishna-yesaswini/redrob-ranker,reviewer,1,submission.csv,silver20k,0.765445623001,0.625817316364,0.827677552230,0.900000000000,0.739619639244,0.210000000000,21,20000
public,krishna-yesaswini/redrob-ranker,https://github.com/krishna-yesaswini/redrob-ranker,reviewer,1,submission.csv,reviewer,1.000000000000,0.796166571057,0.588276433679,1.000000000000,0.877091436369,0.550000000000,55,180
public,krishna-yesaswini/redrob-ranker,https://github.com/krishna-yesaswini/redrob-ranker,reviewer,1,submission.csv,blind,0.872518562195,0.892572128517,0.889583333333,0.600000000000,0.867468419653,0.190000000000,19,50
public,krishna-yesaswini/redrob-ranker,https://github.com/krishna-yesaswini/redrob-ranker,reviewer,1,submission.csv,merged_j1,0.702116470736,0.736423118434,0.985025019428,1.000000000000,0.769738923812,0.770000000000,77,281
public,krishna-yesaswini/redrob-ranker,https://github.com/krishna-yesaswini/redrob-ranker,reviewer,1,submission.csv,merged_j2,0.850568780266,0.823367075182,1.000000000000,1.000000000000,0.872294512688,0.770000000000,77,281
public,krishna-yesaswini/redrob-ranker,https://github.com/krishna-yesaswini/redrob-ranker,reviewer,1,submission.csv,merged_j3,0.850568780266,0.796927848776,1.000000000000,1.000000000000,0.864362744766,0.770000000000,77,281
public,krishna-yesaswini/redrob-ranker,https://github.com/krishna-yesaswini/redrob-ranker,reviewer,1,submission.csv,relabel_j4,0.806623945354,0.773785811716,1.000000000000,1.000000000000,0.835447716192,0.730000000000,73,135
public,krishna-yesaswini/redrob-ranker,https://github.com/krishna-yesaswini/redrob-ranker,reviewer,1,submission.csv,relabel_g25,0.907366655440,0.741102093570,1.000000000000,1.000000000000,0.876013955791,0.740000000000,74,136
public,krishna-yesaswini/redrob-ranker,https://github.com/krishna-yesaswini/redrob-ranker,reviewer,1,submission.csv,blind_test_frozen,0.802225636252,0.823458255878,1.000000000000,1.000000000000,0.848150294889,0.840000000000,84,1000
public,Ksmashhero06/redrob-intelligent-candidate-ranker,https://github.com/Ksmashhero06/redrob-intelligent-candidate-ranker,h2,6,submission.csv,h2,0.895491249967,0.866667724139,1.000000000000,1.000000000000,0.907745942225,1.000000000000,100,100000
public,Ksmashhero06/redrob-intelligent-candidate-ranker,https://github.com/Ksmashhero06/redrob-intelligent-candidate-ranker,h2,6,submission.csv,independent,0.879958775141,0.805261572546,0.988728460190,1.000000000000,0.879867128363,1.000000000000,100,100000
public,Ksmashhero06/redrob-intelligent-candidate-ranker,https://github.com/Ksmashhero06/redrob-intelligent-candidate-ranker,h2,6,submission.csv,judge1,0.690334579773,0.800160580236,1.000000000000,1.000000000000,0.785215463957,0.530000000000,53,249
public,Ksmashhero06/redrob-intelligent-candidate-ranker,https://github.com/Ksmashhero06/redrob-intelligent-candidate-ranker,h2,6,submission.csv,judge2,0.876169860747,0.795712256619,1.000000000000,1.000000000000,0.876798607359,0.530000000000,53,249
public,Ksmashhero06/redrob-intelligent-candidate-ranker,https://github.com/Ksmashhero06/redrob-intelligent-candidate-ranker,h2,6,submission.csv,judge3,0.719740425816,0.750749905115,0.915601982110,1.000000000000,0.772435481759,0.530000000000,53,249
public,Ksmashhero06/redrob-intelligent-candidate-ranker,https://github.com/Ksmashhero06/redrob-intelligent-candidate-ranker,h2,6,submission.csv,expand,0.490506020007,0.446532445575,0.616491542928,0.800000000000,0.511686475115,0.270000000000,27,639
public,Ksmashhero06/redrob-intelligent-candidate-ranker,https://github.com/Ksmashhero06/redrob-intelligent-candidate-ranker,h2,6,submission.csv,silver20k,0.532226791287,0.520198126438,0.412309826662,0.700000000000,0.519019307574,0.270000000000,27,20000
public,Ksmashhero06/redrob-intelligent-candidate-ranker,https://github.com/Ksmashhero06/redrob-intelligent-candidate-ranker,h2,6,submission.csv,reviewer,0.623918607970,0.648511728510,0.347617147114,0.500000000000,0.583655394605,0.460000000000,46,180
public,Ksmashhero06/redrob-intelligent-candidate-ranker,https://github.com/Ksmashhero06/redrob-intelligent-candidate-ranker,h2,6,submission.csv,blind,0.601121041898,0.636582290907,0.344575522517,0.400000000000,0.563221536599,0.170000000000,17,50
public,Ksmashhero06/redrob-intelligent-candidate-ranker,https://github.com/Ksmashhero06/redrob-intelligent-candidate-ranker,h2,6,submission.csv,merged_j1,0.690334579773,0.749566127480,1.000000000000,1.000000000000,0.770037128130,0.610000000000,61,281
public,Ksmashhero06/redrob-intelligent-candidate-ranker,https://github.com/Ksmashhero06/redrob-intelligent-candidate-ranker,h2,6,submission.csv,merged_j2,0.876169860747,0.803482267015,1.000000000000,1.000000000000,0.879129610478,0.610000000000,61,281
public,Ksmashhero06/redrob-intelligent-candidate-ranker,https://github.com/Ksmashhero06/redrob-intelligent-candidate-ranker,h2,6,submission.csv,merged_j3,0.719740425816,0.754001701222,0.924914412028,1.000000000000,0.774807885079,0.610000000000,61,281
public,Ksmashhero06/redrob-intelligent-candidate-ranker,https://github.com/Ksmashhero06/redrob-intelligent-candidate-ranker,h2,6,submission.csv,relabel_j4,0.932967735921,0.804840736541,1.000000000000,1.000000000000,0.907936088923,0.550000000000,55,135
public,Ksmashhero06/redrob-intelligent-candidate-ranker,https://github.com/Ksmashhero06/redrob-intelligent-candidate-ranker,h2,6,submission.csv,relabel_g25,0.723166650883,0.729689867045,1.000000000000,1.000000000000,0.780490285555,0.550000000000,55,136
public,Ksmashhero06/redrob-intelligent-candidate-ranker,https://github.com/Ksmashhero06/redrob-intelligent-candidate-ranker,h2,6,submission.csv,blind_test_frozen,0.745678802529,0.807860883596,1.000000000000,1.000000000000,0.815197666343,0.760000000000,76,1000
public,kumarabhik/redrob-candidate-ranking,https://github.com/kumarabhik/redrob-candidate-ranking,engineering,17,[PUB] India_runs_data_and_ai_challenge/India_runs_data_and_ai_challenge/sample_submission.csv,h2,0.044201887867,0.024399604485,0.014543942702,0.300000000000,0.046602416684,1.000000000000,100,100000
public,kumarabhik/redrob-candidate-ranking,https://github.com/kumarabhik/redrob-candidate-ranking,engineering,17,[PUB] India_runs_data_and_ai_challenge/India_runs_data_and_ai_challenge/sample_submission.csv,independent,0.021357164641,0.010921250547,0.002005649718,0.100000000000,0.019255804942,1.000000000000,100,100000
public,kumarabhik/redrob-candidate-ranking,https://github.com/kumarabhik/redrob-candidate-ranking,engineering,17,[PUB] India_runs_data_and_ai_challenge/India_runs_data_and_ai_challenge/sample_submission.csv,judge1,0.000000000000,0.000000000000,0.000000000000,0.000000000000,0.000000000000,0.000000000000,0,249
public,kumarabhik/redrob-candidate-ranking,https://github.com/kumarabhik/redrob-candidate-ranking,engineering,17,[PUB] India_runs_data_and_ai_challenge/India_runs_data_and_ai_challenge/sample_submission.csv,judge2,0.000000000000,0.000000000000,0.000000000000,0.000000000000,0.000000000000,0.000000000000,0,249
public,kumarabhik/redrob-candidate-ranking,https://github.com/kumarabhik/redrob-candidate-ranking,engineering,17,[PUB] India_runs_data_and_ai_challenge/India_runs_data_and_ai_challenge/sample_submission.csv,judge3,0.000000000000,0.000000000000,0.000000000000,0.000000000000,0.000000000000,0.000000000000,0,249
public,kumarabhik/redrob-candidate-ranking,https://github.com/kumarabhik/redrob-candidate-ranking,engineering,17,[PUB] India_runs_data_and_ai_challenge/India_runs_data_and_ai_challenge/sample_submission.csv,expand,0.000000000000,0.000000000000,0.000000000000,0.000000000000,0.000000000000,0.000000000000,0,639
public,kumarabhik/redrob-candidate-ranking,https://github.com/kumarabhik/redrob-candidate-ranking,engineering,17,[PUB] India_runs_data_and_ai_challenge/India_runs_data_and_ai_challenge/sample_submission.csv,silver20k,0.015623295606,0.024762243673,0.000000000000,0.000000000000,0.015240320905,1.000000000000,100,20000
public,kumarabhik/redrob-candidate-ranking,https://github.com/kumarabhik/redrob-candidate-ranking,engineering,17,[PUB] India_runs_data_and_ai_challenge/India_runs_data_and_ai_challenge/sample_submission.csv,reviewer,0.000000000000,0.000000000000,0.000000000000,0.000000000000,0.000000000000,0.000000000000,0,180
public,kumarabhik/redrob-candidate-ranking,https://github.com/kumarabhik/redrob-candidate-ranking,engineering,17,[PUB] India_runs_data_and_ai_challenge/India_runs_data_and_ai_challenge/sample_submission.csv,blind,0.000000000000,0.000000000000,0.000000000000,0.000000000000,0.000000000000,0.000000000000,0,50
public,kumarabhik/redrob-candidate-ranking,https://github.com/kumarabhik/redrob-candidate-ranking,engineering,17,[PUB] India_runs_data_and_ai_challenge/India_runs_data_and_ai_challenge/sample_submission.csv,merged_j1,0.000000000000,0.000000000000,0.000000000000,0.000000000000,0.000000000000,0.000000000000,0,281
public,kumarabhik/redrob-candidate-ranking,https://github.com/kumarabhik/redrob-candidate-ranking,engineering,17,[PUB] India_runs_data_and_ai_challenge/India_runs_data_and_ai_challenge/sample_submission.csv,merged_j2,0.000000000000,0.000000000000,0.000000000000,0.000000000000,0.000000000000,0.000000000000,0,281
public,kumarabhik/redrob-candidate-ranking,https://github.com/kumarabhik/redrob-candidate-ranking,engineering,17,[PUB] India_runs_data_and_ai_challenge/India_runs_data_and_ai_challenge/sample_submission.csv,merged_j3,0.000000000000,0.000000000000,0.000000000000,0.000000000000,0.000000000000,0.000000000000,0,281
public,kumarabhik/redrob-candidate-ranking,https://github.com/kumarabhik/redrob-candidate-ranking,engineering,17,[PUB] India_runs_data_and_ai_challenge/India_runs_data_and_ai_challenge/sample_submission.csv,relabel_j4,0.000000000000,0.000000000000,0.000000000000,0.000000000000,0.000000000000,0.000000000000,0,135
public,kumarabhik/redrob-candidate-ranking,https://github.com/kumarabhik/redrob-candidate-ranking,engineering,17,[PUB] India_runs_data_and_ai_challenge/India_runs_data_and_ai_challenge/sample_submission.csv,relabel_g25,0.000000000000,0.000000000000,0.000000000000,0.000000000000,0.000000000000,0.000000000000,0,136
public,kumarabhik/redrob-candidate-ranking,https://github.com/kumarabhik/redrob-candidate-ranking,engineering,17,[PUB] India_runs_data_and_ai_challenge/India_runs_data_and_ai_challenge/sample_submission.csv,blind_test_frozen,0.021554396831,0.008488371117,0.000000000000,0.000000000000,0.013323709751,0.010000000000,1,1000
public,kumarvishal01971/INDIA_runs_Data_and_Ai,https://github.com/kumarvishal01971/INDIA_runs_Data_and_Ai,h2,2,submission.csv,h2,0.840768732113,0.842352330260,1.000000000000,1.000000000000,0.873090065135,1.000000000000,100,100000
public,kumarvishal01971/INDIA_runs_Data_and_Ai,https://github.com/kumarvishal01971/INDIA_runs_Data_and_Ai,h2,2,submission.csv,independent,0.849373966724,0.829520936587,1.000000000000,1.000000000000,0.873543264338,1.000000000000,100,100000
public,kumarvishal01971/INDIA_runs_Data_and_Ai,https://github.com/kumarvishal01971/INDIA_runs_Data_and_Ai,h2,2,submission.csv,judge1,0.706602346019,0.832731685141,1.000000000000,1.000000000000,0.803120678552,0.670000000000,67,249
public,kumarvishal01971/INDIA_runs_Data_and_Ai,https://github.com/kumarvishal01971/INDIA_runs_Data_and_Ai,h2,2,submission.csv,judge2,0.962134749884,0.866082539798,1.000000000000,1.000000000000,0.940892136882,0.670000000000,67,249
public,kumarvishal01971/INDIA_runs_Data_and_Ai,https://github.com/kumarvishal01971/INDIA_runs_Data_and_Ai,h2,2,submission.csv,judge3,0.926299280497,0.850389922346,1.000000000000,1.000000000000,0.918266616953,0.670000000000,67,249
public,kumarvishal01971/INDIA_runs_Data_and_Ai,https://github.com/kumarvishal01971/INDIA_runs_Data_and_Ai,h2,2,submission.csv,expand,0.666548124989,0.644608831947,1.000000000000,1.000000000000,0.726656712079,0.320000000000,32,639
public,kumarvishal01971/INDIA_runs_Data_and_Ai,https://github.com/kumarvishal01971/INDIA_runs_Data_and_Ai,h2,2,submission.csv,silver20k,0.705286457379,0.661688755754,0.807933799345,0.900000000000,0.717339925317,0.240000000000,24,20000
public,kumarvishal01971/INDIA_runs_Data_and_Ai,https://github.com/kumarvishal01971/INDIA_runs_Data_and_Ai,h2,2,submission.csv,reviewer,0.798348047739,0.746373163183,0.552987074929,0.700000000000,0.741034034063,0.640000000000,64,180
public,kumarvishal01971/INDIA_runs_Data_and_Ai,https://github.com/kumarvishal01971/INDIA_runs_Data_and_Ai,h2,2,submission.csv,blind,0.858491649244,0.897198427812,0.827724358974,0.600000000000,0.852564006812,0.210000000000,21,50
public,kumarvishal01971/INDIA_runs_Data_and_Ai,https://github.com/kumarvishal01971/INDIA_runs_Data_and_Ai,h2,2,submission.csv,merged_j1,0.706602346019,0.740967141364,1.000000000000,1.000000000000,0.775591315419,0.830000000000,83,281
public,kumarvishal01971/INDIA_runs_Data_and_Ai,https://github.com/kumarvishal01971/INDIA_runs_Data_and_Ai,h2,2,submission.csv,merged_j2,0.962134749884,0.866792370542,1.000000000000,1.000000000000,0.941105086105,0.830000000000,83,281
public,kumarvishal01971/INDIA_runs_Data_and_Ai,https://github.com/kumarvishal01971/INDIA_runs_Data_and_Ai,h2,2,submission.csv,merged_j3,0.926299280497,0.826802086037,1.000000000000,1.000000000000,0.911190266060,0.830000000000,83,281
public,kumarvishal01971/INDIA_runs_Data_and_Ai,https://github.com/kumarvishal01971/INDIA_runs_Data_and_Ai,h2,2,submission.csv,relabel_j4,0.962134749884,0.827468903863,1.000000000000,1.000000000000,0.929308046101,0.790000000000,79,135
public,kumarvishal01971/INDIA_runs_Data_and_Ai,https://github.com/kumarvishal01971/INDIA_runs_Data_and_Ai,h2,2,submission.csv,relabel_g25,0.833665935937,0.726419506216,1.000000000000,1.000000000000,0.834758819833,0.800000000000,80,136
public,kumarvishal01971/INDIA_runs_Data_and_Ai,https://github.com/kumarvishal01971/INDIA_runs_Data_and_Ai,h2,2,submission.csv,blind_test_frozen,0.845141030933,0.852150051536,1.000000000000,1.000000000000,0.878215530927,0.880000000000,88,1000
public,madhav1431-create/redrob-candidate-ranker,https://github.com/madhav1431-create/redrob-candidate-ranker,blind,4,submission.csv,h2,0.773187072334,0.806351024687,0.976550572343,1.000000000000,0.824981429424,1.000000000000,100,100000
public,madhav1431-create/redrob-candidate-ranker,https://github.com/madhav1431-create/redrob-candidate-ranker,blind,4,submission.csv,independent,0.804108948595,0.734272052216,0.965275428363,1.000000000000,0.817127404217,1.000000000000,100,100000
public,madhav1431-create/redrob-candidate-ranker,https://github.com/madhav1431-create/redrob-candidate-ranker,blind,4,submission.csv,judge1,0.729584775144,0.829381376848,1.000000000000,1.000000000000,0.813606800626,0.540000000000,54,249
public,madhav1431-create/redrob-candidate-ranker,https://github.com/madhav1431-create/redrob-candidate-ranker,blind,4,submission.csv,judge2,0.964164530613,0.869581391242,1.000000000000,1.000000000000,0.942956682679,0.540000000000,54,249
public,madhav1431-create/redrob-candidate-ranker,https://github.com/madhav1431-create/redrob-candidate-ranker,blind,4,submission.csv,judge3,1.000000000000,0.844006845661,1.000000000000,1.000000000000,0.953202053698,0.540000000000,54,249
public,madhav1431-create/redrob-candidate-ranker,https://github.com/madhav1431-create/redrob-candidate-ranker,blind,4,submission.csv,expand,0.666548124989,0.748937732530,0.920868949276,1.000000000000,0.746085724645,0.410000000000,41,639
public,madhav1431-create/redrob-candidate-ranker,https://github.com/madhav1431-create/redrob-candidate-ranker,blind,4,submission.csv,silver20k,0.733963032489,0.630544078334,0.725321716835,0.800000000000,0.704942997270,0.210000000000,21,20000
public,madhav1431-create/redrob-candidate-ranker,https://github.com/madhav1431-create/redrob-candidate-ranker,blind,4,submission.csv,reviewer,0.946996621236,0.795967818205,0.628234894315,0.900000000000,0.851523890227,0.670000000000,67,180
public,madhav1431-create/redrob-candidate-ranker,https://github.com/madhav1431-create/redrob-candidate-ranker,blind,4,submission.csv,blind,0.934503807287,0.960749021788,0.921875000000,0.700000000000,0.928757860180,0.270000000000,27,50
public,madhav1431-create/redrob-candidate-ranker,https://github.com/madhav1431-create/redrob-candidate-ranker,blind,4,submission.csv,merged_j1,0.730943967534,0.736331748447,1.000000000000,1.000000000000,0.786371508301,0.710000000000,71,281
public,madhav1431-create/redrob-candidate-ranker,https://github.com/madhav1431-create/redrob-candidate-ranker,blind,4,submission.csv,merged_j2,0.964164530613,0.856938132007,1.000000000000,1.000000000000,0.939163704909,0.710000000000,71,281
public,madhav1431-create/redrob-candidate-ranker,https://github.com/madhav1431-create/redrob-candidate-ranker,blind,4,submission.csv,merged_j3,1.000000000000,0.820711412784,1.000000000000,1.000000000000,0.946213423835,0.710000000000,71,281
public,madhav1431-create/redrob-candidate-ranker,https://github.com/madhav1431-create/redrob-candidate-ranker,blind,4,submission.csv,relabel_j4,0.931327994769,0.826935381602,1.000000000000,1.000000000000,0.913744611865,0.680000000000,68,135
public,madhav1431-create/redrob-candidate-ranker,https://github.com/madhav1431-create/redrob-candidate-ranker,blind,4,submission.csv,relabel_g25,0.718202407444,0.679441190711,1.000000000000,1.000000000000,0.762933560936,0.690000000000,69,136
public,madhav1431-create/redrob-candidate-ranker,https://github.com/madhav1431-create/redrob-candidate-ranker,blind,4,submission.csv,blind_test_frozen,0.938541253517,0.901065810913,1.000000000000,1.000000000000,0.939590370033,0.820000000000,82,1000
public,milindnair/INDIA-RUNS,https://github.com/milindnair/INDIA-RUNS,reviewer,7,submission.csv,h2,0.797513252234,0.746357574698,0.907918297653,1.000000000000,0.808851643174,1.000000000000,100,100000
public,milindnair/INDIA-RUNS,https://github.com/milindnair/INDIA-RUNS,reviewer,7,submission.csv,independent,0.799855028687,0.685921348800,0.907918297653,1.000000000000,0.791891663632,1.000000000000,100,100000
public,milindnair/INDIA-RUNS,https://github.com/milindnair/INDIA-RUNS,reviewer,7,submission.csv,judge1,0.851157650893,0.857487508233,1.000000000000,1.000000000000,0.882825077917,0.540000000000,54,249
public,milindnair/INDIA-RUNS,https://github.com/milindnair/INDIA-RUNS,reviewer,7,submission.csv,judge2,1.000000000000,0.862954334824,1.000000000000,1.000000000000,0.958886300447,0.540000000000,54,249
public,milindnair/INDIA-RUNS,https://github.com/milindnair/INDIA-RUNS,reviewer,7,submission.csv,judge3,1.000000000000,0.834603338158,1.000000000000,1.000000000000,0.950381001447,0.540000000000,54,249
public,milindnair/INDIA-RUNS,https://github.com/milindnair/INDIA-RUNS,reviewer,7,submission.csv,expand,0.618312989408,0.706649092355,0.946617892042,1.000000000000,0.713143906217,0.460000000000,46,639
public,milindnair/INDIA-RUNS,https://github.com/milindnair/INDIA-RUNS,reviewer,7,submission.csv,silver20k,0.763312276689,0.613499298629,0.797550851926,0.900000000000,0.730338555722,0.200000000000,20,20000
public,milindnair/INDIA-RUNS,https://github.com/milindnair/INDIA-RUNS,reviewer,7,submission.csv,reviewer,1.000000000000,0.839306956417,0.686998624392,1.000000000000,0.904841880584,0.550000000000,55,180
public,milindnair/INDIA-RUNS,https://github.com/milindnair/INDIA-RUNS,reviewer,7,submission.csv,blind,0.872518562195,0.805122914714,0.829545454545,0.600000000000,0.832227973693,0.140000000000,14,50
public,milindnair/INDIA-RUNS,https://github.com/milindnair/INDIA-RUNS,reviewer,7,submission.csv,merged_j1,0.927939021650,0.839407020673,1.000000000000,1.000000000000,0.915791617027,0.730000000000,73,281
public,milindnair/INDIA-RUNS,https://github.com/milindnair/INDIA-RUNS,reviewer,7,submission.csv,merged_j2,1.000000000000,0.860406182474,1.000000000000,1.000000000000,0.958121854742,0.730000000000,73,281
public,milindnair/INDIA-RUNS,https://github.com/milindnair/INDIA-RUNS,reviewer,7,submission.csv,merged_j3,1.000000000000,0.824584506064,1.000000000000,1.000000000000,0.947375351819,0.730000000000,73,281
public,milindnair/INDIA-RUNS,https://github.com/milindnair/INDIA-RUNS,reviewer,7,submission.csv,relabel_j4,1.000000000000,0.824157579029,1.000000000000,1.000000000000,0.947247273709,0.680000000000,68,135
public,milindnair/INDIA-RUNS,https://github.com/milindnair/INDIA-RUNS,reviewer,7,submission.csv,relabel_g25,1.000000000000,0.845141690384,1.000000000000,1.000000000000,0.953542507115,0.690000000000,69,136
public,milindnair/INDIA-RUNS,https://github.com/milindnair/INDIA-RUNS,reviewer,7,submission.csv,blind_test_frozen,0.946145725307,0.890571473917,1.000000000000,1.000000000000,0.940244304828,0.810000000000,81,1000
public,Mohammadsiraj07/Redrob_Hackathon,https://github.com/Mohammadsiraj07/Redrob_Hackathon,reviewer,11,submission.csv,h2,0.756684894801,0.722844074330,0.928662208327,1.000000000000,0.784495000949,1.000000000000,100,100000
public,Mohammadsiraj07/Redrob_Hackathon,https://github.com/Mohammadsiraj07/Redrob_Hackathon,reviewer,11,submission.csv,independent,0.750667305356,0.661091692686,0.916813159827,1.000000000000,0.761183134458,1.000000000000,100,100000
public,Mohammadsiraj07/Redrob_Hackathon,https://github.com/Mohammadsiraj07/Redrob_Hackathon,reviewer,11,submission.csv,judge1,0.720090464363,0.826629975330,0.953234940354,1.000000000000,0.801019465834,0.560000000000,56,249
public,Mohammadsiraj07/Redrob_Hackathon,https://github.com/Mohammadsiraj07/Redrob_Hackathon,reviewer,11,submission.csv,judge2,0.928329061227,0.825531227711,1.000000000000,1.000000000000,0.911823898926,0.560000000000,56,249
public,Mohammadsiraj07/Redrob_Hackathon,https://github.com/Mohammadsiraj07/Redrob_Hackathon,reviewer,11,submission.csv,judge3,0.871531186053,0.786764953978,0.954424547628,1.000000000000,0.864958761364,0.560000000000,56,249
public,Mohammadsiraj07/Redrob_Hackathon,https://github.com/Mohammadsiraj07/Redrob_Hackathon,reviewer,11,submission.csv,expand,0.593731120393,0.475046756847,0.834221279074,1.000000000000,0.614512779112,0.300000000000,30,639
public,Mohammadsiraj07/Redrob_Hackathon,https://github.com/Mohammadsiraj07/Redrob_Hackathon,reviewer,11,submission.csv,silver20k,0.642717273339,0.487771138387,0.558359541693,0.700000000000,0.586443909440,0.180000000000,18,20000
public,Mohammadsiraj07/Redrob_Hackathon,https://github.com/Mohammadsiraj07/Redrob_Hackathon,reviewer,11,submission.csv,reviewer,1.000000000000,0.826989940454,0.749342451065,1.000000000000,0.910498349796,0.430000000000,43,180
public,Mohammadsiraj07/Redrob_Hackathon,https://github.com/Mohammadsiraj07/Redrob_Hackathon,reviewer,11,submission.csv,blind,0.997163710733,0.852178004737,0.986111111111,0.800000000000,0.942151923454,0.130000000000,13,50
public,Mohammadsiraj07/Redrob_Hackathon,https://github.com/Mohammadsiraj07/Redrob_Hackathon,reviewer,11,submission.csv,merged_j1,0.754286192598,0.787182434807,0.961159403755,1.000000000000,0.807471737304,0.670000000000,67,281
public,Mohammadsiraj07/Redrob_Hackathon,https://github.com/Mohammadsiraj07/Redrob_Hackathon,reviewer,11,submission.csv,merged_j2,0.928329061227,0.839644972969,1.000000000000,1.000000000000,0.916058022504,0.670000000000,67,281
public,Mohammadsiraj07/Redrob_Hackathon,https://github.com/Mohammadsiraj07/Redrob_Hackathon,reviewer,11,submission.csv,merged_j3,0.871531186053,0.797322559868,0.961988178198,1.000000000000,0.869260587717,0.670000000000,67,281
public,Mohammadsiraj07/Redrob_Hackathon,https://github.com/Mohammadsiraj07/Redrob_Hackathon,reviewer,11,submission.csv,relabel_j4,0.928329061227,0.788718309638,1.000000000000,1.000000000000,0.900780023505,0.640000000000,64,135
public,Mohammadsiraj07/Redrob_Hackathon,https://github.com/Mohammadsiraj07/Redrob_Hackathon,reviewer,11,submission.csv,relabel_g25,0.838694650208,0.796230049891,1.000000000000,1.000000000000,0.858216340071,0.650000000000,65,136
public,Mohammadsiraj07/Redrob_Hackathon,https://github.com/Mohammadsiraj07/Redrob_Hackathon,reviewer,11,submission.csv,blind_test_frozen,0.866461510221,0.814087124755,1.000000000000,1.000000000000,0.877456892537,0.790000000000,79,1000
public,MrNK2107/India-Runs,https://github.com/MrNK2107/India-Runs,engineering,15,submission.csv,h2,0.121913909699,0.117311028742,0.111863492365,0.300000000000,0.127929787327,1.000000000000,100,100000
public,MrNK2107/India-Runs,https://github.com/MrNK2107/India-Runs,engineering,15,submission.csv,independent,0.087533428721,0.078938853191,0.050425219497,0.300000000000,0.090012153243,1.000000000000,100,100000
public,MrNK2107/India-Runs,https://github.com/MrNK2107/India-Runs,engineering,15,submission.csv,judge1,0.021299203190,0.009686850415,0.000000000000,0.000000000000,0.013555656720,0.010000000000,1,249
public,MrNK2107/India-Runs,https://github.com/MrNK2107/India-Runs,engineering,15,submission.csv,judge2,0.021299203190,0.007503194227,0.000000000000,0.000000000000,0.012900559863,0.010000000000,1,249
public,MrNK2107/India-Runs,https://github.com/MrNK2107/India-Runs,engineering,15,submission.csv,judge3,0.021299203190,0.007722810487,0.000000000000,0.000000000000,0.012966444741,0.010000000000,1,249
public,MrNK2107/India-Runs,https://github.com/MrNK2107/India-Runs,engineering,15,submission.csv,expand,0.072568675716,0.032606754309,0.000000000000,0.000000000000,0.046066364151,0.080000000000,8,639
public,MrNK2107/India-Runs,https://github.com/MrNK2107/India-Runs,engineering,15,submission.csv,silver20k,0.035075861115,0.031940631150,0.000000000000,0.000000000000,0.027120119903,0.230000000000,23,20000
public,MrNK2107/India-Runs,https://github.com/MrNK2107/India-Runs,engineering,15,submission.csv,reviewer,0.000000000000,0.000000000000,0.000000000000,0.000000000000,0.000000000000,0.010000000000,1,180
public,MrNK2107/India-Runs,https://github.com/MrNK2107/India-Runs,engineering,15,submission.csv,blind,0.000000000000,0.000000000000,0.000000000000,0.000000000000,0.000000000000,0.000000000000,0,50
public,MrNK2107/India-Runs,https://github.com/MrNK2107/India-Runs,engineering,15,submission.csv,merged_j1,0.021299203190,0.008506114843,0.000000000000,0.000000000000,0.013201436048,0.010000000000,1,281
public,MrNK2107/India-Runs,https://github.com/MrNK2107/India-Runs,engineering,15,submission.csv,merged_j2,0.021299203190,0.007503194227,0.000000000000,0.000000000000,0.012900559863,0.010000000000,1,281
public,MrNK2107/India-Runs,https://github.com/MrNK2107/India-Runs,engineering,15,submission.csv,merged_j3,0.021299203190,0.007503194227,0.000000000000,0.000000000000,0.012900559863,0.010000000000,1,281
public,MrNK2107/India-Runs,https://github.com/MrNK2107/India-Runs,engineering,15,submission.csv,relabel_j4,0.000000000000,0.000000000000,0.000000000000,0.000000000000,0.000000000000,0.000000000000,0,135
public,MrNK2107/India-Runs,https://github.com/MrNK2107/India-Runs,engineering,15,submission.csv,relabel_g25,0.000000000000,0.000000000000,0.000000000000,0.000000000000,0.000000000000,0.000000000000,0,136
public,MrNK2107/India-Runs,https://github.com/MrNK2107/India-Runs,engineering,15,submission.csv,blind_test_frozen,0.491458144225,0.193541909317,1.000000000000,1.000000000000,0.503791644908,0.100000000000,10,1000
public,Muheet-Mehraj/redrob-matching-engine,https://github.com/Muheet-Mehraj/redrob-matching-engine,"reviewer,blind",6,submission.csv,h2,0.775094546120,0.761243785062,0.952027095077,1.000000000000,0.808724472840,1.000000000000,100,100000
public,Muheet-Mehraj/redrob-matching-engine,https://github.com/Muheet-Mehraj/redrob-matching-engine,"reviewer,blind",6,submission.csv,independent,0.820046942701,0.710158857414,0.952027095077,1.000000000000,0.815875192836,1.000000000000,100,100000
public,Muheet-Mehraj/redrob-matching-engine,https://github.com/Muheet-Mehraj/redrob-matching-engine,"reviewer,blind",6,submission.csv,judge1,0.781516492849,0.832765983936,0.980138142563,1.000000000000,0.837608762990,0.560000000000,56,249
public,Muheet-Mehraj/redrob-matching-engine,https://github.com/Muheet-Mehraj/redrob-matching-engine,"reviewer,blind",6,submission.csv,judge2,1.000000000000,0.830848058503,1.000000000000,1.000000000000,0.949254417551,0.560000000000,56,249
public,Muheet-Mehraj/redrob-matching-engine,https://github.com/Muheet-Mehraj/redrob-matching-engine,"reviewer,blind",6,submission.csv,judge3,0.967163464155,0.788062787310,0.947718300116,1.000000000000,0.912158313288,0.560000000000,56,249
public,Muheet-Mehraj/redrob-matching-engine,https://github.com/Muheet-Mehraj/redrob-matching-engine,"reviewer,blind",6,submission.csv,expand,0.592232677559,0.555032335827,0.881825294448,1.000000000000,0.644899833695,0.350000000000,35,639
public,Muheet-Mehraj/redrob-matching-engine,https://github.com/Muheet-Mehraj/redrob-matching-engine,"reviewer,blind",6,submission.csv,silver20k,0.801668662185,0.535402928995,0.644209679210,0.800000000000,0.698086661673,0.150000000000,15,20000
public,Muheet-Mehraj/redrob-matching-engine,https://github.com/Muheet-Mehraj/redrob-matching-engine,"reviewer,blind",6,submission.csv,reviewer,1.000000000000,0.837589574016,0.677503910098,1.000000000000,0.902902458719,0.480000000000,48,180
public,Muheet-Mehraj/redrob-matching-engine,https://github.com/Muheet-Mehraj/redrob-matching-engine,"reviewer,blind",6,submission.csv,blind,1.000000000000,0.922519765129,1.000000000000,0.800000000000,0.966755929539,0.200000000000,20,50
public,Muheet-Mehraj/redrob-matching-engine,https://github.com/Muheet-Mehraj/redrob-matching-engine,"reviewer,blind",6,submission.csv,merged_j1,0.815712221083,0.801864843606,0.982938838602,1.000000000000,0.845856389414,0.670000000000,67,281
public,Muheet-Mehraj/redrob-matching-engine,https://github.com/Muheet-Mehraj/redrob-matching-engine,"reviewer,blind",6,submission.csv,merged_j2,1.000000000000,0.868034891863,1.000000000000,1.000000000000,0.960410467559,0.670000000000,67,281
public,Muheet-Mehraj/redrob-matching-engine,https://github.com/Muheet-Mehraj/redrob-matching-engine,"reviewer,blind",6,submission.csv,merged_j3,1.000000000000,0.810504301277,0.955917088894,1.000000000000,0.936538853717,0.670000000000,67,281
public,Muheet-Mehraj/redrob-matching-engine,https://github.com/Muheet-Mehraj/redrob-matching-engine,"reviewer,blind",6,submission.csv,relabel_j4,0.967163464155,0.790338851570,1.000000000000,1.000000000000,0.920683387549,0.650000000000,65,135
public,Muheet-Mehraj/redrob-matching-engine,https://github.com/Muheet-Mehraj/redrob-matching-engine,"reviewer,blind",6,submission.csv,relabel_g25,0.878967717853,0.790105928779,1.000000000000,1.000000000000,0.876515637560,0.650000000000,65,136
public,Muheet-Mehraj/redrob-matching-engine,https://github.com/Muheet-Mehraj/redrob-matching-engine,"reviewer,blind",6,submission.csv,blind_test_frozen,0.946033812709,0.869487767476,1.000000000000,1.000000000000,0.933863236597,0.740000000000,74,1000
public,NAMPALLY-PRANAY/redrob_h2s_hackathon,https://github.com/NAMPALLY-PRANAY/redrob_h2s_hackathon,blind,4,submission.csv,h2,0.786551840715,0.828587782721,1.000000000000,1.000000000000,0.841852255174,1.000000000000,100,100000
public,NAMPALLY-PRANAY/redrob_h2s_hackathon,https://github.com/NAMPALLY-PRANAY/redrob_h2s_hackathon,blind,4,submission.csv,independent,0.821472679446,0.763925600368,1.000000000000,1.000000000000,0.839914019833,1.000000000000,100,100000
public,NAMPALLY-PRANAY/redrob_h2s_hackathon,https://github.com/NAMPALLY-PRANAY/redrob_h2s_hackathon,blind,4,submission.csv,judge1,0.736024155879,0.866563813178,1.000000000000,1.000000000000,0.827981221893,0.630000000000,63,249
public,NAMPALLY-PRANAY/redrob_h2s_hackathon,https://github.com/NAMPALLY-PRANAY/redrob_h2s_hackathon,blind,4,submission.csv,judge2,0.923700907915,0.860464074300,1.000000000000,1.000000000000,0.919989676247,0.630000000000,63,249
public,NAMPALLY-PRANAY/redrob_h2s_hackathon,https://github.com/NAMPALLY-PRANAY/redrob_h2s_hackathon,blind,4,submission.csv,judge3,0.921671127186,0.844436646338,0.984126984127,1.000000000000,0.911785605113,0.630000000000,63,249
public,NAMPALLY-PRANAY/redrob_h2s_hackathon,https://github.com/NAMPALLY-PRANAY/redrob_h2s_hackathon,blind,4,submission.csv,expand,0.666548124989,0.682189809877,0.969839973026,1.000000000000,0.733407001412,0.360000000000,36,639
public,NAMPALLY-PRANAY/redrob_h2s_hackathon,https://github.com/NAMPALLY-PRANAY/redrob_h2s_hackathon,blind,4,submission.csv,silver20k,0.751429681624,0.598670478668,0.770800192649,0.900000000000,0.715936013309,0.210000000000,21,20000
public,NAMPALLY-PRANAY/redrob_h2s_hackathon,https://github.com/NAMPALLY-PRANAY/redrob_h2s_hackathon,blind,4,submission.csv,reviewer,0.832760506008,0.785694173936,0.623302590723,0.700000000000,0.780583893793,0.690000000000,69,180
public,NAMPALLY-PRANAY/redrob_h2s_hackathon,https://github.com/NAMPALLY-PRANAY/redrob_h2s_hackathon,blind,4,submission.csv,blind,0.977949489403,0.921087651234,0.908531746032,0.800000000000,0.941580801977,0.240000000000,24,50
public,NAMPALLY-PRANAY/redrob_h2s_hackathon,https://github.com/NAMPALLY-PRANAY/redrob_h2s_hackathon,blind,4,submission.csv,merged_j1,0.743651242733,0.814018153708,1.000000000000,1.000000000000,0.816031067479,0.780000000000,78,281
public,NAMPALLY-PRANAY/redrob_h2s_hackathon,https://github.com/NAMPALLY-PRANAY/redrob_h2s_hackathon,blind,4,submission.csv,merged_j2,0.895102485805,0.864505001802,1.000000000000,1.000000000000,0.906902743443,0.780000000000,78,281
public,NAMPALLY-PRANAY/redrob_h2s_hackathon,https://github.com/NAMPALLY-PRANAY/redrob_h2s_hackathon,blind,4,submission.csv,merged_j3,0.926299280497,0.851397512968,0.987179487179,1.000000000000,0.916645817216,0.780000000000,78,281
public,NAMPALLY-PRANAY/redrob_h2s_hackathon,https://github.com/NAMPALLY-PRANAY/redrob_h2s_hackathon,blind,4,submission.csv,relabel_j4,0.962134749884,0.858474992907,1.000000000000,1.000000000000,0.938609872814,0.720000000000,72,135
public,NAMPALLY-PRANAY/redrob_h2s_hackathon,https://github.com/NAMPALLY-PRANAY/redrob_h2s_hackathon,blind,4,submission.csv,relabel_g25,0.655067702240,0.687239043514,1.000000000000,1.000000000000,0.733705564174,0.730000000000,73,136
public,NAMPALLY-PRANAY/redrob_h2s_hackathon,https://github.com/NAMPALLY-PRANAY/redrob_h2s_hackathon,blind,4,submission.csv,blind_test_frozen,0.914052097065,0.884691335511,1.000000000000,1.000000000000,0.922433449186,0.830000000000,83,1000
public,nimishaagarwal20/redrob-semantic-ranker,https://github.com/nimishaagarwal20/redrob-semantic-ranker,h2,5,submission.csv,h2,0.849685987287,0.863838616129,1.000000000000,1.000000000000,0.883994578482,1.000000000000,100,100000
public,nimishaagarwal20/redrob-semantic-ranker,https://github.com/nimishaagarwal20/redrob-semantic-ranker,h2,5,submission.csv,independent,0.843117751819,0.824532402831,1.000000000000,1.000000000000,0.868918596759,1.000000000000,100,100000
public,nimishaagarwal20/redrob-semantic-ranker,https://github.com/nimishaagarwal20/redrob-semantic-ranker,h2,5,submission.csv,judge1,0.806105875912,0.843647076856,1.000000000000,1.000000000000,0.856147061013,0.700000000000,70,249
public,nimishaagarwal20/redrob-semantic-ranker,https://github.com/nimishaagarwal20/redrob-semantic-ranker,h2,5,submission.csv,judge2,1.000000000000,0.873536256671,1.000000000000,1.000000000000,0.962060877001,0.700000000000,70,249
public,nimishaagarwal20/redrob-semantic-ranker,https://github.com/nimishaagarwal20/redrob-semantic-ranker,h2,5,submission.csv,judge3,0.928329061227,0.860132776452,1.000000000000,1.000000000000,0.922204363549,0.700000000000,70,249
public,nimishaagarwal20/redrob-semantic-ranker,https://github.com/nimishaagarwal20/redrob-semantic-ranker,h2,5,submission.csv,expand,0.666548124989,0.564251120519,1.000000000000,1.000000000000,0.702549398650,0.280000000000,28,639
public,nimishaagarwal20/redrob-semantic-ranker,https://github.com/nimishaagarwal20/redrob-semantic-ranker,h2,5,submission.csv,silver20k,0.706992403754,0.645758923244,0.770842981699,0.900000000000,0.707850326105,0.250000000000,25,20000
public,nimishaagarwal20/redrob-semantic-ranker,https://github.com/nimishaagarwal20/redrob-semantic-ranker,h2,5,submission.csv,reviewer,0.888910044901,0.741319669074,0.516388226180,0.900000000000,0.789309157100,0.570000000000,57,180
public,nimishaagarwal20/redrob-semantic-ranker,https://github.com/nimishaagarwal20/redrob-semantic-ranker,h2,5,submission.csv,blind,0.785664716260,0.815888544950,0.669068504595,0.500000000000,0.762959197304,0.190000000000,19,50
public,nimishaagarwal20/redrob-semantic-ranker,https://github.com/nimishaagarwal20/redrob-semantic-ranker,h2,5,submission.csv,merged_j1,0.841540784339,0.772629134993,1.000000000000,1.000000000000,0.852559132667,0.780000000000,78,281
public,nimishaagarwal20/redrob-semantic-ranker,https://github.com/nimishaagarwal20/redrob-semantic-ranker,h2,5,submission.csv,merged_j2,1.000000000000,0.872893452105,1.000000000000,1.000000000000,0.961868035631,0.780000000000,78,281
public,nimishaagarwal20/redrob-semantic-ranker,https://github.com/nimishaagarwal20/redrob-semantic-ranker,h2,5,submission.csv,merged_j3,0.928329061227,0.830944291489,1.000000000000,1.000000000000,0.913447818060,0.780000000000,78,281
public,nimishaagarwal20/redrob-semantic-ranker,https://github.com/nimishaagarwal20/redrob-semantic-ranker,h2,5,submission.csv,relabel_j4,0.967163464155,0.839003930848,1.000000000000,1.000000000000,0.935282911332,0.750000000000,75,135
public,nimishaagarwal20/redrob-semantic-ranker,https://github.com/nimishaagarwal20/redrob-semantic-ranker,h2,5,submission.csv,relabel_g25,0.810734029224,0.750899625191,1.000000000000,1.000000000000,0.830636902169,0.760000000000,76,136
public,nimishaagarwal20/redrob-semantic-ranker,https://github.com/nimishaagarwal20/redrob-semantic-ranker,h2,5,submission.csv,blind_test_frozen,0.921214779317,0.871440394802,1.000000000000,1.000000000000,0.922039508099,0.860000000000,86,1000
public,nordak005/redrob-ranker,https://github.com/nordak005/redrob-ranker,engineering,15,outputs/final_submission.csv,h2,0.672671504139,0.676694517235,0.873695214808,1.000000000000,0.720398389461,1.000000000000,100,100000
public,nordak005/redrob-ranker,https://github.com/nordak005/redrob-ranker,engineering,15,outputs/final_submission.csv,independent,0.580799158546,0.584854510629,0.836449377778,1.000000000000,0.641323339128,1.000000000000,100,100000
public,nordak005/redrob-ranker,https://github.com/nordak005/redrob-ranker,engineering,15,outputs/final_submission.csv,judge1,0.755905654976,0.745483209432,0.927643334992,1.000000000000,0.790744290567,0.480000000000,48,249
public,nordak005/redrob-ranker,https://github.com/nordak005/redrob-ranker,engineering,15,outputs/final_submission.csv,judge2,0.893462744653,0.742659595408,0.975919502245,1.000000000000,0.865917176286,0.480000000000,48,249
public,nordak005/redrob-ranker,https://github.com/nordak005/redrob-ranker,engineering,15,outputs/final_submission.csv,judge3,0.926299280497,0.773768892328,0.975919502245,1.000000000000,0.891668233284,0.480000000000,48,249
public,nordak005/redrob-ranker,https://github.com/nordak005/redrob-ranker,engineering,15,outputs/final_submission.csv,expand,0.548924796078,0.538625902366,0.918336596021,1.000000000000,0.623800658152,0.370000000000,37,639
public,nordak005/redrob-ranker,https://github.com/nordak005/redrob-ranker,engineering,15,outputs/final_submission.csv,silver20k,0.447642448049,0.394558621374,0.508936397698,0.700000000000,0.453529270092,0.250000000000,25,20000
public,nordak005/redrob-ranker,https://github.com/nordak005/redrob-ranker,engineering,15,outputs/final_submission.csv,reviewer,0.809933193275,0.665049997986,0.351800436452,0.700000000000,0.692251661501,0.480000000000,48,180
public,nordak005/redrob-ranker,https://github.com/nordak005/redrob-ranker,engineering,15,outputs/final_submission.csv,blind,0.632440199807,0.606435740452,0.403373015873,0.500000000000,0.583656774420,0.140000000000,14,50
public,nordak005/redrob-ranker,https://github.com/nordak005/redrob-ranker,engineering,15,outputs/final_submission.csv,merged_j1,0.809374836834,0.772148306944,0.945447893437,1.000000000000,0.828149094516,0.640000000000,64,281
public,nordak005/redrob-ranker,https://github.com/nordak005/redrob-ranker,engineering,15,outputs/final_submission.csv,merged_j2,0.816373052031,0.751290623614,0.981742804532,1.000000000000,0.830835133780,0.640000000000,64,281
public,nordak005/redrob-ranker,https://github.com/nordak005/redrob-ranker,engineering,15,outputs/final_submission.csv,merged_j3,0.929968802379,0.788484697710,0.981742804532,1.000000000000,0.898791231182,0.640000000000,64,281
public,nordak005/redrob-ranker,https://github.com/nordak005/redrob-ranker,engineering,15,outputs/final_submission.csv,relabel_j4,0.929968802379,0.804929839195,1.000000000000,1.000000000000,0.906463352948,0.580000000000,58,135
public,nordak005/redrob-ranker,https://github.com/nordak005/redrob-ranker,engineering,15,outputs/final_submission.csv,relabel_g25,0.639950364126,0.651374510637,1.000000000000,1.000000000000,0.715387535254,0.580000000000,58,136
public,nordak005/redrob-ranker,https://github.com/nordak005/redrob-ranker,engineering,15,outputs/final_submission.csv,blind_test_frozen,0.704631641992,0.786060909714,1.000000000000,1.000000000000,0.788134093910,0.700000000000,70,1000
public,Palak24Ol/IndiaRuns_DataAndAIChallenge,https://github.com/Palak24Ol/IndiaRuns_DataAndAIChallenge,reviewer,7,submission.csv,h2,0.704473693597,0.770546316065,0.918913952394,1.000000000000,0.771237834477,1.000000000000,100,100000
public,Palak24Ol/IndiaRuns_DataAndAIChallenge,https://github.com/Palak24Ol/IndiaRuns_DataAndAIChallenge,reviewer,7,submission.csv,independent,0.728834820571,0.695638938278,0.918913952394,1.000000000000,0.760946184628,1.000000000000,100,100000
public,Palak24Ol/IndiaRuns_DataAndAIChallenge,https://github.com/Palak24Ol/IndiaRuns_DataAndAIChallenge,reviewer,7,submission.csv,judge1,0.858297863605,0.889484956305,1.000000000000,1.000000000000,0.895994418694,0.640000000000,64,249
public,Palak24Ol/IndiaRuns_DataAndAIChallenge,https://github.com/Palak24Ol/IndiaRuns_DataAndAIChallenge,reviewer,7,submission.csv,judge2,1.000000000000,0.873603243304,1.000000000000,1.000000000000,0.962080972991,0.640000000000,64,249
public,Palak24Ol/IndiaRuns_DataAndAIChallenge,https://github.com/Palak24Ol/IndiaRuns_DataAndAIChallenge,reviewer,7,submission.csv,judge3,0.965804271765,0.836500046261,1.000000000000,1.000000000000,0.933852149761,0.640000000000,64,249
public,Palak24Ol/IndiaRuns_DataAndAIChallenge,https://github.com/Palak24Ol/IndiaRuns_DataAndAIChallenge,reviewer,7,submission.csv,expand,0.666548124989,0.609780566539,1.000000000000,1.000000000000,0.716208232456,0.360000000000,36,639
public,Palak24Ol/IndiaRuns_DataAndAIChallenge,https://github.com/Palak24Ol/IndiaRuns_DataAndAIChallenge,reviewer,7,submission.csv,silver20k,0.856579285230,0.705261700147,0.873634555901,1.000000000000,0.820913336044,0.220000000000,22,20000
public,Palak24Ol/IndiaRuns_DataAndAIChallenge,https://github.com/Palak24Ol/IndiaRuns_DataAndAIChallenge,reviewer,7,submission.csv,reviewer,1.000000000000,0.766628080888,0.630779004978,1.000000000000,0.874605275013,0.720000000000,72,180
public,Palak24Ol/IndiaRuns_DataAndAIChallenge,https://github.com/Palak24Ol/IndiaRuns_DataAndAIChallenge,reviewer,7,submission.csv,blind,0.906678719467,0.905136753337,0.831845238095,0.700000000000,0.884657171449,0.220000000000,22,50
public,Palak24Ol/IndiaRuns_DataAndAIChallenge,https://github.com/Palak24Ol/IndiaRuns_DataAndAIChallenge,reviewer,7,submission.csv,merged_j1,0.861296797147,0.807012373059,1.000000000000,1.000000000000,0.872752110491,0.820000000000,82,281
public,Palak24Ol/IndiaRuns_DataAndAIChallenge,https://github.com/Palak24Ol/IndiaRuns_DataAndAIChallenge,reviewer,7,submission.csv,merged_j2,1.000000000000,0.881976118845,1.000000000000,1.000000000000,0.964592835654,0.820000000000,82,281
public,Palak24Ol/IndiaRuns_DataAndAIChallenge,https://github.com/Palak24Ol/IndiaRuns_DataAndAIChallenge,reviewer,7,submission.csv,merged_j3,1.000000000000,0.812528477809,1.000000000000,1.000000000000,0.943758543343,0.820000000000,82,281
public,Palak24Ol/IndiaRuns_DataAndAIChallenge,https://github.com/Palak24Ol/IndiaRuns_DataAndAIChallenge,reviewer,7,submission.csv,relabel_j4,0.965804271765,0.814966583391,1.000000000000,1.000000000000,0.927392110900,0.800000000000,80,135
public,Palak24Ol/IndiaRuns_DataAndAIChallenge,https://github.com/Palak24Ol/IndiaRuns_DataAndAIChallenge,reviewer,7,submission.csv,relabel_g25,0.810999686158,0.701011120402,1.000000000000,1.000000000000,0.815803179200,0.810000000000,81,136
public,Palak24Ol/IndiaRuns_DataAndAIChallenge,https://github.com/Palak24Ol/IndiaRuns_DataAndAIChallenge,reviewer,7,submission.csv,blind_test_frozen,0.956995648229,0.889216339982,1.000000000000,1.000000000000,0.945262726109,0.880000000000,88,1000
public,PIYUSH-BHAVSAR/redrob_ranking,https://github.com/PIYUSH-BHAVSAR/redrob_ranking,h2,7,submission/submission.csv,h2,0.864335771738,0.807049839548,1.000000000000,1.000000000000,0.874282837733,1.000000000000,100,100000
public,PIYUSH-BHAVSAR/redrob_ranking,https://github.com/PIYUSH-BHAVSAR/redrob_ranking,h2,7,submission/submission.csv,independent,0.755098968986,0.675365453533,1.000000000000,1.000000000000,0.780159120553,1.000000000000,100,100000
public,PIYUSH-BHAVSAR/redrob_ranking,https://github.com/PIYUSH-BHAVSAR/redrob_ranking,h2,7,submission/submission.csv,judge1,0.645318595562,0.740904597715,1.000000000000,1.000000000000,0.744930677096,0.470000000000,47,249
public,PIYUSH-BHAVSAR/redrob_ranking,https://github.com/PIYUSH-BHAVSAR/redrob_ranking,h2,7,submission/submission.csv,judge2,0.902738502128,0.765716179439,1.000000000000,1.000000000000,0.881084104896,0.470000000000,47,249
public,PIYUSH-BHAVSAR/redrob_ranking,https://github.com/PIYUSH-BHAVSAR/redrob_ranking,h2,7,submission/submission.csv,judge3,0.722099966319,0.704510099655,1.000000000000,1.000000000000,0.772403013056,0.470000000000,47,249
public,PIYUSH-BHAVSAR/redrob_ranking,https://github.com/PIYUSH-BHAVSAR/redrob_ranking,h2,7,submission/submission.csv,expand,0.666548124989,0.664475410628,0.948109984106,1.000000000000,0.724833183299,0.420000000000,42,639
public,PIYUSH-BHAVSAR/redrob_ranking,https://github.com/PIYUSH-BHAVSAR/redrob_ranking,h2,7,submission/submission.csv,silver20k,0.707642503055,0.595294679738,0.741641635993,0.900000000000,0.688655900848,0.220000000000,22,20000
public,PIYUSH-BHAVSAR/redrob_ranking,https://github.com/PIYUSH-BHAVSAR/redrob_ranking,h2,7,submission/submission.csv,reviewer,0.502713533746,0.595446181372,0.281957191642,0.500000000000,0.497284200031,0.510000000000,51,180
public,PIYUSH-BHAVSAR/redrob_ranking,https://github.com/PIYUSH-BHAVSAR/redrob_ranking,h2,7,submission/submission.csv,blind,0.230865170686,0.336778418327,0.058333333333,0.100000000000,0.230216110841,0.160000000000,16,50
public,PIYUSH-BHAVSAR/redrob_ranking,https://github.com/PIYUSH-BHAVSAR/redrob_ranking,h2,7,submission/submission.csv,merged_j1,0.666036726835,0.663443647912,1.000000000000,1.000000000000,0.732051457791,0.600000000000,60,281
public,PIYUSH-BHAVSAR/redrob_ranking,https://github.com/PIYUSH-BHAVSAR/redrob_ranking,h2,7,submission/submission.csv,merged_j2,0.871296668930,0.745049812696,1.000000000000,1.000000000000,0.859163278274,0.600000000000,60,281
public,PIYUSH-BHAVSAR/redrob_ranking,https://github.com/PIYUSH-BHAVSAR/redrob_ranking,h2,7,submission/submission.csv,merged_j3,0.703901976951,0.673922476323,1.000000000000,1.000000000000,0.754127731373,0.600000000000,60,281
public,PIYUSH-BHAVSAR/redrob_ranking,https://github.com/PIYUSH-BHAVSAR/redrob_ranking,h2,7,submission/submission.csv,relabel_j4,0.827196311564,0.715807329300,1.000000000000,1.000000000000,0.828340354572,0.560000000000,56,135
public,PIYUSH-BHAVSAR/redrob_ranking,https://github.com/PIYUSH-BHAVSAR/redrob_ranking,h2,7,submission/submission.csv,relabel_g25,0.645244735331,0.592168505414,1.000000000000,1.000000000000,0.700272919289,0.560000000000,56,136
public,PIYUSH-BHAVSAR/redrob_ranking,https://github.com/PIYUSH-BHAVSAR/redrob_ranking,h2,7,submission/submission.csv,blind_test_frozen,0.815063045696,0.806942331522,1.000000000000,1.000000000000,0.849614222304,0.810000000000,81,1000
public,poovarasu638178-rgb/redrob-candidate-ranker,https://github.com/poovarasu638178-rgb/redrob-candidate-ranker,blind,0,submission.csv,h2,0.711059903382,0.783429846406,0.946697673091,1.000000000000,0.782563556577,1.000000000000,100,100000
public,poovarasu638178-rgb/redrob-candidate-ranker,https://github.com/poovarasu638178-rgb/redrob-candidate-ranker,blind,0,submission.csv,independent,0.719172130057,0.734463349220,0.946697673091,1.000000000000,0.771929720758,1.000000000000,100,100000
public,poovarasu638178-rgb/redrob-candidate-ranker,https://github.com/poovarasu638178-rgb/redrob-candidate-ranker,blind,0,submission.csv,judge1,0.732923225852,0.821405551777,1.000000000000,1.000000000000,0.812883278459,0.570000000000,57,249
public,poovarasu638178-rgb/redrob-candidate-ranker,https://github.com/poovarasu638178-rgb/redrob-candidate-ranker,blind,0,submission.csv,judge2,0.965804271765,0.817118719429,1.000000000000,1.000000000000,0.928037751712,0.570000000000,57,249
public,poovarasu638178-rgb/redrob-candidate-ranker,https://github.com/poovarasu638178-rgb/redrob-candidate-ranker,blind,0,submission.csv,judge3,1.000000000000,0.813336290106,1.000000000000,1.000000000000,0.944000887032,0.570000000000,57,249
public,poovarasu638178-rgb/redrob-candidate-ranker,https://github.com/poovarasu638178-rgb/redrob-candidate-ranker,blind,0,submission.csv,expand,0.710388330145,0.651088338703,0.973076079622,1.000000000000,0.746482078627,0.400000000000,40,639
public,poovarasu638178-rgb/redrob-candidate-ranker,https://github.com/poovarasu638178-rgb/redrob-candidate-ranker,blind,0,submission.csv,silver20k,0.834031596469,0.633492660458,0.725329609116,0.800000000000,0.755863037739,0.200000000000,20,20000
public,poovarasu638178-rgb/redrob-candidate-ranker,https://github.com/poovarasu638178-rgb/redrob-candidate-ranker,blind,0,submission.csv,reviewer,0.946996621236,0.788302405500,0.585802551974,0.900000000000,0.842859415064,0.580000000000,58,180
public,poovarasu638178-rgb/redrob-candidate-ranker,https://github.com/poovarasu638178-rgb/redrob-candidate-ranker,blind,0,submission.csv,blind,0.917640605070,0.906301582179,0.872061965812,0.700000000000,0.896520072060,0.210000000000,21,50
public,poovarasu638178-rgb/redrob-candidate-ranker,https://github.com/poovarasu638178-rgb/redrob-candidate-ranker,blind,0,submission.csv,merged_j1,0.732923225852,0.744773895246,1.000000000000,1.000000000000,0.789893781500,0.710000000000,71,281
public,poovarasu638178-rgb/redrob-candidate-ranker,https://github.com/poovarasu638178-rgb/redrob-candidate-ranker,blind,0,submission.csv,merged_j2,0.965804271765,0.834357524458,1.000000000000,1.000000000000,0.933209393220,0.710000000000,71,281
public,poovarasu638178-rgb/redrob-candidate-ranker,https://github.com/poovarasu638178-rgb/redrob-candidate-ranker,blind,0,submission.csv,merged_j3,1.000000000000,0.810031573510,1.000000000000,1.000000000000,0.943009472053,0.710000000000,71,281
public,poovarasu638178-rgb/redrob-candidate-ranker,https://github.com/poovarasu638178-rgb/redrob-candidate-ranker,blind,0,submission.csv,relabel_j4,0.962134749884,0.795338395895,1.000000000000,1.000000000000,0.919668893711,0.670000000000,67,135
public,poovarasu638178-rgb/redrob-candidate-ranker,https://github.com/poovarasu638178-rgb/redrob-candidate-ranker,blind,0,submission.csv,relabel_g25,0.840380128912,0.725933638312,1.000000000000,1.000000000000,0.837970155950,0.680000000000,68,136
public,poovarasu638178-rgb/redrob-candidate-ranker,https://github.com/poovarasu638178-rgb/redrob-candidate-ranker,blind,0,submission.csv,blind_test_frozen,0.910497703725,0.904595679614,1.000000000000,1.000000000000,0.926627555747,0.780000000000,78,1000
public,Praneetb2929/redrob-ranker,https://github.com/Praneetb2929/redrob-ranker,h2,1,submission.csv,h2,0.848449867911,0.872644699924,0.988026425623,1.000000000000,0.884222307776,1.000000000000,100,100000
public,Praneetb2929/redrob-ranker,https://github.com/Praneetb2929/redrob-ranker,h2,1,submission.csv,independent,0.792371432605,0.807210547263,0.988026425623,1.000000000000,0.836552844325,1.000000000000,100,100000
public,Praneetb2929/redrob-ranker,https://github.com/Praneetb2929/redrob-ranker,h2,1,submission.csv,judge1,0.716420942482,0.868765926462,1.000000000000,1.000000000000,0.818840249179,0.650000000000,65,249
public,Praneetb2929/redrob-ranker,https://github.com/Praneetb2929/redrob-ranker,h2,1,submission.csv,judge2,0.844889756429,0.840645567582,1.000000000000,1.000000000000,0.874638548489,0.650000000000,65,249
public,Praneetb2929/redrob-ranker,https://github.com/Praneetb2929/redrob-ranker,h2,1,submission.csv,judge3,0.923218629244,0.870672811466,0.982876601148,1.000000000000,0.920242648234,0.650000000000,65,249
public,Praneetb2929/redrob-ranker,https://github.com/Praneetb2929/redrob-ranker,h2,1,submission.csv,expand,0.733941198633,0.424929428589,0.855125733083,1.000000000000,0.672718287856,0.190000000000,19,639
public,Praneetb2929/redrob-ranker,https://github.com/Praneetb2929/redrob-ranker,h2,1,submission.csv,silver20k,0.682906087132,0.637926509528,0.585856504607,0.900000000000,0.665709472115,0.280000000000,28,20000
public,Praneetb2929/redrob-ranker,https://github.com/Praneetb2929/redrob-ranker,h2,1,submission.csv,reviewer,0.876340528337,0.769233880275,0.511768991638,0.800000000000,0.785705776997,0.480000000000,48,180
public,Praneetb2929/redrob-ranker,https://github.com/Praneetb2929/redrob-ranker,h2,1,submission.csv,blind,0.831765067213,0.838152266782,0.756593406593,0.600000000000,0.810817224630,0.170000000000,17,50
public,Praneetb2929/redrob-ranker,https://github.com/Praneetb2929/redrob-ranker,h2,1,submission.csv,merged_j1,0.753885631639,0.809537463981,1.000000000000,1.000000000000,0.819804055014,0.760000000000,76,281
public,Praneetb2929/redrob-ranker,https://github.com/Praneetb2929/redrob-ranker,h2,1,submission.csv,merged_j2,0.841890822887,0.825591393854,1.000000000000,1.000000000000,0.868622829600,0.760000000000,76,281
public,Praneetb2929/redrob-ranker,https://github.com/Praneetb2929/redrob-ranker,h2,1,submission.csv,merged_j3,0.956055165088,0.882191417108,0.985388746901,1.000000000000,0.940493319712,0.760000000000,76,281
public,Praneetb2929/redrob-ranker,https://github.com/Praneetb2929/redrob-ranker,h2,1,submission.csv,relabel_j4,0.956055165088,0.858801733895,1.000000000000,1.000000000000,0.935668102713,0.700000000000,70,135
public,Praneetb2929/redrob-ranker,https://github.com/Praneetb2929/redrob-ranker,h2,1,submission.csv,relabel_g25,0.770219884114,0.748478879977,1.000000000000,1.000000000000,0.809653606050,0.710000000000,71,136
public,Praneetb2929/redrob-ranker,https://github.com/Praneetb2929/redrob-ranker,h2,1,submission.csv,blind_test_frozen,0.870157959952,0.868112919571,1.000000000000,1.000000000000,0.895512855847,0.840000000000,84,1000
public,Preethamkumarkothakonda/redrob_ai_smart_recruiter,https://github.com/Preethamkumarkothakonda/redrob_ai_smart_recruiter,blind,9,submission.csv,h2,0.844123078029,0.827284697687,0.964629310116,1.000000000000,0.864941344838,1.000000000000,100,100000
public,Preethamkumarkothakonda/redrob_ai_smart_recruiter,https://github.com/Preethamkumarkothakonda/redrob_ai_smart_recruiter,blind,9,submission.csv,independent,0.807126251932,0.743609700031,0.964629310116,1.000000000000,0.821340432493,1.000000000000,100,100000
public,Preethamkumarkothakonda/redrob_ai_smart_recruiter,https://github.com/Preethamkumarkothakonda/redrob_ai_smart_recruiter,blind,9,submission.csv,judge1,0.819193433297,0.890966847447,1.000000000000,1.000000000000,0.876886770882,0.540000000000,54,249
public,Preethamkumarkothakonda/redrob_ai_smart_recruiter,https://github.com/Preethamkumarkothakonda/redrob_ai_smart_recruiter,blind,9,submission.csv,judge2,1.000000000000,0.852356791286,1.000000000000,1.000000000000,0.955707037386,0.540000000000,54,249
public,Preethamkumarkothakonda/redrob_ai_smart_recruiter,https://github.com/Preethamkumarkothakonda/redrob_ai_smart_recruiter,blind,9,submission.csv,judge3,0.929968802379,0.850502781540,1.000000000000,1.000000000000,0.920135235651,0.540000000000,54,249
public,Preethamkumarkothakonda/redrob_ai_smart_recruiter,https://github.com/Preethamkumarkothakonda/redrob_ai_smart_recruiter,blind,9,submission.csv,expand,0.759059013142,0.710880277756,1.000000000000,1.000000000000,0.792793589898,0.400000000000,40,639
public,Preethamkumarkothakonda/redrob_ai_smart_recruiter,https://github.com/Preethamkumarkothakonda/redrob_ai_smart_recruiter,blind,9,submission.csv,silver20k,0.621775686579,0.620281341347,0.765509648366,0.900000000000,0.656798692948,0.250000000000,25,20000
public,Preethamkumarkothakonda/redrob_ai_smart_recruiter,https://github.com/Preethamkumarkothakonda/redrob_ai_smart_recruiter,blind,9,submission.csv,reviewer,0.893558391891,0.781886785333,0.549973742281,0.800000000000,0.803841292888,0.640000000000,64,180
public,Preethamkumarkothakonda/redrob_ai_smart_recruiter,https://github.com/Preethamkumarkothakonda/redrob_ai_smart_recruiter,blind,9,submission.csv,blind,0.938014754908,0.943401886804,0.965909090909,0.700000000000,0.931914307131,0.230000000000,23,50
public,Preethamkumarkothakonda/redrob_ai_smart_recruiter,https://github.com/Preethamkumarkothakonda/redrob_ai_smart_recruiter,blind,9,submission.csv,merged_j1,0.823431547032,0.814829185823,1.000000000000,1.000000000000,0.856164529263,0.750000000000,75,281
public,Preethamkumarkothakonda/redrob_ai_smart_recruiter,https://github.com/Preethamkumarkothakonda/redrob_ai_smart_recruiter,blind,9,submission.csv,merged_j2,1.000000000000,0.868098294509,1.000000000000,1.000000000000,0.960429488353,0.750000000000,75,281
public,Preethamkumarkothakonda/redrob_ai_smart_recruiter,https://github.com/Preethamkumarkothakonda/redrob_ai_smart_recruiter,blind,9,submission.csv,merged_j3,0.965804271765,0.809572445686,1.000000000000,1.000000000000,0.925773869589,0.750000000000,75,281
public,Preethamkumarkothakonda/redrob_ai_smart_recruiter,https://github.com/Preethamkumarkothakonda/redrob_ai_smart_recruiter,blind,9,submission.csv,relabel_j4,0.967163464155,0.847886594129,1.000000000000,1.000000000000,0.937947710316,0.710000000000,71,135
public,Preethamkumarkothakonda/redrob_ai_smart_recruiter,https://github.com/Preethamkumarkothakonda/redrob_ai_smart_recruiter,blind,9,submission.csv,relabel_g25,0.808936520231,0.739722065685,1.000000000000,1.000000000000,0.826384879821,0.720000000000,72,136
public,Preethamkumarkothakonda/redrob_ai_smart_recruiter,https://github.com/Preethamkumarkothakonda/redrob_ai_smart_recruiter,blind,9,submission.csv,blind_test_frozen,0.959316920957,0.908711660507,1.000000000000,1.000000000000,0.952271958630,0.870000000000,87,1000
public,PurviGit/redrob-ranker,https://github.com/PurviGit/redrob-ranker,reviewer,7,purvi-porwal.csv,h2,0.813711632977,0.787103837166,1.000000000000,1.000000000000,0.842986967638,1.000000000000,100,100000
public,PurviGit/redrob-ranker,https://github.com/PurviGit/redrob-ranker,reviewer,7,purvi-porwal.csv,independent,0.834578300117,0.751482023830,1.000000000000,1.000000000000,0.842733757207,1.000000000000,100,100000
public,PurviGit/redrob-ranker,https://github.com/PurviGit/redrob-ranker,reviewer,7,purvi-porwal.csv,judge1,0.872936410082,0.865309795389,0.980561354961,1.000000000000,0.893145346902,0.580000000000,58,249
public,PurviGit/redrob-ranker,https://github.com/PurviGit/redrob-ranker,reviewer,7,purvi-porwal.csv,judge2,1.000000000000,0.868640144158,1.000000000000,1.000000000000,0.960592043247,0.580000000000,58,249
public,PurviGit/redrob-ranker,https://github.com/PurviGit/redrob-ranker,reviewer,7,purvi-porwal.csv,judge3,1.000000000000,0.846709730935,1.000000000000,1.000000000000,0.954012919280,0.580000000000,58,249
public,PurviGit/redrob-ranker,https://github.com/PurviGit/redrob-ranker,reviewer,7,purvi-porwal.csv,expand,0.666548124989,0.646603379029,0.944678358398,1.000000000000,0.718956829963,0.410000000000,41,639
public,PurviGit/redrob-ranker,https://github.com/PurviGit/redrob-ranker,reviewer,7,purvi-porwal.csv,silver20k,0.846207879646,0.617537668170,0.744602868751,0.900000000000,0.765055670587,0.200000000000,20,20000
public,PurviGit/redrob-ranker,https://github.com/PurviGit/redrob-ranker,reviewer,7,purvi-porwal.csv,reviewer,0.937281384817,0.841760984437,0.709847588260,0.900000000000,0.872646125979,0.600000000000,60,180
public,PurviGit/redrob-ranker,https://github.com/PurviGit/redrob-ranker,reviewer,7,purvi-porwal.csv,blind,0.800269484180,0.888818698072,0.696360930736,0.600000000000,0.801234491122,0.250000000000,25,50
public,PurviGit/redrob-ranker,https://github.com/PurviGit/redrob-ranker,reviewer,7,purvi-porwal.csv,merged_j1,0.872936410082,0.791858993151,0.985598058507,1.000000000000,0.871865611762,0.770000000000,77,281
public,PurviGit/redrob-ranker,https://github.com/PurviGit/redrob-ranker,reviewer,7,purvi-porwal.csv,merged_j2,1.000000000000,0.855035921472,1.000000000000,1.000000000000,0.956510776442,0.770000000000,77,281
public,PurviGit/redrob-ranker,https://github.com/PurviGit/redrob-ranker,reviewer,7,purvi-porwal.csv,merged_j3,1.000000000000,0.833188388106,1.000000000000,1.000000000000,0.949956516432,0.770000000000,77,281
public,PurviGit/redrob-ranker,https://github.com/PurviGit/redrob-ranker,reviewer,7,purvi-porwal.csv,relabel_j4,1.000000000000,0.823323151947,1.000000000000,1.000000000000,0.946996945584,0.740000000000,74,135
public,PurviGit/redrob-ranker,https://github.com/PurviGit/redrob-ranker,reviewer,7,purvi-porwal.csv,relabel_g25,0.791761403137,0.733041317710,1.000000000000,1.000000000000,0.815793096881,0.740000000000,74,136
public,PurviGit/redrob-ranker,https://github.com/PurviGit/redrob-ranker,reviewer,7,purvi-porwal.csv,blind_test_frozen,0.974679506697,0.897055062167,1.000000000000,1.000000000000,0.956456271998,0.860000000000,86,1000
public,ragucreation/india-runs_data_ai,https://github.com/ragucreation/india-runs_data_ai,h2,7,submission.csv,h2,0.880668721864,0.866265987467,0.983314356638,1.000000000000,0.897711310668,1.000000000000,100,100000
public,ragucreation/india-runs_data_ai,https://github.com/ragucreation/india-runs_data_ai,h2,7,submission.csv,independent,0.890605702066,0.775186212033,0.972267535930,1.000000000000,0.873698845033,1.000000000000,100,100000
public,ragucreation/india-runs_data_ai,https://github.com/ragucreation/india-runs_data_ai,h2,7,submission.csv,judge1,0.720090464363,0.886537743385,1.000000000000,1.000000000000,0.826006555197,0.530000000000,53,249
public,ragucreation/india-runs_data_ai,https://github.com/ragucreation/india-runs_data_ai,h2,7,submission.csv,judge2,0.943202124826,0.882008497739,1.000000000000,1.000000000000,0.936203611735,0.530000000000,53,249
public,ragucreation/india-runs_data_ai,https://github.com/ragucreation/india-runs_data_ai,h2,7,submission.csv,judge3,0.899257289914,0.870359084389,1.000000000000,1.000000000000,0.910736370274,0.530000000000,53,249
public,ragucreation/india-runs_data_ai,https://github.com/ragucreation/india-runs_data_ai,h2,7,submission.csv,expand,0.713653861966,0.590621772424,0.888197269292,1.000000000000,0.717243053104,0.330000000000,33,639
public,ragucreation/india-runs_data_ai,https://github.com/ragucreation/india-runs_data_ai,h2,7,submission.csv,silver20k,0.808911223786,0.695064328688,0.638958949597,0.900000000000,0.753818752939,0.290000000000,29,20000
public,ragucreation/india-runs_data_ai,https://github.com/ragucreation/india-runs_data_ai,h2,7,submission.csv,reviewer,0.744964859292,0.713443859528,0.429677173928,0.700000000000,0.685967163594,0.530000000000,53,180
public,ragucreation/india-runs_data_ai,https://github.com/ragucreation/india-runs_data_ai,h2,7,submission.csv,blind,0.584950072271,0.795924273457,0.510733363858,0.300000000000,0.622862322751,0.220000000000,22,50
public,ragucreation/india-runs_data_ai,https://github.com/ragucreation/india-runs_data_ai,h2,7,submission.csv,merged_j1,0.720090464363,0.806300007069,1.000000000000,1.000000000000,0.801935234302,0.630000000000,63,281
public,ragucreation/india-runs_data_ai,https://github.com/ragucreation/india-runs_data_ai,h2,7,submission.csv,merged_j2,0.943202124826,0.863593266664,1.000000000000,1.000000000000,0.930679042412,0.630000000000,63,281
public,ragucreation/india-runs_data_ai,https://github.com/ragucreation/india-runs_data_ai,h2,7,submission.csv,merged_j3,0.899257289914,0.838557315773,1.000000000000,1.000000000000,0.901195839689,0.630000000000,63,281
public,ragucreation/india-runs_data_ai,https://github.com/ragucreation/india-runs_data_ai,h2,7,submission.csv,relabel_j4,0.907366655440,0.851868428117,1.000000000000,1.000000000000,0.909243856155,0.580000000000,58,135
public,ragucreation/india-runs_data_ai,https://github.com/ragucreation/india-runs_data_ai,h2,7,submission.csv,relabel_g25,0.863421820528,0.784359913088,1.000000000000,1.000000000000,0.867018884190,0.590000000000,59,136
public,ragucreation/india-runs_data_ai,https://github.com/ragucreation/india-runs_data_ai,h2,7,submission.csv,blind_test_frozen,0.834354026845,0.840162263699,1.000000000000,1.000000000000,0.869225692532,0.740000000000,74,1000
public,rahulx2001/recruitgpt-x,https://github.com/rahulx2001/recruitgpt-x,engineering,16,backend/data/submission.csv,h2,0.789232602418,0.814122768947,0.989278043496,1.000000000000,0.837244838417,1.000000000000,100,100000
public,rahulx2001/recruitgpt-x,https://github.com/rahulx2001/recruitgpt-x,engineering,16,backend/data/submission.csv,independent,0.788087362559,0.762232047834,0.989278043496,1.000000000000,0.821105002154,1.000000000000,100,100000
public,rahulx2001/recruitgpt-x,https://github.com/rahulx2001/recruitgpt-x,engineering,16,backend/data/submission.csv,judge1,0.753307282394,0.843761458695,1.000000000000,1.000000000000,0.829782078805,0.620000000000,62,249
public,rahulx2001/recruitgpt-x,https://github.com/rahulx2001/recruitgpt-x,engineering,16,backend/data/submission.csv,judge2,1.000000000000,0.866224236818,1.000000000000,1.000000000000,0.959867271045,0.620000000000,62,249
public,rahulx2001/recruitgpt-x,https://github.com/rahulx2001/recruitgpt-x,engineering,16,backend/data/submission.csv,judge3,0.959536377301,0.855623697780,1.000000000000,1.000000000000,0.936455297985,0.620000000000,62,249
public,rahulx2001/recruitgpt-x,https://github.com/rahulx2001/recruitgpt-x,engineering,16,backend/data/submission.csv,expand,0.707860886784,0.562078254905,1.000000000000,1.000000000000,0.722553919864,0.310000000000,31,639
public,rahulx2001/recruitgpt-x,https://github.com/rahulx2001/recruitgpt-x,engineering,16,backend/data/submission.csv,silver20k,0.761265461250,0.607149050919,0.750310800311,1.000000000000,0.725324065947,0.260000000000,26,20000
public,rahulx2001/recruitgpt-x,https://github.com/rahulx2001/recruitgpt-x,engineering,16,backend/data/submission.csv,reviewer,0.793699700748,0.736788073927,0.540684883427,0.700000000000,0.733989005066,0.430000000000,43,180
public,rahulx2001/recruitgpt-x,https://github.com/rahulx2001/recruitgpt-x,engineering,16,backend/data/submission.csv,blind,0.923987841957,0.792046562210,0.820684523810,0.700000000000,0.857710568213,0.130000000000,13,50
public,rahulx2001/recruitgpt-x,https://github.com/rahulx2001/recruitgpt-x,engineering,16,backend/data/submission.csv,merged_j1,0.760934369248,0.768805190873,1.000000000000,1.000000000000,0.811108741886,0.700000000000,70,281
public,rahulx2001/recruitgpt-x,https://github.com/rahulx2001/recruitgpt-x,engineering,16,backend/data/submission.csv,merged_j2,1.000000000000,0.877256625345,1.000000000000,1.000000000000,0.963176987604,0.700000000000,70,281
public,rahulx2001/recruitgpt-x,https://github.com/rahulx2001/recruitgpt-x,engineering,16,backend/data/submission.csv,merged_j3,0.923700907915,0.823311669903,1.000000000000,1.000000000000,0.908843954928,0.700000000000,70,281
public,rahulx2001/recruitgpt-x,https://github.com/rahulx2001/recruitgpt-x,engineering,16,backend/data/submission.csv,relabel_j4,0.943202124826,0.830239842979,1.000000000000,1.000000000000,0.920673015307,0.680000000000,68,135
public,rahulx2001/recruitgpt-x,https://github.com/rahulx2001/recruitgpt-x,engineering,16,backend/data/submission.csv,relabel_g25,0.857943454612,0.819444641972,1.000000000000,1.000000000000,0.874805119897,0.690000000000,69,136
public,rahulx2001/recruitgpt-x,https://github.com/rahulx2001/recruitgpt-x,engineering,16,backend/data/submission.csv,blind_test_frozen,0.897723572345,0.851707928016,1.000000000000,1.000000000000,0.904374164577,0.810000000000,81,1000
public,ranejai954/india-runs-track1-submission,https://github.com/ranejai954/india-runs-track1-submission,reviewer,2,submission_READY.csv,h2,0.639013235763,0.711694064980,0.953380052044,1.000000000000,0.726021845183,1.000000000000,100,100000
public,ranejai954/india-runs-track1-submission,https://github.com/ranejai954/india-runs-track1-submission,reviewer,2,submission_READY.csv,independent,0.612277550748,0.657584112666,0.953380052044,1.000000000000,0.696421016980,1.000000000000,100,100000
public,ranejai954/india-runs-track1-submission,https://github.com/ranejai954/india-runs-track1-submission,reviewer,2,submission_READY.csv,judge1,0.662892028230,0.794823985379,1.000000000000,1.000000000000,0.769893209729,0.590000000000,59,249
public,ranejai954/india-runs-track1-submission,https://github.com/ranejai954/india-runs-track1-submission,reviewer,2,submission_READY.csv,judge2,0.920219695701,0.848343187175,1.000000000000,1.000000000000,0.914612804003,0.590000000000,59,249
public,ranejai954/india-runs-track1-submission,https://github.com/ranejai954/india-runs-track1-submission,reviewer,2,submission_READY.csv,judge3,0.806623945354,0.819695430403,1.000000000000,1.000000000000,0.849220601798,0.590000000000,59,249
public,ranejai954/india-runs-track1-submission,https://github.com/ranejai954/india-runs-track1-submission,reviewer,2,submission_READY.csv,expand,0.640467813140,0.624242531699,0.954911924084,1.000000000000,0.700743454692,0.390000000000,39,639
public,ranejai954/india-runs-track1-submission,https://github.com/ranejai954/india-runs-track1-submission,reviewer,2,submission_READY.csv,silver20k,0.732339600437,0.543783745038,0.690827947061,1.000000000000,0.682929115789,0.190000000000,19,20000
public,ranejai954/india-runs-track1-submission,https://github.com/ranejai954/india-runs-track1-submission,reviewer,2,submission_READY.csv,reviewer,1.000000000000,0.800065082120,0.633980139432,1.000000000000,0.885116545551,0.570000000000,57,180
public,ranejai954/india-runs-track1-submission,https://github.com/ranejai954/india-runs-track1-submission,reviewer,2,submission_READY.csv,blind,0.923987841957,0.850867595369,0.820684523810,0.700000000000,0.875356878161,0.190000000000,19,50
public,ranejai954/india-runs-track1-submission,https://github.com/ranejai954/india-runs-track1-submission,reviewer,2,submission_READY.csv,merged_j1,0.662892028230,0.736302542633,1.000000000000,1.000000000000,0.752336776905,0.700000000000,70,281
public,ranejai954/india-runs-track1-submission,https://github.com/ranejai954/india-runs-track1-submission,reviewer,2,submission_READY.csv,merged_j2,0.920219695701,0.852590024838,1.000000000000,1.000000000000,0.915886855302,0.700000000000,70,281
public,ranejai954/india-runs-track1-submission,https://github.com/ranejai954/india-runs-track1-submission,reviewer,2,submission_READY.csv,merged_j3,0.806623945354,0.813013126456,1.000000000000,1.000000000000,0.847215910614,0.700000000000,70,281
public,ranejai954/india-runs-track1-submission,https://github.com/ranejai954/india-runs-track1-submission,reviewer,2,submission_READY.csv,relabel_j4,0.920219695701,0.832524329333,1.000000000000,1.000000000000,0.909867146651,0.680000000000,68,135
public,ranejai954/india-runs-track1-submission,https://github.com/ranejai954/india-runs-track1-submission,reviewer,2,submission_READY.csv,relabel_g25,0.673401737625,0.674976169398,1.000000000000,1.000000000000,0.739193719632,0.680000000000,68,136
public,ranejai954/india-runs-track1-submission,https://github.com/ranejai954/india-runs-track1-submission,reviewer,2,submission_READY.csv,blind_test_frozen,0.764761066421,0.826971200616,1.000000000000,1.000000000000,0.830471893395,0.800000000000,80,1000
public,raviprakash720/India-runs,https://github.com/raviprakash720/India-runs,reviewer,5,submission.csv,h2,0.749063436857,0.763722266936,0.964855040586,1.000000000000,0.798376654597,1.000000000000,100,100000
public,raviprakash720/India-runs,https://github.com/raviprakash720/India-runs,reviewer,5,submission.csv,independent,0.751788672392,0.728115715923,0.964855040586,1.000000000000,0.789057307061,1.000000000000,100,100000
public,raviprakash720/India-runs,https://github.com/raviprakash720/India-runs,reviewer,5,submission.csv,judge1,0.696748239300,0.785658645902,1.000000000000,1.000000000000,0.784071713420,0.510000000000,51,249
public,raviprakash720/India-runs,https://github.com/raviprakash720/India-runs,reviewer,5,submission.csv,judge2,0.872936410082,0.817542687314,1.000000000000,1.000000000000,0.881731011235,0.510000000000,51,249
public,raviprakash720/India-runs,https://github.com/raviprakash720/India-runs,reviewer,5,submission.csv,judge3,0.916881244994,0.836501172992,0.964156864093,1.000000000000,0.904014504009,0.510000000000,51,249
public,raviprakash720/India-runs,https://github.com/raviprakash720/India-runs,reviewer,5,submission.csv,expand,0.604981604599,0.589036705874,0.877971411085,1.000000000000,0.660897525724,0.360000000000,36,639
public,raviprakash720/India-runs,https://github.com/raviprakash720/India-runs,reviewer,5,submission.csv,silver20k,0.744248483193,0.479790036567,0.866666666667,1.000000000000,0.696061252567,0.150000000000,15,20000
public,raviprakash720/India-runs,https://github.com/raviprakash720/India-runs,reviewer,5,submission.csv,reviewer,1.000000000000,0.770177337329,0.724093390676,1.000000000000,0.889667209800,0.400000000000,40,180
public,raviprakash720/India-runs,https://github.com/raviprakash720/India-runs,reviewer,5,submission.csv,blind,0.997163710733,0.862509895456,0.986111111111,0.800000000000,0.945251490670,0.140000000000,14,50
public,raviprakash720/India-runs,https://github.com/raviprakash720/India-runs,reviewer,5,submission.csv,merged_j1,0.734613489415,0.787723466659,1.000000000000,1.000000000000,0.803623784705,0.650000000000,65,281
public,raviprakash720/India-runs,https://github.com/raviprakash720/India-runs,reviewer,5,submission.csv,merged_j2,0.877776814685,0.828851358318,1.000000000000,1.000000000000,0.887543814838,0.650000000000,65,281
public,raviprakash720/India-runs,https://github.com/raviprakash720/India-runs,reviewer,5,submission.csv,merged_j3,0.918240437384,0.832628122011,0.971813777229,1.000000000000,0.904680721880,0.650000000000,65,281
public,raviprakash720/India-runs,https://github.com/raviprakash720/India-runs,reviewer,5,submission.csv,relabel_j4,0.916881244994,0.812307521703,1.000000000000,1.000000000000,0.902132879008,0.620000000000,62,135
public,raviprakash720/India-runs,https://github.com/raviprakash720/India-runs,reviewer,5,submission.csv,relabel_g25,0.828014910352,0.810689687821,1.000000000000,1.000000000000,0.857214361523,0.630000000000,63,136
public,raviprakash720/India-runs,https://github.com/raviprakash720/India-runs,reviewer,5,submission.csv,blind_test_frozen,0.885143752909,0.848831413120,1.000000000000,1.000000000000,0.897221300390,0.780000000000,78,1000
public,rishicodesforfun/India-runs-ats,https://github.com/rishicodesforfun/India-runs-ats,reviewer,9,submission/official_submission.csv,h2,0.757122440256,0.753763143356,0.864519403930,0.900000000000,0.779368073724,1.000000000000,100,100000
public,rishicodesforfun/India-runs-ats,https://github.com/rishicodesforfun/India-runs-ats,reviewer,9,submission/official_submission.csv,independent,0.715425838534,0.691200831810,0.864519403930,0.900000000000,0.739751079400,1.000000000000,100,100000
public,rishicodesforfun/India-runs-ats,https://github.com/rishicodesforfun/India-runs-ats,reviewer,9,submission/official_submission.csv,judge1,0.780114755854,0.828834758992,0.965996491856,1.000000000000,0.833607279403,0.570000000000,57,249
public,rishicodesforfun/India-runs-ats,https://github.com/rishicodesforfun/India-runs-ats,reviewer,9,submission/official_submission.csv,judge2,0.931327994769,0.814380892974,1.000000000000,1.000000000000,0.909978265277,0.570000000000,57,249
public,rishicodesforfun/India-runs-ats,https://github.com/rishicodesforfun/India-runs-ats,reviewer,9,submission/official_submission.csv,judge3,0.863421820528,0.779782207708,0.965996491856,1.000000000000,0.860545046355,0.570000000000,57,249
public,rishicodesforfun/India-runs-ats,https://github.com/rishicodesforfun/India-runs-ats,reviewer,9,submission/official_submission.csv,expand,0.563005979418,0.518330323251,0.841214769949,0.900000000000,0.608184302177,0.310000000000,31,639
public,rishicodesforfun/India-runs-ats,https://github.com/rishicodesforfun/India-runs-ats,reviewer,9,submission/official_submission.csv,silver20k,0.767057450618,0.540197054147,0.743276254428,0.900000000000,0.702079279717,0.180000000000,18,20000
public,rishicodesforfun/India-runs-ats,https://github.com/rishicodesforfun/India-runs-ats,reviewer,9,submission/official_submission.csv,reviewer,1.000000000000,0.769114517616,0.717773312696,1.000000000000,0.888400352189,0.400000000000,40,180
public,rishicodesforfun/India-runs-ats,https://github.com/rishicodesforfun/India-runs-ats,reviewer,9,submission/official_submission.csv,blind,0.974525931292,0.833575665521,0.906795634921,0.800000000000,0.913355010540,0.130000000000,13,50
public,rishicodesforfun/India-runs-ats,https://github.com/rishicodesforfun/India-runs-ats,reviewer,9,submission/official_submission.csv,merged_j1,0.812723808924,0.822795479783,0.972265999937,1.000000000000,0.849040448387,0.700000000000,70,281
public,rishicodesforfun/India-runs-ats,https://github.com/rishicodesforfun/India-runs-ats,reviewer,9,submission/official_submission.csv,merged_j2,0.967163464155,0.838458730068,1.000000000000,1.000000000000,0.935119351098,0.700000000000,70,281
public,rishicodesforfun/India-runs-ats,https://github.com/rishicodesforfun/India-runs-ats,reviewer,9,submission/official_submission.csv,merged_j3,0.885353379128,0.789991010697,0.972265999937,1.000000000000,0.875513892764,0.700000000000,70,281
public,rishicodesforfun/India-runs-ats,https://github.com/rishicodesforfun/India-runs-ats,reviewer,9,submission/official_submission.csv,relabel_j4,0.967163464155,0.826729922519,1.000000000000,1.000000000000,0.931600708833,0.670000000000,67,135
public,rishicodesforfun/India-runs-ats,https://github.com/rishicodesforfun/India-runs-ats,reviewer,9,submission/official_submission.csv,relabel_g25,0.853187431622,0.804798111710,0.970763233647,1.000000000000,0.863647634371,0.680000000000,68,136
public,rishicodesforfun/India-runs-ats,https://github.com/rishicodesforfun/India-runs-ats,reviewer,9,submission/official_submission.csv,blind_test_frozen,0.734162203321,0.807448355711,1.000000000000,1.000000000000,0.809315608374,0.790000000000,79,1000
public,Ritesh-Routray/India_Runs_Hackathon,https://github.com/Ritesh-Routray/India_Runs_Hackathon,h2,3,submission.csv,h2,0.859893529247,0.843312194947,1.000000000000,1.000000000000,0.882940423108,1.000000000000,100,100000
public,Ritesh-Routray/India_Runs_Hackathon,https://github.com/Ritesh-Routray/India_Runs_Hackathon,h2,3,submission.csv,independent,0.685456886828,0.666010662010,0.988146907550,1.000000000000,0.740753678150,1.000000000000,100,100000
public,Ritesh-Routray/India_Runs_Hackathon,https://github.com/Ritesh-Routray/India_Runs_Hackathon,h2,3,submission.csv,judge1,0.709012408934,0.797226037448,1.000000000000,1.000000000000,0.793674015701,0.440000000000,44,249
public,Ritesh-Routray/India_Runs_Hackathon,https://github.com/Ritesh-Routray/India_Runs_Hackathon,h2,3,submission.csv,judge2,1.000000000000,0.797380919760,1.000000000000,1.000000000000,0.939214275928,0.440000000000,44,249
public,Ritesh-Routray/India_Runs_Hackathon,https://github.com/Ritesh-Routray/India_Runs_Hackathon,h2,3,submission.csv,judge3,0.928329061227,0.759734974906,0.970819825737,1.000000000000,0.887707996945,0.440000000000,44,249
public,Ritesh-Routray/India_Runs_Hackathon,https://github.com/Ritesh-Routray/India_Runs_Hackathon,h2,3,submission.csv,expand,0.760759282124,0.648187255111,0.843390350670,1.000000000000,0.751344370196,0.350000000000,35,639
public,Ritesh-Routray/India_Runs_Hackathon,https://github.com/Ritesh-Routray/India_Runs_Hackathon,h2,3,submission.csv,silver20k,0.863673012850,0.654459279507,0.550081746957,0.900000000000,0.755686552320,0.240000000000,24,20000
public,Ritesh-Routray/India_Runs_Hackathon,https://github.com/Ritesh-Routray/India_Runs_Hackathon,h2,3,submission.csv,reviewer,0.556230072829,0.612979859327,0.320981983090,0.600000000000,0.540156291676,0.540000000000,54,180
public,Ritesh-Routray/India_Runs_Hackathon,https://github.com/Ritesh-Routray/India_Runs_Hackathon,h2,3,submission.csv,blind,0.577456088539,0.617313269476,0.393181818182,0.500000000000,0.557899297840,0.220000000000,22,50
public,Ritesh-Routray/India_Runs_Hackathon,https://github.com/Ritesh-Routray/India_Runs_Hackathon,h2,3,submission.csv,merged_j1,0.665067574022,0.763243149072,1.000000000000,1.000000000000,0.761506731733,0.590000000000,59,281
public,Ritesh-Routray/India_Runs_Hackathon,https://github.com/Ritesh-Routray/India_Runs_Hackathon,h2,3,submission.csv,merged_j2,1.000000000000,0.861075092604,1.000000000000,1.000000000000,0.958322527781,0.590000000000,59,281
public,Ritesh-Routray/India_Runs_Hackathon,https://github.com/Ritesh-Routray/India_Runs_Hackathon,h2,3,submission.csv,merged_j3,0.943202124826,0.795108113365,0.978872601690,1.000000000000,0.906964386676,0.590000000000,59,281
public,Ritesh-Routray/India_Runs_Hackathon,https://github.com/Ritesh-Routray/India_Runs_Hackathon,h2,3,submission.csv,relabel_j4,1.000000000000,0.853524329601,1.000000000000,1.000000000000,0.956057298880,0.560000000000,56,135
public,Ritesh-Routray/India_Runs_Hackathon,https://github.com/Ritesh-Routray/India_Runs_Hackathon,h2,3,submission.csv,relabel_g25,0.741198635213,0.700286538940,0.977959871560,1.000000000000,0.777379260022,0.570000000000,57,136
public,Ritesh-Routray/India_Runs_Hackathon,https://github.com/Ritesh-Routray/India_Runs_Hackathon,h2,3,submission.csv,blind_test_frozen,0.963444040420,0.902010948880,0.986488888889,1.000000000000,0.950298638207,0.750000000000,75,1000
public,Roalphi/redrobai_hackathon,https://github.com/Roalphi/redrobai_hackathon,"mean7,blind",3,submission.csv,h2,0.828943906980,0.851310628671,1.000000000000,1.000000000000,0.869865142091,1.000000000000,100,100000
public,Roalphi/redrobai_hackathon,https://github.com/Roalphi/redrobai_hackathon,"mean7,blind",3,submission.csv,independent,0.877019352016,0.807176747391,1.000000000000,1.000000000000,0.880662700225,1.000000000000,100,100000
public,Roalphi/redrobai_hackathon,https://github.com/Roalphi/redrobai_hackathon,"mean7,blind",3,submission.csv,judge1,0.770448958802,0.855932740013,1.000000000000,1.000000000000,0.842004301405,0.660000000000,66,249
public,Roalphi/redrobai_hackathon,https://github.com/Roalphi/redrobai_hackathon,"mean7,blind",3,submission.csv,judge2,1.000000000000,0.853084256214,1.000000000000,1.000000000000,0.955925276864,0.660000000000,66,249
public,Roalphi/redrobai_hackathon,https://github.com/Roalphi/redrobai_hackathon,"mean7,blind",3,submission.csv,judge3,0.967163464155,0.848913192351,0.984149073780,1.000000000000,0.935878050850,0.660000000000,66,249
public,Roalphi/redrobai_hackathon,https://github.com/Roalphi/redrobai_hackathon,"mean7,blind",3,submission.csv,expand,0.713653861966,0.613660767516,1.000000000000,1.000000000000,0.740925161238,0.340000000000,34,639
public,Roalphi/redrobai_hackathon,https://github.com/Roalphi/redrobai_hackathon,"mean7,blind",3,submission.csv,silver20k,0.908387099912,0.660672511069,0.911142101843,0.900000000000,0.834066618553,0.170000000000,17,20000
public,Roalphi/redrobai_hackathon,https://github.com/Roalphi/redrobai_hackathon,"mean7,blind",3,submission.csv,reviewer,0.890412231761,0.813897618190,0.636185195385,0.800000000000,0.824803180645,0.600000000000,60,180
public,Roalphi/redrobai_hackathon,https://github.com/Roalphi/redrobai_hackathon,"mean7,blind",3,submission.csv,blind,0.986807292995,0.920730536401,0.941517857143,0.800000000000,0.950850485990,0.210000000000,21,50
public,Roalphi/redrobai_hackathon,https://github.com/Roalphi/redrobai_hackathon,"mean7,blind",3,submission.csv,merged_j1,0.770448958802,0.796713318127,1.000000000000,1.000000000000,0.824238474839,0.820000000000,82,281
public,Roalphi/redrobai_hackathon,https://github.com/Roalphi/redrobai_hackathon,"mean7,blind",3,submission.csv,merged_j2,1.000000000000,0.862138014500,1.000000000000,1.000000000000,0.958641404350,0.820000000000,82,281
public,Roalphi/redrobai_hackathon,https://github.com/Roalphi/redrobai_hackathon,"mean7,blind",3,submission.csv,merged_j3,0.967163464155,0.850366143690,0.987353160964,1.000000000000,0.936794549329,0.820000000000,82,281
public,Roalphi/redrobai_hackathon,https://github.com/Roalphi/redrobai_hackathon,"mean7,blind",3,submission.csv,relabel_j4,1.000000000000,0.855742074607,1.000000000000,1.000000000000,0.956722622382,0.790000000000,79,135
public,Roalphi/redrobai_hackathon,https://github.com/Roalphi/redrobai_hackathon,"mean7,blind",3,submission.csv,relabel_g25,0.711062194732,0.736780917849,1.000000000000,1.000000000000,0.776565372721,0.800000000000,80,136
public,Roalphi/redrobai_hackathon,https://github.com/Roalphi/redrobai_hackathon,"mean7,blind",3,submission.csv,blind_test_frozen,0.957319319919,0.874570944620,1.000000000000,1.000000000000,0.941030943346,0.880000000000,88,1000
public,roug047/India_runs_data_and_ai_challenge,https://github.com/roug047/India_runs_data_and_ai_challenge,h2,7,artifacts/submission_one.csv,h2,0.860826713563,0.888520343872,0.989900000000,1.000000000000,0.895454459943,1.000000000000,100,100000
public,roug047/India_runs_data_and_ai_challenge,https://github.com/roug047/India_runs_data_and_ai_challenge,h2,7,artifacts/submission_one.csv,independent,0.910751234396,0.870808524972,0.966499198183,1.000000000000,0.911593054417,1.000000000000,100,100000
public,roug047/India_runs_data_and_ai_challenge,https://github.com/roug047/India_runs_data_and_ai_challenge,h2,7,artifacts/submission_one.csv,judge1,0.763400221193,0.865751107465,1.000000000000,1.000000000000,0.841425442836,0.630000000000,63,249
public,roug047/India_runs_data_and_ai_challenge,https://github.com/roug047/India_runs_data_and_ai_challenge,h2,7,artifacts/submission_one.csv,judge2,1.000000000000,0.860111102341,1.000000000000,1.000000000000,0.958033330702,0.630000000000,63,249
public,roug047/India_runs_data_and_ai_challenge,https://github.com/roug047/India_runs_data_and_ai_challenge,h2,7,artifacts/submission_one.csv,judge3,0.928329061227,0.838332151321,1.000000000000,1.000000000000,0.915664176010,0.630000000000,63,249
public,roug047/India_runs_data_and_ai_challenge,https://github.com/roug047/India_runs_data_and_ai_challenge,h2,7,artifacts/submission_one.csv,expand,0.681685348049,0.585692030422,0.925503611207,0.900000000000,0.700375824832,0.310000000000,31,639
public,roug047/India_runs_data_and_ai_challenge,https://github.com/roug047/India_runs_data_and_ai_challenge,h2,7,artifacts/submission_one.csv,silver20k,0.781804605176,0.671068413253,0.791171899070,0.800000000000,0.750898611424,0.230000000000,23,20000
public,roug047/India_runs_data_and_ai_challenge,https://github.com/roug047/India_runs_data_and_ai_challenge,h2,7,artifacts/submission_one.csv,reviewer,0.888910044901,0.789903304413,0.624346990177,0.900000000000,0.820078062301,0.580000000000,58,180
public,roug047/India_runs_data_and_ai_challenge,https://github.com/roug047/India_runs_data_and_ai_challenge,h2,7,artifacts/submission_one.csv,blind,0.872518562195,0.901762167124,0.889583333333,0.600000000000,0.870225431234,0.200000000000,20,50
public,roug047/India_runs_data_and_ai_challenge,https://github.com/roug047/India_runs_data_and_ai_challenge,h2,7,artifacts/submission_one.csv,merged_j1,0.764759413583,0.792120947143,1.000000000000,1.000000000000,0.820015990934,0.760000000000,76,281
public,roug047/India_runs_data_and_ai_challenge,https://github.com/roug047/India_runs_data_and_ai_challenge,h2,7,artifacts/submission_one.csv,merged_j2,1.000000000000,0.868704232302,1.000000000000,1.000000000000,0.960611269690,0.760000000000,76,281
public,roug047/India_runs_data_and_ai_challenge,https://github.com/roug047/India_runs_data_and_ai_challenge,h2,7,artifacts/submission_one.csv,merged_j3,0.928329061227,0.825024777613,1.000000000000,1.000000000000,0.911671963897,0.760000000000,76,281
public,roug047/India_runs_data_and_ai_challenge,https://github.com/roug047/India_runs_data_and_ai_challenge,h2,7,artifacts/submission_one.csv,relabel_j4,1.000000000000,0.850804228953,1.000000000000,1.000000000000,0.955241268686,0.720000000000,72,135
public,roug047/India_runs_data_and_ai_challenge,https://github.com/roug047/India_runs_data_and_ai_challenge,h2,7,artifacts/submission_one.csv,relabel_g25,0.833090633963,0.780206498078,1.000000000000,1.000000000000,0.850607266405,0.730000000000,73,136
public,roug047/India_runs_data_and_ai_challenge,https://github.com/roug047/India_runs_data_and_ai_challenge,h2,7,artifacts/submission_one.csv,blind_test_frozen,0.926415378682,0.875794868655,1.000000000000,1.000000000000,0.925946149937,0.880000000000,88,1000
public,sahil0m/redrob-hackathon,https://github.com/sahil0m/redrob-hackathon,strong-union tie,14,[PUB] India_runs_data_and_ai_challenge/India_runs_data_and_ai_challenge/sample_submission.csv,h2,0.044201887867,0.024399604485,0.014543942702,0.300000000000,0.046602416684,1.000000000000,100,100000
public,sahil0m/redrob-hackathon,https://github.com/sahil0m/redrob-hackathon,strong-union tie,14,[PUB] India_runs_data_and_ai_challenge/India_runs_data_and_ai_challenge/sample_submission.csv,independent,0.021357164641,0.010921250547,0.002005649718,0.100000000000,0.019255804942,1.000000000000,100,100000
public,sahil0m/redrob-hackathon,https://github.com/sahil0m/redrob-hackathon,strong-union tie,14,[PUB] India_runs_data_and_ai_challenge/India_runs_data_and_ai_challenge/sample_submission.csv,judge1,0.000000000000,0.000000000000,0.000000000000,0.000000000000,0.000000000000,0.000000000000,0,249
public,sahil0m/redrob-hackathon,https://github.com/sahil0m/redrob-hackathon,strong-union tie,14,[PUB] India_runs_data_and_ai_challenge/India_runs_data_and_ai_challenge/sample_submission.csv,judge2,0.000000000000,0.000000000000,0.000000000000,0.000000000000,0.000000000000,0.000000000000,0,249
public,sahil0m/redrob-hackathon,https://github.com/sahil0m/redrob-hackathon,strong-union tie,14,[PUB] India_runs_data_and_ai_challenge/India_runs_data_and_ai_challenge/sample_submission.csv,judge3,0.000000000000,0.000000000000,0.000000000000,0.000000000000,0.000000000000,0.000000000000,0,249
public,sahil0m/redrob-hackathon,https://github.com/sahil0m/redrob-hackathon,strong-union tie,14,[PUB] India_runs_data_and_ai_challenge/India_runs_data_and_ai_challenge/sample_submission.csv,expand,0.000000000000,0.000000000000,0.000000000000,0.000000000000,0.000000000000,0.000000000000,0,639
public,sahil0m/redrob-hackathon,https://github.com/sahil0m/redrob-hackathon,strong-union tie,14,[PUB] India_runs_data_and_ai_challenge/India_runs_data_and_ai_challenge/sample_submission.csv,silver20k,0.015623295606,0.024762243673,0.000000000000,0.000000000000,0.015240320905,1.000000000000,100,20000
public,sahil0m/redrob-hackathon,https://github.com/sahil0m/redrob-hackathon,strong-union tie,14,[PUB] India_runs_data_and_ai_challenge/India_runs_data_and_ai_challenge/sample_submission.csv,reviewer,0.000000000000,0.000000000000,0.000000000000,0.000000000000,0.000000000000,0.000000000000,0,180
public,sahil0m/redrob-hackathon,https://github.com/sahil0m/redrob-hackathon,strong-union tie,14,[PUB] India_runs_data_and_ai_challenge/India_runs_data_and_ai_challenge/sample_submission.csv,blind,0.000000000000,0.000000000000,0.000000000000,0.000000000000,0.000000000000,0.000000000000,0,50
public,sahil0m/redrob-hackathon,https://github.com/sahil0m/redrob-hackathon,strong-union tie,14,[PUB] India_runs_data_and_ai_challenge/India_runs_data_and_ai_challenge/sample_submission.csv,merged_j1,0.000000000000,0.000000000000,0.000000000000,0.000000000000,0.000000000000,0.000000000000,0,281
public,sahil0m/redrob-hackathon,https://github.com/sahil0m/redrob-hackathon,strong-union tie,14,[PUB] India_runs_data_and_ai_challenge/India_runs_data_and_ai_challenge/sample_submission.csv,merged_j2,0.000000000000,0.000000000000,0.000000000000,0.000000000000,0.000000000000,0.000000000000,0,281
public,sahil0m/redrob-hackathon,https://github.com/sahil0m/redrob-hackathon,strong-union tie,14,[PUB] India_runs_data_and_ai_challenge/India_runs_data_and_ai_challenge/sample_submission.csv,merged_j3,0.000000000000,0.000000000000,0.000000000000,0.000000000000,0.000000000000,0.000000000000,0,281
public,sahil0m/redrob-hackathon,https://github.com/sahil0m/redrob-hackathon,strong-union tie,14,[PUB] India_runs_data_and_ai_challenge/India_runs_data_and_ai_challenge/sample_submission.csv,relabel_j4,0.000000000000,0.000000000000,0.000000000000,0.000000000000,0.000000000000,0.000000000000,0,135
public,sahil0m/redrob-hackathon,https://github.com/sahil0m/redrob-hackathon,strong-union tie,14,[PUB] India_runs_data_and_ai_challenge/India_runs_data_and_ai_challenge/sample_submission.csv,relabel_g25,0.000000000000,0.000000000000,0.000000000000,0.000000000000,0.000000000000,0.000000000000,0,136
public,sahil0m/redrob-hackathon,https://github.com/sahil0m/redrob-hackathon,strong-union tie,14,[PUB] India_runs_data_and_ai_challenge/India_runs_data_and_ai_challenge/sample_submission.csv,blind_test_frozen,0.021554396831,0.008488371117,0.000000000000,0.000000000000,0.013323709751,0.010000000000,1,1000
public,SandeepKumarDubey7/redrob-ranker,https://github.com/SandeepKumarDubey7/redrob-ranker,blind,7,submission.csv,h2,0.860326333043,0.816468544575,0.937908341997,1.000000000000,0.865789981193,1.000000000000,100,100000
public,SandeepKumarDubey7/redrob-ranker,https://github.com/SandeepKumarDubey7/redrob-ranker,blind,7,submission.csv,independent,0.910221833798,0.773104487587,0.914825541330,1.000000000000,0.874266094375,1.000000000000,100,100000
public,SandeepKumarDubey7/redrob-ranker,https://github.com/SandeepKumarDubey7/redrob-ranker,blind,7,submission.csv,judge1,0.879406034455,0.882512525176,0.980969558962,1.000000000000,0.901602208625,0.600000000000,60,249
public,SandeepKumarDubey7/redrob-ranker,https://github.com/SandeepKumarDubey7/redrob-ranker,blind,7,submission.csv,judge2,1.000000000000,0.852164510239,1.000000000000,1.000000000000,0.955649353072,0.600000000000,60,249
public,SandeepKumarDubey7/redrob-ranker,https://github.com/SandeepKumarDubey7/redrob-ranker,blind,7,submission.csv,judge3,0.951076973229,0.824576850909,0.956201551514,1.000000000000,0.916341774614,0.600000000000,60,249
public,SandeepKumarDubey7/redrob-ranker,https://github.com/SandeepKumarDubey7/redrob-ranker,blind,7,submission.csv,expand,0.717978223820,0.502123259088,0.792329888317,1.000000000000,0.678475572884,0.270000000000,27,639
public,SandeepKumarDubey7/redrob-ranker,https://github.com/SandeepKumarDubey7/redrob-ranker,blind,7,submission.csv,silver20k,0.873285389418,0.632262907819,0.744063938524,1.000000000000,0.787931157833,0.190000000000,19,20000
public,SandeepKumarDubey7/redrob-ranker,https://github.com/SandeepKumarDubey7/redrob-ranker,blind,7,submission.csv,reviewer,0.880988875328,0.829844860687,0.641005059850,0.800000000000,0.825598654847,0.470000000000,47,180
public,SandeepKumarDubey7/redrob-ranker,https://github.com/SandeepKumarDubey7/redrob-ranker,blind,7,submission.csv,blind,0.927173067015,0.889184065639,0.920274170274,0.700000000000,0.903382878740,0.180000000000,18,50
public,SandeepKumarDubey7/redrob-ranker,https://github.com/SandeepKumarDubey7/redrob-ranker,blind,7,submission.csv,merged_j1,0.899257289914,0.808048515133,0.983010196382,1.000000000000,0.889494728955,0.690000000000,69,281
public,SandeepKumarDubey7/redrob-ranker,https://github.com/SandeepKumarDubey7/redrob-ranker,blind,7,submission.csv,merged_j2,1.000000000000,0.863397825208,1.000000000000,1.000000000000,0.959019347562,0.690000000000,69,281
public,SandeepKumarDubey7/redrob-ranker,https://github.com/SandeepKumarDubey7/redrob-ranker,blind,7,submission.csv,merged_j3,0.956055165088,0.808564161021,0.960941114859,1.000000000000,0.914737998079,0.690000000000,69,281
public,SandeepKumarDubey7/redrob-ranker,https://github.com/SandeepKumarDubey7/redrob-ranker,blind,7,submission.csv,relabel_j4,1.000000000000,0.801711179483,1.000000000000,1.000000000000,0.940513353845,0.640000000000,64,135
public,SandeepKumarDubey7/redrob-ranker,https://github.com/SandeepKumarDubey7/redrob-ranker,blind,7,submission.csv,relabel_g25,0.823002010120,0.793604673849,0.982066718351,1.000000000000,0.846892414968,0.650000000000,65,136
public,SandeepKumarDubey7/redrob-ranker,https://github.com/SandeepKumarDubey7/redrob-ranker,blind,7,submission.csv,blind_test_frozen,0.946897191199,0.892016151947,1.000000000000,1.000000000000,0.941053441184,0.800000000000,80,1000
public,sandipan-ds/redrob_project,https://github.com/sandipan-ds/redrob_project,engineering,16,docs/reference_docs/sample_submission.csv,h2,0.044201887867,0.024399604485,0.014543942702,0.300000000000,0.046602416684,1.000000000000,100,100000
public,sandipan-ds/redrob_project,https://github.com/sandipan-ds/redrob_project,engineering,16,docs/reference_docs/sample_submission.csv,independent,0.021357164641,0.010921250547,0.002005649718,0.100000000000,0.019255804942,1.000000000000,100,100000
public,sandipan-ds/redrob_project,https://github.com/sandipan-ds/redrob_project,engineering,16,docs/reference_docs/sample_submission.csv,judge1,0.000000000000,0.000000000000,0.000000000000,0.000000000000,0.000000000000,0.000000000000,0,249
public,sandipan-ds/redrob_project,https://github.com/sandipan-ds/redrob_project,engineering,16,docs/reference_docs/sample_submission.csv,judge2,0.000000000000,0.000000000000,0.000000000000,0.000000000000,0.000000000000,0.000000000000,0,249
public,sandipan-ds/redrob_project,https://github.com/sandipan-ds/redrob_project,engineering,16,docs/reference_docs/sample_submission.csv,judge3,0.000000000000,0.000000000000,0.000000000000,0.000000000000,0.000000000000,0.000000000000,0,249
public,sandipan-ds/redrob_project,https://github.com/sandipan-ds/redrob_project,engineering,16,docs/reference_docs/sample_submission.csv,expand,0.000000000000,0.000000000000,0.000000000000,0.000000000000,0.000000000000,0.000000000000,0,639
public,sandipan-ds/redrob_project,https://github.com/sandipan-ds/redrob_project,engineering,16,docs/reference_docs/sample_submission.csv,silver20k,0.015623295606,0.024762243673,0.000000000000,0.000000000000,0.015240320905,1.000000000000,100,20000
public,sandipan-ds/redrob_project,https://github.com/sandipan-ds/redrob_project,engineering,16,docs/reference_docs/sample_submission.csv,reviewer,0.000000000000,0.000000000000,0.000000000000,0.000000000000,0.000000000000,0.000000000000,0,180
public,sandipan-ds/redrob_project,https://github.com/sandipan-ds/redrob_project,engineering,16,docs/reference_docs/sample_submission.csv,blind,0.000000000000,0.000000000000,0.000000000000,0.000000000000,0.000000000000,0.000000000000,0,50
public,sandipan-ds/redrob_project,https://github.com/sandipan-ds/redrob_project,engineering,16,docs/reference_docs/sample_submission.csv,merged_j1,0.000000000000,0.000000000000,0.000000000000,0.000000000000,0.000000000000,0.000000000000,0,281
public,sandipan-ds/redrob_project,https://github.com/sandipan-ds/redrob_project,engineering,16,docs/reference_docs/sample_submission.csv,merged_j2,0.000000000000,0.000000000000,0.000000000000,0.000000000000,0.000000000000,0.000000000000,0,281
public,sandipan-ds/redrob_project,https://github.com/sandipan-ds/redrob_project,engineering,16,docs/reference_docs/sample_submission.csv,merged_j3,0.000000000000,0.000000000000,0.000000000000,0.000000000000,0.000000000000,0.000000000000,0,281
public,sandipan-ds/redrob_project,https://github.com/sandipan-ds/redrob_project,engineering,16,docs/reference_docs/sample_submission.csv,relabel_j4,0.000000000000,0.000000000000,0.000000000000,0.000000000000,0.000000000000,0.000000000000,0,135
public,sandipan-ds/redrob_project,https://github.com/sandipan-ds/redrob_project,engineering,16,docs/reference_docs/sample_submission.csv,relabel_g25,0.000000000000,0.000000000000,0.000000000000,0.000000000000,0.000000000000,0.000000000000,0,136
public,sandipan-ds/redrob_project,https://github.com/sandipan-ds/redrob_project,engineering,16,docs/reference_docs/sample_submission.csv,blind_test_frozen,0.021554396831,0.008488371117,0.000000000000,0.000000000000,0.013323709751,0.010000000000,1,1000
public,SANKALP9TRIPATHI/Redrob,https://github.com/SANKALP9TRIPATHI/Redrob,reviewer,9,submission.csv,h2,0.603264171410,0.782444828849,0.957388317624,1.000000000000,0.729973782003,1.000000000000,100,100000
public,SANKALP9TRIPATHI/Redrob,https://github.com/SANKALP9TRIPATHI/Redrob,reviewer,9,submission.csv,independent,0.593782700975,0.714532950917,0.957388317624,1.000000000000,0.704859483406,1.000000000000,100,100000
public,SANKALP9TRIPATHI/Redrob,https://github.com/SANKALP9TRIPATHI/Redrob,reviewer,9,submission.csv,judge1,0.700903043409,0.739473873691,0.947616210365,1.000000000000,0.764436115366,0.480000000000,48,249
public,SANKALP9TRIPATHI/Redrob,https://github.com/SANKALP9TRIPATHI/Redrob,reviewer,9,submission.csv,judge2,0.951076973229,0.787774700121,1.000000000000,1.000000000000,0.911870896651,0.480000000000,48,249
public,SANKALP9TRIPATHI/Redrob,https://github.com/SANKALP9TRIPATHI/Redrob,reviewer,9,submission.csv,judge3,0.951076973229,0.759808406155,0.973808105182,1.000000000000,0.899552224238,0.480000000000,48,249
public,SANKALP9TRIPATHI/Redrob,https://github.com/SANKALP9TRIPATHI/Redrob,reviewer,9,submission.csv,expand,0.666548124989,0.590551653551,0.809917111258,1.000000000000,0.681927125249,0.350000000000,35,639
public,SANKALP9TRIPATHI/Redrob,https://github.com/SANKALP9TRIPATHI/Redrob,reviewer,9,submission.csv,silver20k,0.646468290446,0.461397408966,0.553477239904,0.800000000000,0.584674953898,0.190000000000,19,20000
public,SANKALP9TRIPATHI/Redrob,https://github.com/SANKALP9TRIPATHI/Redrob,reviewer,9,submission.csv,reviewer,1.000000000000,0.845949926734,0.874463688283,1.000000000000,0.934954531263,0.400000000000,40,180
public,SANKALP9TRIPATHI/Redrob,https://github.com/SANKALP9TRIPATHI/Redrob,reviewer,9,submission.csv,blind,0.931667518020,0.832794012131,0.938131313131,0.700000000000,0.891391659619,0.120000000000,12,50
public,SANKALP9TRIPATHI/Redrob,https://github.com/SANKALP9TRIPATHI/Redrob,reviewer,9,submission.csv,merged_j1,0.700903043409,0.736169154839,0.958362582295,1.000000000000,0.765056655500,0.630000000000,63,281
public,SANKALP9TRIPATHI/Redrob,https://github.com/SANKALP9TRIPATHI/Redrob,reviewer,9,submission.csv,merged_j2,0.951076973229,0.826512143272,1.000000000000,1.000000000000,0.923492129596,0.630000000000,63,281
public,SANKALP9TRIPATHI/Redrob,https://github.com/SANKALP9TRIPATHI/Redrob,reviewer,9,submission.csv,merged_j3,0.951076973229,0.786835946520,0.979181291147,1.000000000000,0.908466464242,0.630000000000,63,281
public,SANKALP9TRIPATHI/Redrob,https://github.com/SANKALP9TRIPATHI/Redrob,reviewer,9,submission.csv,relabel_j4,0.800829400092,0.746514037608,1.000000000000,1.000000000000,0.824368911329,0.580000000000,58,135
public,SANKALP9TRIPATHI/Redrob,https://github.com/SANKALP9TRIPATHI/Redrob,reviewer,9,submission.csv,relabel_g25,0.768953009205,0.798849818751,0.977348119667,1.000000000000,0.820733668178,0.590000000000,59,136
public,SANKALP9TRIPATHI/Redrob,https://github.com/SANKALP9TRIPATHI/Redrob,reviewer,9,submission.csv,blind_test_frozen,0.814262569830,0.843811290735,1.000000000000,1.000000000000,0.860274672136,0.780000000000,78,1000
public,sanyamm27/redrob-ranker,https://github.com/sanyamm27/redrob-ranker,mean7,-2,sanyam.csv,h2,0.826879275544,0.836841861094,0.941583596770,1.000000000000,0.855729735616,1.000000000000,100,100000
public,sanyamm27/redrob-ranker,https://github.com/sanyamm27/redrob-ranker,mean7,-2,sanyam.csv,independent,0.855164093986,0.740590059417,0.941583596770,1.000000000000,0.840996604334,1.000000000000,100,100000
public,sanyamm27/redrob-ranker,https://github.com/sanyamm27/redrob-ranker,mean7,-2,sanyam.csv,judge1,0.801499988432,0.877013441448,1.000000000000,1.000000000000,0.863854026650,0.600000000000,60,249
public,sanyamm27/redrob-ranker,https://github.com/sanyamm27/redrob-ranker,mean7,-2,sanyam.csv,judge2,1.000000000000,0.845722968825,1.000000000000,1.000000000000,0.953716890648,0.600000000000,60,249
public,sanyamm27/redrob-ranker,https://github.com/sanyamm27/redrob-ranker,mean7,-2,sanyam.csv,judge3,1.000000000000,0.846548718170,1.000000000000,1.000000000000,0.953964615451,0.600000000000,60,249
public,sanyamm27/redrob-ranker,https://github.com/sanyamm27/redrob-ranker,mean7,-2,sanyam.csv,expand,0.713854341301,0.705431473917,1.000000000000,1.000000000000,0.768556612826,0.390000000000,39,639
public,sanyamm27/redrob-ranker,https://github.com/sanyamm27/redrob-ranker,mean7,-2,sanyam.csv,silver20k,0.840568710241,0.673470971341,0.757346189164,1.000000000000,0.785927574897,0.220000000000,22,20000
public,sanyamm27/redrob-ranker,https://github.com/sanyamm27/redrob-ranker,mean7,-2,sanyam.csv,reviewer,0.944455022451,0.774698903252,0.574960064224,0.900000000000,0.835881191835,0.660000000000,66,180
public,sanyamm27/redrob-ranker,https://github.com/sanyamm27/redrob-ranker,mean7,-2,sanyam.csv,blind,0.839039094861,0.918569132736,0.782670454545,0.600000000000,0.842490855433,0.270000000000,27,50
public,sanyamm27/redrob-ranker,https://github.com/sanyamm27/redrob-ranker,mean7,-2,sanyam.csv,merged_j1,0.827246833976,0.848869189294,1.000000000000,1.000000000000,0.868284173776,0.830000000000,83,281
public,sanyamm27/redrob-ranker,https://github.com/sanyamm27/redrob-ranker,mean7,-2,sanyam.csv,merged_j2,1.000000000000,0.879228307602,1.000000000000,1.000000000000,0.963768492281,0.830000000000,83,281
public,sanyamm27/redrob-ranker,https://github.com/sanyamm27/redrob-ranker,mean7,-2,sanyam.csv,merged_j3,1.000000000000,0.864190063047,1.000000000000,1.000000000000,0.959257018914,0.830000000000,83,281
public,sanyamm27/redrob-ranker,https://github.com/sanyamm27/redrob-ranker,mean7,-2,sanyam.csv,relabel_j4,0.967163464155,0.819782442408,1.000000000000,1.000000000000,0.929516464800,0.780000000000,78,135
public,sanyamm27/redrob-ranker,https://github.com/sanyamm27/redrob-ranker,mean7,-2,sanyam.csv,relabel_g25,0.836912631027,0.849387892927,1.000000000000,1.000000000000,0.873272683392,0.790000000000,79,136
public,sanyamm27/redrob-ranker,https://github.com/sanyamm27/redrob-ranker,mean7,-2,sanyam.csv,blind_test_frozen,0.905671825963,0.921458719313,1.000000000000,1.000000000000,0.929273528775,0.880000000000,88,1000
public,Saran-Priyan/Redrob,https://github.com/Saran-Priyan/Redrob,mean7,4,submission.csv,h2,0.841628156548,0.821551500335,0.977397935213,1.000000000000,0.863889218656,1.000000000000,100,100000
public,Saran-Priyan/Redrob,https://github.com/Saran-Priyan/Redrob,mean7,4,submission.csv,independent,0.890439237539,0.751231448116,0.977397935213,1.000000000000,0.867198743486,1.000000000000,100,100000
public,Saran-Priyan/Redrob,https://github.com/Saran-Priyan/Redrob,mean7,4,submission.csv,judge1,0.893462744653,0.901547232090,1.000000000000,1.000000000000,0.917195541954,0.600000000000,60,249
public,Saran-Priyan/Redrob,https://github.com/Saran-Priyan/Redrob,mean7,4,submission.csv,judge2,1.000000000000,0.876927218305,1.000000000000,1.000000000000,0.963078165491,0.600000000000,60,249
public,Saran-Priyan/Redrob,https://github.com/Saran-Priyan/Redrob,mean7,4,submission.csv,judge3,0.962134749884,0.872075150075,1.000000000000,1.000000000000,0.942689919965,0.600000000000,60,249
public,Saran-Priyan/Redrob,https://github.com/Saran-Priyan/Redrob,mean7,4,submission.csv,expand,0.677450395766,0.697877553974,1.000000000000,1.000000000000,0.748088464075,0.400000000000,40,639
public,Saran-Priyan/Redrob,https://github.com/Saran-Priyan/Redrob,mean7,4,submission.csv,silver20k,0.860561410589,0.677426838222,0.889592649624,0.900000000000,0.811947654205,0.190000000000,19,20000
public,Saran-Priyan/Redrob,https://github.com/Saran-Priyan/Redrob,mean7,4,submission.csv,reviewer,0.888305483557,0.725588231085,0.507351563193,0.800000000000,0.777931945583,0.690000000000,69,180
public,Saran-Priyan/Redrob,https://github.com/Saran-Priyan/Redrob,mean7,4,submission.csv,blind,0.831072209838,0.791202869367,0.622916666667,0.600000000000,0.776334465729,0.230000000000,23,50
public,Saran-Priyan/Redrob,https://github.com/Saran-Priyan/Redrob,mean7,4,submission.csv,merged_j1,0.926299280497,0.819362197669,1.000000000000,1.000000000000,0.908958299549,0.770000000000,77,281
public,Saran-Priyan/Redrob,https://github.com/Saran-Priyan/Redrob,mean7,4,submission.csv,merged_j2,1.000000000000,0.907954218921,1.000000000000,1.000000000000,0.972386265676,0.770000000000,77,281
public,Saran-Priyan/Redrob,https://github.com/Saran-Priyan/Redrob,mean7,4,submission.csv,merged_j3,0.962134749884,0.856170309597,1.000000000000,1.000000000000,0.937918467821,0.770000000000,77,281
public,Saran-Priyan/Redrob,https://github.com/Saran-Priyan/Redrob,mean7,4,submission.csv,relabel_j4,1.000000000000,0.828388474644,1.000000000000,1.000000000000,0.948516542393,0.730000000000,73,135
public,Saran-Priyan/Redrob,https://github.com/Saran-Priyan/Redrob,mean7,4,submission.csv,relabel_g25,0.753811771407,0.704310873203,1.000000000000,1.000000000000,0.788199147665,0.740000000000,74,136
public,Saran-Priyan/Redrob,https://github.com/Saran-Priyan/Redrob,mean7,4,submission.csv,blind_test_frozen,0.956265539892,0.902739156775,1.000000000000,1.000000000000,0.948954516979,0.860000000000,86,1000
public,Sathvikar01/india-runs-ranking,https://github.com/Sathvikar01/india-runs-ranking,engineering,17,evaluation/results/submission.csv,h2,0.390174053833,0.299120087648,0.355151112644,0.600000000000,0.368095720107,1.000000000000,100,100000
public,Sathvikar01/india-runs-ranking,https://github.com/Sathvikar01/india-runs-ranking,engineering,17,evaluation/results/submission.csv,independent,0.350322030484,0.240128921250,0.210002069444,0.500000000000,0.303700002034,1.000000000000,100,100000
public,Sathvikar01/india-runs-ranking,https://github.com/Sathvikar01/india-runs-ranking,engineering,17,evaluation/results/submission.csv,judge1,0.441552309352,0.200817426505,0.859375000000,0.700000000000,0.444927632628,0.080000000000,8,249
public,Sathvikar01/india-runs-ranking,https://github.com/Sathvikar01/india-runs-ranking,engineering,17,evaluation/results/submission.csv,judge2,0.630437140116,0.222087759241,0.859375000000,0.700000000000,0.545751147830,0.080000000000,8,249
public,Sathvikar01/india-runs-ranking,https://github.com/Sathvikar01/india-runs-ranking,engineering,17,evaluation/results/submission.csv,judge3,0.554138048031,0.200923156161,0.859375000000,0.700000000000,0.501252220864,0.080000000000,8,249
public,Sathvikar01/india-runs-ranking,https://github.com/Sathvikar01/india-runs-ranking,engineering,17,evaluation/results/submission.csv,expand,0.257380756892,0.137414233722,0.106666666667,0.200000000000,0.195914648563,0.150000000000,15,639
public,Sathvikar01/india-runs-ranking,https://github.com/Sathvikar01/india-runs-ranking,engineering,17,evaluation/results/submission.csv,silver20k,0.184361641860,0.231373641073,0.051288639223,0.400000000000,0.189286209136,1.000000000000,100,20000
public,Sathvikar01/india-runs-ranking,https://github.com/Sathvikar01/india-runs-ranking,engineering,17,evaluation/results/submission.csv,reviewer,0.639293137791,0.235591907632,0.730555555556,0.500000000000,0.524907474519,0.060000000000,6,180
public,Sathvikar01/india-runs-ranking,https://github.com/Sathvikar01/india-runs-ranking,engineering,17,evaluation/results/submission.csv,blind,0.080114767081,0.065833403729,0.000000000000,0.000000000000,0.059807404659,0.020000000000,2,50
public,Sathvikar01/india-runs-ranking,https://github.com/Sathvikar01/india-runs-ranking,engineering,17,evaluation/results/submission.csv,merged_j1,0.583750698607,0.233128462027,0.876543209877,0.800000000000,0.533295369393,0.090000000000,9,281
public,Sathvikar01/india-runs-ranking,https://github.com/Sathvikar01/india-runs-ranking,engineering,17,evaluation/results/submission.csv,merged_j2,0.608382352571,0.214318390918,0.876543209877,0.800000000000,0.539968175042,0.090000000000,9,281
public,Sathvikar01/india-runs-ranking,https://github.com/Sathvikar01/india-runs-ranking,engineering,17,evaluation/results/submission.csv,merged_j3,0.655713915215,0.230992155866,0.876543209877,0.800000000000,0.568636085849,0.090000000000,9,281
public,Sathvikar01/india-runs-ranking,https://github.com/Sathvikar01/india-runs-ranking,engineering,17,evaluation/results/submission.csv,relabel_j4,0.644452437240,0.227025009500,1.000000000000,0.800000000000,0.580333721470,0.080000000000,8,135
public,Sathvikar01/india-runs-ranking,https://github.com/Sathvikar01/india-runs-ranking,engineering,17,evaluation/results/submission.csv,relabel_g25,0.444068410005,0.165978837876,1.000000000000,0.800000000000,0.461827856365,0.080000000000,8,136
public,Sathvikar01/india-runs-ranking,https://github.com/Sathvikar01/india-runs-ranking,engineering,17,evaluation/results/submission.csv,blind_test_frozen,0.627285557747,0.427310442104,1.000000000000,1.000000000000,0.641835911505,0.250000000000,25,1000
public,shikhar1809/Sifter_Redrob_Hackathon,https://github.com/shikhar1809/Sifter_Redrob_Hackathon,"reviewer,blind",12,redrob_submission.csv,h2,0.717395645621,0.807894867790,0.971385667685,1.000000000000,0.796774133300,1.000000000000,100,100000
public,shikhar1809/Sifter_Redrob_Hackathon,https://github.com/shikhar1809/Sifter_Redrob_Hackathon,"reviewer,blind",12,redrob_submission.csv,independent,0.703316222021,0.743034181981,0.971385667685,1.000000000000,0.770276215757,1.000000000000,100,100000
public,shikhar1809/Sifter_Redrob_Hackathon,https://github.com/shikhar1809/Sifter_Redrob_Hackathon,"reviewer,blind",12,redrob_submission.csv,judge1,0.764035299275,0.896940337434,1.000000000000,1.000000000000,0.851099750868,0.640000000000,64,249
public,shikhar1809/Sifter_Redrob_Hackathon,https://github.com/shikhar1809/Sifter_Redrob_Hackathon,"reviewer,blind",12,redrob_submission.csv,judge2,0.835706238048,0.849544435097,1.000000000000,1.000000000000,0.872716449553,0.640000000000,64,249
public,shikhar1809/Sifter_Redrob_Hackathon,https://github.com/shikhar1809/Sifter_Redrob_Hackathon,"reviewer,blind",12,redrob_submission.csv,judge3,0.892504113222,0.877942762080,1.000000000000,1.000000000000,0.909634885235,0.640000000000,64,249
public,shikhar1809/Sifter_Redrob_Hackathon,https://github.com/shikhar1809/Sifter_Redrob_Hackathon,"reviewer,blind",12,redrob_submission.csv,expand,0.643931422544,0.656973310329,1.000000000000,1.000000000000,0.719057704371,0.340000000000,34,639
public,shikhar1809/Sifter_Redrob_Hackathon,https://github.com/shikhar1809/Sifter_Redrob_Hackathon,"reviewer,blind",12,redrob_submission.csv,silver20k,0.717147976049,0.675443185638,0.906700690296,1.000000000000,0.747212047260,0.240000000000,24,20000
public,shikhar1809/Sifter_Redrob_Hackathon,https://github.com/shikhar1809/Sifter_Redrob_Hackathon,"reviewer,blind",12,redrob_submission.csv,reviewer,1.000000000000,0.828705092398,0.702052906145,1.000000000000,0.903919463641,0.630000000000,63,180
public,shikhar1809/Sifter_Redrob_Hackathon,https://github.com/shikhar1809/Sifter_Redrob_Hackathon,"reviewer,blind",12,redrob_submission.csv,blind,0.923987841957,0.921666031070,0.904017857143,0.700000000000,0.909096408871,0.230000000000,23,50
public,shikhar1809/Sifter_Redrob_Hackathon,https://github.com/shikhar1809/Sifter_Redrob_Hackathon,"reviewer,blind",12,redrob_submission.csv,merged_j1,0.799470207703,0.816983697016,1.000000000000,1.000000000000,0.844830212956,0.860000000000,86,281
public,shikhar1809/Sifter_Redrob_Hackathon,https://github.com/shikhar1809/Sifter_Redrob_Hackathon,"reviewer,blind",12,redrob_submission.csv,merged_j2,0.871141146476,0.832010956930,1.000000000000,1.000000000000,0.885173860317,0.860000000000,86,281
public,shikhar1809/Sifter_Redrob_Hackathon,https://github.com/shikhar1809/Sifter_Redrob_Hackathon,"reviewer,blind",12,redrob_submission.csv,merged_j3,0.910841157532,0.874239344681,1.000000000000,1.000000000000,0.917692382171,0.860000000000,86,281
public,shikhar1809/Sifter_Redrob_Hackathon,https://github.com/shikhar1809/Sifter_Redrob_Hackathon,"reviewer,blind",12,redrob_submission.csv,relabel_j4,0.909006396592,0.848633547525,1.000000000000,1.000000000000,0.909093262553,0.820000000000,82,135
public,shikhar1809/Sifter_Redrob_Hackathon,https://github.com/shikhar1809/Sifter_Redrob_Hackathon,"reviewer,blind",12,redrob_submission.csv,relabel_g25,0.576654447811,0.706528167231,1.000000000000,1.000000000000,0.700285674075,0.830000000000,83,136
public,shikhar1809/Sifter_Redrob_Hackathon,https://github.com/shikhar1809/Sifter_Redrob_Hackathon,"reviewer,blind",12,redrob_submission.csv,blind_test_frozen,0.919151488465,0.902182540276,1.000000000000,1.000000000000,0.930230506315,0.910000000000,91,1000
public,Shristi1611/redrob-intelligent-ranker,https://github.com/Shristi1611/redrob-intelligent-ranker,blind,8,Gatekeeper_Protocol.csv,h2,0.804128458555,0.837218501318,0.960001101033,1.000000000000,0.847229944828,1.000000000000,100,100000
public,Shristi1611/redrob-intelligent-ranker,https://github.com/Shristi1611/redrob-intelligent-ranker,blind,8,Gatekeeper_Protocol.csv,independent,0.850764706419,0.778870004119,0.938856422987,1.000000000000,0.849871817893,1.000000000000,100,100000
public,Shristi1611/redrob-intelligent-ranker,https://github.com/Shristi1611/redrob-intelligent-ranker,blind,8,Gatekeeper_Protocol.csv,judge1,0.711865577413,0.802178982378,0.959983666544,1.000000000000,0.790584033402,0.520000000000,52,249
public,Shristi1611/redrob-intelligent-ranker,https://github.com/Shristi1611/redrob-intelligent-ranker,blind,8,Gatekeeper_Protocol.csv,judge2,1.000000000000,0.824369280700,1.000000000000,1.000000000000,0.947310784210,0.520000000000,52,249
public,Shristi1611/redrob-intelligent-ranker,https://github.com/Shristi1611/redrob-intelligent-ranker,blind,8,Gatekeeper_Protocol.csv,judge3,0.964164530613,0.818429636417,0.933909351754,1.000000000000,0.917697558995,0.520000000000,52,249
public,Shristi1611/redrob-intelligent-ranker,https://github.com/Shristi1611/redrob-intelligent-ranker,blind,8,Gatekeeper_Protocol.csv,expand,0.636280399432,0.590760595087,0.863930309440,1.000000000000,0.674957924658,0.340000000000,34,639
public,Shristi1611/redrob-intelligent-ranker,https://github.com/Shristi1611/redrob-intelligent-ranker,blind,8,Gatekeeper_Protocol.csv,silver20k,0.870129971306,0.611721317951,0.518653910439,0.800000000000,0.736379467604,0.230000000000,23,20000
public,Shristi1611/redrob-intelligent-ranker,https://github.com/Shristi1611/redrob-intelligent-ranker,blind,8,Gatekeeper_Protocol.csv,reviewer,0.946996621236,0.803314137018,0.580340206448,0.900000000000,0.846543582691,0.610000000000,61,180
public,Shristi1611/redrob-intelligent-ranker,https://github.com/Shristi1611/redrob-intelligent-ranker,blind,8,Gatekeeper_Protocol.csv,blind,0.989158312107,0.913610730725,0.952628968254,0.800000000000,0.951556720509,0.210000000000,21,50
public,Shristi1611/redrob-intelligent-ranker,https://github.com/Shristi1611/redrob-intelligent-ranker,blind,8,Gatekeeper_Protocol.csv,merged_j1,0.747701046800,0.752500062182,0.969689904358,1.000000000000,0.795054027708,0.680000000000,68,281
public,Shristi1611/redrob-intelligent-ranker,https://github.com/Shristi1611/redrob-intelligent-ranker,blind,8,Gatekeeper_Protocol.csv,merged_j2,1.000000000000,0.870940814793,1.000000000000,1.000000000000,0.961282244438,0.680000000000,68,281
public,Shristi1611/redrob-intelligent-ranker,https://github.com/Shristi1611/redrob-intelligent-ranker,blind,8,Gatekeeper_Protocol.csv,merged_j3,0.965804271765,0.837409384817,0.946876245098,1.000000000000,0.926156388093,0.680000000000,68,281
public,Shristi1611/redrob-intelligent-ranker,https://github.com/Shristi1611/redrob-intelligent-ranker,blind,8,Gatekeeper_Protocol.csv,relabel_j4,0.967163464155,0.813080474570,1.000000000000,1.000000000000,0.927505874449,0.640000000000,64,135
public,Shristi1611/redrob-intelligent-ranker,https://github.com/Shristi1611/redrob-intelligent-ranker,blind,8,Gatekeeper_Protocol.csv,relabel_g25,0.797602429557,0.738425175309,0.983630827373,1.000000000000,0.817873391477,0.640000000000,64,136
public,Shristi1611/redrob-intelligent-ranker,https://github.com/Shristi1611/redrob-intelligent-ranker,blind,8,Gatekeeper_Protocol.csv,blind_test_frozen,0.951566979048,0.901825894172,1.000000000000,1.000000000000,0.946331257776,0.800000000000,80,1000
public,soy-praveen/redrob-ranker,https://github.com/soy-praveen/redrob-ranker,"h2,mean7",10,submission.csv,h2,0.928066204222,0.886440423568,1.000000000000,1.000000000000,0.929965229181,1.000000000000,100,100000
public,soy-praveen/redrob-ranker,https://github.com/soy-praveen/redrob-ranker,"h2,mean7",10,submission.csv,independent,0.951787801773,0.842185304159,1.000000000000,1.000000000000,0.928549492134,1.000000000000,100,100000
public,soy-praveen/redrob-ranker,https://github.com/soy-praveen/redrob-ranker,"h2,mean7",10,submission.csv,judge1,0.799625730157,0.887930018456,1.000000000000,1.000000000000,0.866191870615,0.620000000000,62,249
public,soy-praveen/redrob-ranker,https://github.com/soy-praveen/redrob-ranker,"h2,mean7",10,submission.csv,judge2,0.964164530613,0.915471684907,1.000000000000,1.000000000000,0.956723770779,0.620000000000,62,249
public,soy-praveen/redrob-ranker,https://github.com/soy-praveen/redrob-ranker,"h2,mean7",10,submission.csv,judge3,0.915241503842,0.907245175594,1.000000000000,1.000000000000,0.929794304599,0.620000000000,62,249
public,soy-praveen/redrob-ranker,https://github.com/soy-praveen/redrob-ranker,"h2,mean7",10,submission.csv,expand,0.765277193358,0.697395218714,1.000000000000,1.000000000000,0.791857162293,0.380000000000,38,639
public,soy-praveen/redrob-ranker,https://github.com/soy-praveen/redrob-ranker,"h2,mean7",10,submission.csv,silver20k,0.855035538218,0.726814850639,0.867807539683,1.000000000000,0.825733355253,0.240000000000,24,20000
public,soy-praveen/redrob-ranker,https://github.com/soy-praveen/redrob-ranker,"h2,mean7",10,submission.csv,reviewer,0.835906666138,0.769750260917,0.628970096426,0.800000000000,0.783223925808,0.630000000000,63,180
public,soy-praveen/redrob-ranker,https://github.com/soy-praveen/redrob-ranker,"h2,mean7",10,submission.csv,blind,0.921311100282,0.875833183898,0.806250000000,0.700000000000,0.879343005311,0.220000000000,22,50
public,soy-praveen/redrob-ranker,https://github.com/soy-praveen/redrob-ranker,"h2,mean7",10,submission.csv,merged_j1,0.799625730157,0.831376056206,1.000000000000,1.000000000000,0.849225681940,0.840000000000,84,281
public,soy-praveen/redrob-ranker,https://github.com/soy-praveen/redrob-ranker,"h2,mean7",10,submission.csv,merged_j2,0.964164530613,0.901866540599,1.000000000000,1.000000000000,0.952642227486,0.840000000000,84,281
public,soy-praveen/redrob-ranker,https://github.com/soy-praveen/redrob-ranker,"h2,mean7",10,submission.csv,merged_j3,0.915241503842,0.891165039199,1.000000000000,1.000000000000,0.924970263681,0.840000000000,84,281
public,soy-praveen/redrob-ranker,https://github.com/soy-praveen/redrob-ranker,"h2,mean7",10,submission.csv,relabel_j4,0.964164530613,0.873388326869,1.000000000000,1.000000000000,0.944098763367,0.810000000000,81,135
public,soy-praveen/redrob-ranker,https://github.com/soy-praveen/redrob-ranker,"h2,mean7",10,submission.csv,relabel_g25,0.866668515618,0.857744903842,1.000000000000,1.000000000000,0.890657728962,0.810000000000,81,136
public,soy-praveen/redrob-ranker,https://github.com/soy-praveen/redrob-ranker,"h2,mean7",10,submission.csv,blind_test_frozen,0.823923830833,0.871337048605,1.000000000000,1.000000000000,0.873363029998,0.890000000000,89,1000
public,spg3098-alt/redrob-ranker,https://github.com/spg3098-alt/redrob-ranker,blind,5,spg3098_5915.csv,h2,0.764457698660,0.778598944241,0.886146952003,0.900000000000,0.793730575403,1.000000000000,100,100000
public,spg3098-alt/redrob-ranker,https://github.com/spg3098-alt/redrob-ranker,blind,5,spg3098_5915.csv,independent,0.718839308571,0.708022520760,0.866274097003,0.900000000000,0.746767525064,1.000000000000,100,100000
public,spg3098-alt/redrob-ranker,https://github.com/spg3098-alt/redrob-ranker,blind,5,spg3098_5915.csv,judge1,0.846179459034,0.881803144625,0.974625941432,1.000000000000,0.883824564119,0.580000000000,58,249
public,spg3098-alt/redrob-ranker,https://github.com/spg3098-alt/redrob-ranker,blind,5,spg3098_5915.csv,judge2,1.000000000000,0.889479842127,1.000000000000,1.000000000000,0.966843952638,0.580000000000,58,249
public,spg3098-alt/redrob-ranker,https://github.com/spg3098-alt/redrob-ranker,blind,5,spg3098_5915.csv,judge3,0.959536377301,0.859121208174,0.974625941432,1.000000000000,0.933698442318,0.580000000000,58,249
public,spg3098-alt/redrob-ranker,https://github.com/spg3098-alt/redrob-ranker,blind,5,spg3098_5915.csv,expand,0.687036257810,0.590538897480,0.872845920880,1.000000000000,0.701606686281,0.310000000000,31,639
public,spg3098-alt/redrob-ranker,https://github.com/spg3098-alt/redrob-ranker,blind,5,spg3098_5915.csv,silver20k,0.794448269281,0.663922630775,0.772636648232,0.900000000000,0.757296421108,0.240000000000,24,20000
public,spg3098-alt/redrob-ranker,https://github.com/spg3098-alt/redrob-ranker,blind,5,spg3098_5915.csv,reviewer,0.941308862321,0.770378826844,0.557650863082,0.900000000000,0.830415708676,0.540000000000,54,180
public,spg3098-alt/redrob-ranker,https://github.com/spg3098-alt/redrob-ranker,blind,5,spg3098_5915.csv,blind,0.974438541783,0.863802594344,0.895138888889,0.800000000000,0.920630882528,0.160000000000,16,50
public,spg3098-alt/redrob-ranker,https://github.com/spg3098-alt/redrob-ranker,blind,5,spg3098_5915.csv,merged_j1,0.882404967997,0.824774310498,0.978693509071,1.000000000000,0.885438803509,0.720000000000,72,281
public,spg3098-alt/redrob-ranker,https://github.com/spg3098-alt/redrob-ranker,blind,5,spg3098_5915.csv,merged_j2,1.000000000000,0.889013280546,1.000000000000,1.000000000000,0.966703984164,0.720000000000,72,281
public,spg3098-alt/redrob-ranker,https://github.com/spg3098-alt/redrob-ranker,blind,5,spg3098_5915.csv,merged_j3,0.962134749884,0.856404259477,0.978693509071,1.000000000000,0.934792679146,0.720000000000,72,281
public,spg3098-alt/redrob-ranker,https://github.com/spg3098-alt/redrob-ranker,blind,5,spg3098_5915.csv,relabel_j4,0.964164530613,0.859740891771,1.000000000000,1.000000000000,0.940004532838,0.680000000000,68,135
public,spg3098-alt/redrob-ranker,https://github.com/spg3098-alt/redrob-ranker,blind,5,spg3098_5915.csv,relabel_g25,0.943202124826,0.789471525018,0.978034525210,1.000000000000,0.905147698700,0.690000000000,69,136
public,spg3098-alt/redrob-ranker,https://github.com/spg3098-alt/redrob-ranker,blind,5,spg3098_5915.csv,blind_test_frozen,0.909328095934,0.872318037321,1.000000000000,1.000000000000,0.916359459163,0.820000000000,82,1000
public,sravanyadav-19/redrob-intelligent-candidate-ranking,https://github.com/sravanyadav-19/redrob-intelligent-candidate-ranking,mean7,11,output/just_started.csv,h2,0.834405640232,0.830952760117,0.961266655049,1.000000000000,0.860678646408,1.000000000000,100,100000
public,sravanyadav-19/redrob-intelligent-candidate-ranking,https://github.com/sravanyadav-19/redrob-intelligent-candidate-ranking,mean7,11,output/just_started.csv,independent,0.814815768839,0.708506136641,0.961266655049,1.000000000000,0.814149723669,1.000000000000,100,100000
public,sravanyadav-19/redrob-intelligent-candidate-ranking,https://github.com/sravanyadav-19/redrob-intelligent-candidate-ranking,mean7,11,output/just_started.csv,judge1,0.848158717351,0.897540125631,1.000000000000,1.000000000000,0.893341396365,0.560000000000,56,249
public,sravanyadav-19/redrob-intelligent-candidate-ranking,https://github.com/sravanyadav-19/redrob-intelligent-candidate-ranking,mean7,11,output/just_started.csv,judge2,1.000000000000,0.882712101921,1.000000000000,1.000000000000,0.964813630576,0.560000000000,56,249
public,sravanyadav-19/redrob-intelligent-candidate-ranking,https://github.com/sravanyadav-19/redrob-intelligent-candidate-ranking,mean7,11,output/just_started.csv,judge3,0.964164530613,0.848677760136,1.000000000000,1.000000000000,0.936685593347,0.560000000000,56,249
public,sravanyadav-19/redrob-intelligent-candidate-ranking,https://github.com/sravanyadav-19/redrob-intelligent-candidate-ranking,mean7,11,output/just_started.csv,expand,0.780642244559,0.753613975921,0.952416947428,1.000000000000,0.809267857170,0.440000000000,44,639
public,sravanyadav-19/redrob-intelligent-candidate-ranking,https://github.com/sravanyadav-19/redrob-intelligent-candidate-ranking,mean7,11,output/just_started.csv,silver20k,0.894388883032,0.705162421343,0.756510974477,1.000000000000,0.822219814090,0.240000000000,24,20000
public,sravanyadav-19/redrob-intelligent-candidate-ranking,https://github.com/sravanyadav-19/redrob-intelligent-candidate-ranking,mean7,11,output/just_started.csv,reviewer,0.871165929741,0.720628293462,0.485648140925,0.800000000000,0.764618674048,0.700000000000,70,180
public,sravanyadav-19/redrob-intelligent-candidate-ranking,https://github.com/sravanyadav-19/redrob-intelligent-candidate-ranking,mean7,11,output/just_started.csv,blind,0.847044493486,0.859762569116,0.713970588235,0.600000000000,0.818546605713,0.240000000000,24,50
public,sravanyadav-19/redrob-intelligent-candidate-ranking,https://github.com/sravanyadav-19/redrob-intelligent-candidate-ranking,mean7,11,output/just_started.csv,merged_j1,0.840582152909,0.830250386994,1.000000000000,1.000000000000,0.869366192552,0.770000000000,77,281
public,sravanyadav-19/redrob-intelligent-candidate-ranking,https://github.com/sravanyadav-19/redrob-intelligent-candidate-ranking,mean7,11,output/just_started.csv,merged_j2,1.000000000000,0.885127301477,1.000000000000,1.000000000000,0.965538190443,0.770000000000,77,281
public,sravanyadav-19/redrob-intelligent-candidate-ranking,https://github.com/sravanyadav-19/redrob-intelligent-candidate-ranking,mean7,11,output/just_started.csv,merged_j3,0.965804271765,0.837173888546,1.000000000000,1.000000000000,0.934054302447,0.770000000000,77,281
public,sravanyadav-19/redrob-intelligent-candidate-ranking,https://github.com/sravanyadav-19/redrob-intelligent-candidate-ranking,mean7,11,output/just_started.csv,relabel_j4,1.000000000000,0.835008744377,1.000000000000,1.000000000000,0.950502623313,0.740000000000,74,135
public,sravanyadav-19/redrob-intelligent-candidate-ranking,https://github.com/sravanyadav-19/redrob-intelligent-candidate-ranking,mean7,11,output/just_started.csv,relabel_g25,0.892103552263,0.741526890051,1.000000000000,1.000000000000,0.868509843147,0.750000000000,75,136
public,sravanyadav-19/redrob-intelligent-candidate-ranking,https://github.com/sravanyadav-19/redrob-intelligent-candidate-ranking,mean7,11,output/just_started.csv,blind_test_frozen,0.977024912538,0.905521314192,1.000000000000,1.000000000000,0.960168850527,0.850000000000,85,1000
public,supreethi2730/Redrob-Candidate-Ranker,https://github.com/supreethi2730/Redrob-Candidate-Ranker,blind,2,submission.csv,h2,0.617994622734,0.769132385066,0.897375973414,0.900000000000,0.719343422899,1.000000000000,100,100000
public,supreethi2730/Redrob-Candidate-Ranker,https://github.com/supreethi2730/Redrob-Candidate-Ranker,blind,2,submission.csv,independent,0.619943559870,0.684369981734,0.897375973414,0.900000000000,0.694889170467,1.000000000000,100,100000
public,supreethi2730/Redrob-Candidate-Ranker,https://github.com/supreethi2730/Redrob-Candidate-Ranker,blind,2,submission.csv,judge1,0.756306215936,0.854873787425,1.000000000000,1.000000000000,0.834615244195,0.570000000000,57,249
public,supreethi2730/Redrob-Candidate-Ranker,https://github.com/supreethi2730/Redrob-Candidate-Ranker,blind,2,submission.csv,judge2,0.943202124826,0.865843776448,1.000000000000,1.000000000000,0.931354195347,0.570000000000,57,249
public,supreethi2730/Redrob-Candidate-Ranker,https://github.com/supreethi2730/Redrob-Candidate-Ranker,blind,2,submission.csv,judge3,0.943202124826,0.849721170979,1.000000000000,1.000000000000,0.926517413707,0.570000000000,57,249
public,supreethi2730/Redrob-Candidate-Ranker,https://github.com/supreethi2730/Redrob-Candidate-Ranker,blind,2,submission.csv,expand,0.718708748688,0.728893574581,1.000000000000,1.000000000000,0.778022446718,0.390000000000,39,639
public,supreethi2730/Redrob-Candidate-Ranker,https://github.com/supreethi2730/Redrob-Candidate-Ranker,blind,2,submission.csv,silver20k,0.571858689845,0.609680199287,0.731830153643,0.800000000000,0.618607927755,0.250000000000,25,20000
public,supreethi2730/Redrob-Candidate-Ranker,https://github.com/supreethi2730/Redrob-Candidate-Ranker,blind,2,submission.csv,reviewer,0.868624330955,0.719981243266,0.508939233367,0.800000000000,0.766647423462,0.700000000000,70,180
public,supreethi2730/Redrob-Candidate-Ranker,https://github.com/supreethi2730/Redrob-Candidate-Ranker,blind,2,submission.csv,blind,0.914529259952,0.946945697081,0.914423076923,0.700000000000,0.913511800638,0.270000000000,27,50
public,supreethi2730/Redrob-Candidate-Ranker,https://github.com/supreethi2730/Redrob-Candidate-Ranker,blind,2,submission.csv,merged_j1,0.723069119132,0.771046679218,1.000000000000,1.000000000000,0.792848563331,0.760000000000,76,281
public,supreethi2730/Redrob-Candidate-Ranker,https://github.com/supreethi2730/Redrob-Candidate-Ranker,blind,2,submission.csv,merged_j2,0.905336874711,0.854402037547,1.000000000000,1.000000000000,0.908989048619,0.760000000000,76,281
public,supreethi2730/Redrob-Candidate-Ranker,https://github.com/supreethi2730/Redrob-Candidate-Ranker,blind,2,submission.csv,merged_j3,0.943202124826,0.822016875352,1.000000000000,1.000000000000,0.918206125019,0.760000000000,76,281
public,supreethi2730/Redrob-Candidate-Ranker,https://github.com/supreethi2730/Redrob-Candidate-Ranker,blind,2,submission.csv,relabel_j4,0.965804271765,0.837266967344,1.000000000000,1.000000000000,0.934082226086,0.730000000000,73,135
public,supreethi2730/Redrob-Candidate-Ranker,https://github.com/supreethi2730/Redrob-Candidate-Ranker,blind,2,submission.csv,relabel_g25,0.727907278349,0.726579733648,1.000000000000,1.000000000000,0.781927559269,0.740000000000,74,136
public,supreethi2730/Redrob-Candidate-Ranker,https://github.com/supreethi2730/Redrob-Candidate-Ranker,blind,2,submission.csv,blind_test_frozen,0.912158893095,0.913353653835,1.000000000000,1.000000000000,0.930085542698,0.840000000000,84,1000
public,tanishq7389/redrob-ranker,https://github.com/tanishq7389/redrob-ranker,mean7,1,Solo-Leveler.csv,h2,0.826240580512,0.846918424247,0.978076096133,1.000000000000,0.863907231950,1.000000000000,100,100000
public,tanishq7389/redrob-ranker,https://github.com/tanishq7389/redrob-ranker,mean7,1,Solo-Leveler.csv,independent,0.819050003652,0.720273923454,0.962495585933,1.000000000000,0.819981516752,1.000000000000,100,100000
public,tanishq7389/redrob-ranker,https://github.com/tanishq7389/redrob-ranker,mean7,1,Solo-Leveler.csv,judge1,0.801645753494,0.857362266675,1.000000000000,1.000000000000,0.858031556750,0.570000000000,57,249
public,tanishq7389/redrob-ranker,https://github.com/tanishq7389/redrob-ranker,mean7,1,Solo-Leveler.csv,judge2,1.000000000000,0.836993633688,1.000000000000,1.000000000000,0.951098090106,0.570000000000,57,249
public,tanishq7389/redrob-ranker,https://github.com/tanishq7389/redrob-ranker,mean7,1,Solo-Leveler.csv,judge3,0.964164530613,0.817569817838,1.000000000000,1.000000000000,0.927353210658,0.570000000000,57,249
public,tanishq7389/redrob-ranker,https://github.com/tanishq7389/redrob-ranker,mean7,1,Solo-Leveler.csv,expand,0.748307078814,0.652611228124,0.971428571429,1.000000000000,0.765651193558,0.350000000000,35,639
public,tanishq7389/redrob-ranker,https://github.com/tanishq7389/redrob-ranker,mean7,1,Solo-Leveler.csv,silver20k,0.926352650813,0.715676716416,0.877131059398,1.000000000000,0.859448999241,0.220000000000,22,20000
public,tanishq7389/redrob-ranker,https://github.com/tanishq7389/redrob-ranker,mean7,1,Solo-Leveler.csv,reviewer,0.896099990677,0.716806882073,0.444983473744,0.800000000000,0.769839581022,0.560000000000,56,180
public,tanishq7389/redrob-ranker,https://github.com/tanishq7389/redrob-ranker,mean7,1,Solo-Leveler.csv,blind,0.823695934923,0.887196485134,0.820283882784,0.600000000000,0.831049495419,0.230000000000,23,50
public,tanishq7389/redrob-ranker,https://github.com/tanishq7389/redrob-ranker,mean7,1,Solo-Leveler.csv,merged_j1,0.770448958802,0.834685669108,1.000000000000,1.000000000000,0.835630180134,0.780000000000,78,281
public,tanishq7389/redrob-ranker,https://github.com/tanishq7389/redrob-ranker,mean7,1,Solo-Leveler.csv,merged_j2,1.000000000000,0.881327882136,1.000000000000,1.000000000000,0.964398364641,0.780000000000,78,281
public,tanishq7389/redrob-ranker,https://github.com/tanishq7389/redrob-ranker,mean7,1,Solo-Leveler.csv,merged_j3,0.965804271765,0.856410490486,1.000000000000,1.000000000000,0.939825283028,0.780000000000,78,281
public,tanishq7389/redrob-ranker,https://github.com/tanishq7389/redrob-ranker,mean7,1,Solo-Leveler.csv,relabel_j4,1.000000000000,0.813817210906,1.000000000000,1.000000000000,0.944145163272,0.740000000000,74,135
public,tanishq7389/redrob-ranker,https://github.com/tanishq7389/redrob-ranker,mean7,1,Solo-Leveler.csv,relabel_g25,0.819619747122,0.804021480814,1.000000000000,1.000000000000,0.851016317805,0.750000000000,75,136
public,tanishq7389/redrob-ranker,https://github.com/tanishq7389/redrob-ranker,mean7,1,Solo-Leveler.csv,blind_test_frozen,0.985893786651,0.973859408338,1.000000000000,1.000000000000,0.985104715827,0.920000000000,92,1000
public,Tejas1234-biradar/IndiaRuns,https://github.com/Tejas1234-biradar/IndiaRuns,engineering,15,artifacts/output.csv,h2,0.468983876142,0.447295770069,0.726629551647,0.900000000000,0.522675101839,1.000000000000,100,100000
public,Tejas1234-biradar/IndiaRuns,https://github.com/Tejas1234-biradar/IndiaRuns,engineering,15,artifacts/output.csv,independent,0.457445246277,0.377254932319,0.510482598323,0.800000000000,0.458471492583,1.000000000000,100,100000
public,Tejas1234-biradar/IndiaRuns,https://github.com/Tejas1234-biradar/IndiaRuns,engineering,15,artifacts/output.csv,judge1,0.603263508737,0.473002709514,1.000000000000,1.000000000000,0.643532567223,0.220000000000,22,249
public,Tejas1234-biradar/IndiaRuns,https://github.com/Tejas1234-biradar/IndiaRuns,engineering,15,artifacts/output.csv,judge2,0.798231027510,0.465232021046,1.000000000000,1.000000000000,0.738685120068,0.220000000000,22,249
public,Tejas1234-biradar/IndiaRuns,https://github.com/Tejas1234-biradar/IndiaRuns,engineering,15,artifacts/output.csv,judge3,0.670874124971,0.442093870565,0.824758390240,0.900000000000,0.636778982191,0.220000000000,22,249
public,Tejas1234-biradar/IndiaRuns,https://github.com/Tejas1234-biradar/IndiaRuns,engineering,15,artifacts/output.csv,expand,0.493920475135,0.357187588292,0.512487703118,0.800000000000,0.470989669523,0.250000000000,25,639
public,Tejas1234-biradar/IndiaRuns,https://github.com/Tejas1234-biradar/IndiaRuns,engineering,15,artifacts/output.csv,silver20k,0.445892840306,0.379242623815,0.346862285584,0.600000000000,0.418748550135,0.210000000000,21,20000
public,Tejas1234-biradar/IndiaRuns,https://github.com/Tejas1234-biradar/IndiaRuns,engineering,15,artifacts/output.csv,reviewer,0.510666536985,0.328388624799,0.256709008390,0.500000000000,0.417356207191,0.210000000000,21,180
public,Tejas1234-biradar/IndiaRuns,https://github.com/Tejas1234-biradar/IndiaRuns,engineering,15,artifacts/output.csv,blind,0.439788291851,0.361391054702,0.119791666667,0.300000000000,0.361280212336,0.100000000000,10,50
public,Tejas1234-biradar/IndiaRuns,https://github.com/Tejas1234-biradar/IndiaRuns,engineering,15,artifacts/output.csv,merged_j1,0.601904316347,0.469308119670,1.000000000000,1.000000000000,0.641744594075,0.270000000000,27,281
public,Tejas1234-biradar/IndiaRuns,https://github.com/Tejas1234-biradar/IndiaRuns,engineering,15,artifacts/output.csv,merged_j2,0.759006585004,0.508840098396,1.000000000000,1.000000000000,0.732155322021,0.270000000000,27,281
public,Tejas1234-biradar/IndiaRuns,https://github.com/Tejas1234-biradar/IndiaRuns,engineering,15,artifacts/output.csv,merged_j3,0.634648616008,0.462216381138,0.849751891908,0.900000000000,0.628452006131,0.270000000000,27,281
public,Tejas1234-biradar/IndiaRuns,https://github.com/Tejas1234-biradar/IndiaRuns,engineering,15,artifacts/output.csv,relabel_j4,0.648848084801,0.477352244352,1.000000000000,1.000000000000,0.667629715706,0.270000000000,27,135
public,Tejas1234-biradar/IndiaRuns,https://github.com/Tejas1234-biradar/IndiaRuns,engineering,15,artifacts/output.csv,relabel_g25,0.469375940942,0.365142250170,1.000000000000,1.000000000000,0.544230645522,0.270000000000,27,136
public,Tejas1234-biradar/IndiaRuns,https://github.com/Tejas1234-biradar/IndiaRuns,engineering,15,artifacts/output.csv,blind_test_frozen,0.615382925517,0.705344444014,1.000000000000,1.000000000000,0.719294795963,0.460000000000,46,1000
public,thelegendaryarticuno/Devils_den_india_runs_hackathon_,https://github.com/thelegendaryarticuno/Devils_den_india_runs_hackathon_,"h2,mean7",8,submission.csv,h2,0.844505033653,0.854982299612,0.974600261522,1.000000000000,0.874937245938,1.000000000000,100,100000
public,thelegendaryarticuno/Devils_den_india_runs_hackathon_,https://github.com/thelegendaryarticuno/Devils_den_india_runs_hackathon_,"h2,mean7",8,submission.csv,independent,0.893482962058,0.803944562760,0.974600261522,1.000000000000,0.884114889085,1.000000000000,100,100000
public,thelegendaryarticuno/Devils_den_india_runs_hackathon_,https://github.com/thelegendaryarticuno/Devils_den_india_runs_hackathon_,"h2,mean7",8,submission.csv,judge1,0.964164530613,0.910923316966,1.000000000000,1.000000000000,0.955359260397,0.680000000000,68,249
public,thelegendaryarticuno/Devils_den_india_runs_hackathon_,https://github.com/thelegendaryarticuno/Devils_den_india_runs_hackathon_,"h2,mean7",8,submission.csv,judge2,1.000000000000,0.850809008333,1.000000000000,1.000000000000,0.955242702500,0.680000000000,68,249
public,thelegendaryarticuno/Devils_den_india_runs_hackathon_,https://github.com/thelegendaryarticuno/Devils_den_india_runs_hackathon_,"h2,mean7",8,submission.csv,judge3,0.964164530613,0.830727030217,1.000000000000,1.000000000000,0.931300374372,0.680000000000,68,249
public,thelegendaryarticuno/Devils_den_india_runs_hackathon_,https://github.com/thelegendaryarticuno/Devils_den_india_runs_hackathon_,"h2,mean7",8,submission.csv,expand,0.733941198633,0.646498898677,1.000000000000,1.000000000000,0.760920268920,0.320000000000,32,639
public,thelegendaryarticuno/Devils_den_india_runs_hackathon_,https://github.com/thelegendaryarticuno/Devils_den_india_runs_hackathon_,"h2,mean7",8,submission.csv,silver20k,0.829344316920,0.717576164406,0.823459539852,0.900000000000,0.798463938760,0.260000000000,26,20000
public,thelegendaryarticuno/Devils_den_india_runs_hackathon_,https://github.com/thelegendaryarticuno/Devils_den_india_runs_hackathon_,"h2,mean7",8,submission.csv,reviewer,0.884278006054,0.743532447632,0.595756773223,0.800000000000,0.794562253300,0.670000000000,67,180
public,thelegendaryarticuno/Devils_den_india_runs_hackathon_,https://github.com/thelegendaryarticuno/Devils_den_india_runs_hackathon_,"h2,mean7",8,submission.csv,blind,0.768681316332,0.866026946972,0.708954422770,0.500000000000,0.775491905673,0.220000000000,22,50
public,thelegendaryarticuno/Devils_den_india_runs_hackathon_,https://github.com/thelegendaryarticuno/Devils_den_india_runs_hackathon_,"h2,mean7",8,submission.csv,merged_j1,0.965804271765,0.845597258030,1.000000000000,1.000000000000,0.936581313292,0.830000000000,83,281
public,thelegendaryarticuno/Devils_den_india_runs_hackathon_,https://github.com/thelegendaryarticuno/Devils_den_india_runs_hackathon_,"h2,mean7",8,submission.csv,merged_j2,1.000000000000,0.888530311008,1.000000000000,1.000000000000,0.966559093302,0.830000000000,83,281
public,thelegendaryarticuno/Devils_den_india_runs_hackathon_,https://github.com/thelegendaryarticuno/Devils_den_india_runs_hackathon_,"h2,mean7",8,submission.csv,merged_j3,0.965804271765,0.832124414233,1.000000000000,1.000000000000,0.932539460153,0.830000000000,83,281
public,thelegendaryarticuno/Devils_den_india_runs_hackathon_,https://github.com/thelegendaryarticuno/Devils_den_india_runs_hackathon_,"h2,mean7",8,submission.csv,relabel_j4,0.956055165088,0.815472090053,1.000000000000,1.000000000000,0.922669209560,0.800000000000,80,135
public,thelegendaryarticuno/Devils_den_india_runs_hackathon_,https://github.com/thelegendaryarticuno/Devils_den_india_runs_hackathon_,"h2,mean7",8,submission.csv,relabel_g25,0.812723808924,0.741085862068,1.000000000000,1.000000000000,0.828687663082,0.810000000000,81,136
public,thelegendaryarticuno/Devils_den_india_runs_hackathon_,https://github.com/thelegendaryarticuno/Devils_den_india_runs_hackathon_,"h2,mean7",8,submission.csv,blind_test_frozen,0.926748885188,0.896191308820,1.000000000000,1.000000000000,0.932231835240,0.910000000000,91,1000
public,thisisgulshanshah/redrob-intelligent-ranking,https://github.com/thisisgulshanshah/redrob-intelligent-ranking,h2,14,submissions/submission.csv,h2,0.847946040561,0.885843326813,1.000000000000,1.000000000000,0.889726018324,1.000000000000,100,100000
public,thisisgulshanshah/redrob-intelligent-ranking,https://github.com/thisisgulshanshah/redrob-intelligent-ranking,h2,14,submissions/submission.csv,independent,0.810326806498,0.799422328247,0.989384426475,1.000000000000,0.843397765694,1.000000000000,100,100000
public,thisisgulshanshah/redrob-intelligent-ranking,https://github.com/thisisgulshanshah/redrob-intelligent-ranking,h2,14,submissions/submission.csv,judge1,0.700334451555,0.824716261913,1.000000000000,1.000000000000,0.797582104352,0.570000000000,57,249
public,thisisgulshanshah/redrob-intelligent-ranking,https://github.com/thisisgulshanshah/redrob-intelligent-ranking,h2,14,submissions/submission.csv,judge2,0.962134749884,0.874486101361,1.000000000000,1.000000000000,0.943413205350,0.570000000000,57,249
public,thisisgulshanshah/redrob-intelligent-ranking,https://github.com/thisisgulshanshah/redrob-intelligent-ranking,h2,14,submissions/submission.csv,judge3,0.841540784339,0.861834725610,1.000000000000,1.000000000000,0.879320809853,0.570000000000,57,249
public,thisisgulshanshah/redrob-intelligent-ranking,https://github.com/thisisgulshanshah/redrob-intelligent-ranking,h2,14,submissions/submission.csv,expand,0.666548124989,0.584327021042,0.846549536093,1.000000000000,0.685554599221,0.300000000000,30,639
public,thisisgulshanshah/redrob-intelligent-ranking,https://github.com/thisisgulshanshah/redrob-intelligent-ranking,h2,14,submissions/submission.csv,silver20k,0.756503857954,0.681008956736,0.662527976744,0.800000000000,0.721933812509,0.270000000000,27,20000
public,thisisgulshanshah/redrob-intelligent-ranking,https://github.com/thisisgulshanshah/redrob-intelligent-ranking,h2,14,submissions/submission.csv,reviewer,0.699385797925,0.737412254218,0.483428974158,0.600000000000,0.673430921352,0.620000000000,62,180
public,thisisgulshanshah/redrob-intelligent-ranking,https://github.com/thisisgulshanshah/redrob-intelligent-ranking,h2,14,submissions/submission.csv,blind,0.773008913637,0.837703091525,0.709478021978,0.500000000000,0.769237087573,0.220000000000,22,50
public,thisisgulshanshah/redrob-intelligent-ranking,https://github.com/thisisgulshanshah/redrob-intelligent-ranking,h2,14,submissions/submission.csv,merged_j1,0.666138723321,0.730828147803,1.000000000000,1.000000000000,0.752317806001,0.720000000000,72,281
public,thisisgulshanshah/redrob-intelligent-ranking,https://github.com/thisisgulshanshah/redrob-intelligent-ranking,h2,14,submissions/submission.csv,merged_j2,0.962134749884,0.862292540731,1.000000000000,1.000000000000,0.939755137161,0.720000000000,72,281
public,thisisgulshanshah/redrob-intelligent-ranking,https://github.com/thisisgulshanshah/redrob-intelligent-ranking,h2,14,submissions/submission.csv,merged_j3,0.841540784339,0.840203432999,1.000000000000,1.000000000000,0.872831422069,0.720000000000,72,281
public,thisisgulshanshah/redrob-intelligent-ranking,https://github.com/thisisgulshanshah/redrob-intelligent-ranking,h2,14,submissions/submission.csv,relabel_j4,1.000000000000,0.855182256680,1.000000000000,1.000000000000,0.956554677004,0.680000000000,68,135
public,thisisgulshanshah/redrob-intelligent-ranking,https://github.com/thisisgulshanshah/redrob-intelligent-ranking,h2,14,submissions/submission.csv,relabel_g25,0.768854955201,0.745895525347,1.000000000000,1.000000000000,0.808196135205,0.680000000000,68,136
public,thisisgulshanshah/redrob-intelligent-ranking,https://github.com/thisisgulshanshah/redrob-intelligent-ranking,h2,14,submissions/submission.csv,blind_test_frozen,0.819852462251,0.885958459710,1.000000000000,1.000000000000,0.875713769038,0.800000000000,80,1000
public,vanampranav/RedRob,https://github.com/vanampranav/RedRob,reviewer,6,submission.csv,h2,0.791742533988,0.779772265874,1.000000000000,1.000000000000,0.829802946756,1.000000000000,100,100000
public,vanampranav/RedRob,https://github.com/vanampranav/RedRob,reviewer,6,submission.csv,independent,0.780434555976,0.730939660841,1.000000000000,1.000000000000,0.809499176240,1.000000000000,100,100000
public,vanampranav/RedRob,https://github.com/vanampranav/RedRob,reviewer,6,submission.csv,judge1,0.713472531351,0.817478438996,1.000000000000,1.000000000000,0.801979797374,0.600000000000,60,249
public,vanampranav/RedRob,https://github.com/vanampranav/RedRob,reviewer,6,submission.csv,judge2,1.000000000000,0.810303622416,1.000000000000,1.000000000000,0.943091086725,0.600000000000,60,249
public,vanampranav/RedRob,https://github.com/vanampranav/RedRob,reviewer,6,submission.csv,judge3,0.962134749884,0.821933967976,1.000000000000,1.000000000000,0.927647565335,0.600000000000,60,249
public,vanampranav/RedRob,https://github.com/vanampranav/RedRob,reviewer,6,submission.csv,expand,0.606771276318,0.674191965953,1.000000000000,1.000000000000,0.705643227945,0.400000000000,40,639
public,vanampranav/RedRob,https://github.com/vanampranav/RedRob,reviewer,6,submission.csv,silver20k,0.730204693288,0.614118175038,0.742358582087,0.900000000000,0.705691586468,0.210000000000,21,20000
public,vanampranav/RedRob,https://github.com/vanampranav/RedRob,reviewer,6,submission.csv,reviewer,1.000000000000,0.808955909121,0.613010524885,1.000000000000,0.884638351469,0.690000000000,69,180
public,vanampranav/RedRob,https://github.com/vanampranav/RedRob,reviewer,6,submission.csv,blind,0.774274273125,0.822905088910,0.643652452620,0.500000000000,0.755556531129,0.230000000000,23,50
public,vanampranav/RedRob,https://github.com/vanampranav/RedRob,reviewer,6,submission.csv,merged_j1,0.750547180931,0.758003172551,1.000000000000,1.000000000000,0.802674542231,0.750000000000,75,281
public,vanampranav/RedRob,https://github.com/vanampranav/RedRob,reviewer,6,submission.csv,merged_j2,1.000000000000,0.819230460069,1.000000000000,1.000000000000,0.945769138021,0.750000000000,75,281
public,vanampranav/RedRob,https://github.com/vanampranav/RedRob,reviewer,6,submission.csv,merged_j3,0.964164530613,0.834671143247,1.000000000000,1.000000000000,0.932483608281,0.750000000000,75,281
public,vanampranav/RedRob,https://github.com/vanampranav/RedRob,reviewer,6,submission.csv,relabel_j4,0.951076973229,0.815181890741,1.000000000000,1.000000000000,0.920093053836,0.710000000000,71,135
public,vanampranav/RedRob,https://github.com/vanampranav/RedRob,reviewer,6,submission.csv,relabel_g25,0.861442562210,0.725602439606,1.000000000000,1.000000000000,0.848402012987,0.710000000000,71,136
public,vanampranav/RedRob,https://github.com/vanampranav/RedRob,reviewer,6,submission.csv,blind_test_frozen,0.862319533480,0.863523963410,1.000000000000,1.000000000000,0.890216955763,0.820000000000,82,1000
public,Varshini-R1181/redrob-ranker,https://github.com/Varshini-R1181/redrob-ranker,"reviewer,blind",2,team_xxx.csv,h2,0.709755772302,0.743842390126,0.956803872071,1.000000000000,0.771551184000,1.000000000000,100,100000
public,Varshini-R1181/redrob-ranker,https://github.com/Varshini-R1181/redrob-ranker,"reviewer,blind",2,team_xxx.csv,independent,0.645601193445,0.673289225646,0.956803872071,1.000000000000,0.718307945227,1.000000000000,100,100000
public,Varshini-R1181/redrob-ranker,https://github.com/Varshini-R1181/redrob-ranker,"reviewer,blind",2,team_xxx.csv,judge1,0.761373957638,0.876391620009,0.980807849796,1.000000000000,0.840725642291,0.550000000000,55,249
public,Varshini-R1181/redrob-ranker,https://github.com/Varshini-R1181/redrob-ranker,"reviewer,blind",2,team_xxx.csv,judge2,0.894953203568,0.851460138867,1.000000000000,1.000000000000,0.902914643444,0.550000000000,55,249
public,Varshini-R1181/redrob-ranker,https://github.com/Varshini-R1181/redrob-ranker,"reviewer,blind",2,team_xxx.csv,judge3,0.894953203568,0.853824237019,0.980807849796,1.000000000000,0.900745050359,0.550000000000,55,249
public,Varshini-R1181/redrob-ranker,https://github.com/Varshini-R1181/redrob-ranker,"reviewer,blind",2,team_xxx.csv,expand,0.606908021906,0.541726386973,0.759370959456,0.900000000000,0.624877570963,0.340000000000,34,639
public,Varshini-R1181/redrob-ranker,https://github.com/Varshini-R1181/redrob-ranker,"reviewer,blind",2,team_xxx.csv,silver20k,0.697171968808,0.666515419764,0.813355485595,0.900000000000,0.715543933172,0.220000000000,22,20000
public,Varshini-R1181/redrob-ranker,https://github.com/Varshini-R1181/redrob-ranker,"reviewer,blind",2,team_xxx.csv,reviewer,1.000000000000,0.796443113964,0.648762430889,1.000000000000,0.886247298823,0.440000000000,44,180
public,Varshini-R1181/redrob-ranker,https://github.com/Varshini-R1181/redrob-ranker,"reviewer,blind",2,team_xxx.csv,blind,1.000000000000,0.874931975754,1.000000000000,0.800000000000,0.952479592726,0.150000000000,15,50
public,Varshini-R1181/redrob-ranker,https://github.com/Varshini-R1181/redrob-ranker,"reviewer,blind",2,team_xxx.csv,merged_j1,0.861358546763,0.821274494799,0.985093080711,1.000000000000,0.874825583928,0.700000000000,70,281
public,Varshini-R1181/redrob-ranker,https://github.com/Varshini-R1181/redrob-ranker,"reviewer,blind",2,team_xxx.csv,merged_j2,0.950745196233,0.856429301424,1.000000000000,1.000000000000,0.932301388544,0.700000000000,70,281
public,Varshini-R1181/redrob-ranker,https://github.com/Varshini-R1181/redrob-ranker,"reviewer,blind",2,team_xxx.csv,merged_j3,0.950745196233,0.834603510493,0.985093080711,1.000000000000,0.923517613371,0.700000000000,70,281
public,Varshini-R1181/redrob-ranker,https://github.com/Varshini-R1181/redrob-ranker,"reviewer,blind",2,team_xxx.csv,relabel_j4,0.916549467999,0.827442767859,1.000000000000,1.000000000000,0.906507564357,0.670000000000,67,135
public,Varshini-R1181/redrob-ranker,https://github.com/Varshini-R1181/redrob-ranker,"reviewer,blind",2,team_xxx.csv,relabel_g25,0.950745196233,0.854923250278,0.984635547491,1.000000000000,0.929544905324,0.680000000000,68,136
public,Varshini-R1181/redrob-ranker,https://github.com/Varshini-R1181/redrob-ranker,"reviewer,blind",2,team_xxx.csv,blind_test_frozen,0.845374804923,0.836205290575,1.000000000000,1.000000000000,0.873548989634,0.820000000000,82,1000
public,Vasi1951/redrob-ranking,https://github.com/Vasi1951/redrob-ranking,blind,4,output/submission.csv,h2,0.814541620504,0.787969959404,0.959231119723,1.000000000000,0.837546466032,1.000000000000,100,100000
public,Vasi1951/redrob-ranking,https://github.com/Vasi1951/redrob-ranking,blind,4,output/submission.csv,independent,0.794720952584,0.747376131474,0.936924622357,1.000000000000,0.812112009088,1.000000000000,100,100000
public,Vasi1951/redrob-ranking,https://github.com/Vasi1951/redrob-ranking,blind,4,output/submission.csv,judge1,0.632287297112,0.774883897824,0.943529125479,1.000000000000,0.740138186725,0.500000000000,50,249
public,Vasi1951/redrob-ranking,https://github.com/Vasi1951/redrob-ranking,blind,4,output/submission.csv,judge2,0.741657442164,0.776564080285,0.972380093042,1.000000000000,0.799654959124,0.500000000000,50,249
public,Vasi1951/redrob-ranking,https://github.com/Vasi1951/redrob-ranking,blind,4,output/submission.csv,judge3,0.697712607252,0.757279218577,0.918772313759,1.000000000000,0.763855916263,0.500000000000,50,249
public,Vasi1951/redrob-ranking,https://github.com/Vasi1951/redrob-ranking,blind,4,output/submission.csv,expand,0.537762384209,0.442301940014,0.542828471824,0.900000000000,0.527996044882,0.300000000000,30,639
public,Vasi1951/redrob-ranking,https://github.com/Vasi1951/redrob-ranking,blind,4,output/submission.csv,silver20k,0.539634908882,0.446337333677,0.575190724278,0.900000000000,0.534997263186,0.230000000000,23,20000
public,Vasi1951/redrob-ranking,https://github.com/Vasi1951/redrob-ranking,blind,4,output/submission.csv,reviewer,0.924169308504,0.754076463417,0.704605255170,0.900000000000,0.838998381553,0.390000000000,39,180
public,Vasi1951/redrob-ranking,https://github.com/Vasi1951/redrob-ranking,blind,4,output/submission.csv,blind,0.930009356282,0.859825945179,0.918440934066,0.700000000000,0.895718601805,0.150000000000,15,50
public,Vasi1951/redrob-ranking,https://github.com/Vasi1951/redrob-ranking,blind,4,output/submission.csv,merged_j1,0.632287297112,0.709834605958,0.948926259867,1.000000000000,0.721432969323,0.570000000000,57,281
public,Vasi1951/redrob-ranking,https://github.com/Vasi1951/redrob-ranking,blind,4,output/submission.csv,merged_j2,0.741657442164,0.784288087732,0.974957421217,1.000000000000,0.802358760584,0.570000000000,57,281
public,Vasi1951/redrob-ranking,https://github.com/Vasi1951/redrob-ranking,blind,4,output/submission.csv,merged_j3,0.697712607252,0.760175934343,0.926196142400,1.000000000000,0.765838505289,0.570000000000,57,281
public,Vasi1951/redrob-ranking,https://github.com/Vasi1951/redrob-ranking,blind,4,output/submission.csv,relabel_j4,0.701193819466,0.773122042736,1.000000000000,1.000000000000,0.782533522554,0.530000000000,53,135
public,Vasi1951/redrob-ranking,https://github.com/Vasi1951/redrob-ranking,blind,4,output/submission.csv,relabel_g25,0.664876071408,0.732642224490,1.000000000000,1.000000000000,0.752230703051,0.530000000000,53,136
public,Vasi1951/redrob-ranking,https://github.com/Vasi1951/redrob-ranking,blind,4,output/submission.csv,blind_test_frozen,0.709280391430,0.801625124750,1.000000000000,1.000000000000,0.795127733140,0.760000000000,76,1000
public,vipansh93/India_Runs,https://github.com/vipansh93/India_Runs,reviewer,0,ai_candidate_ranker/team_antigravity.csv,h2,0.711688434894,0.738860178574,0.937506406801,1.000000000000,0.768128232039,1.000000000000,100,100000
public,vipansh93/India_Runs,https://github.com/vipansh93/India_Runs,reviewer,0,ai_candidate_ranker/team_antigravity.csv,independent,0.696108811344,0.667082085760,0.926001778866,1.000000000000,0.737079298230,1.000000000000,100,100000
public,vipansh93/India_Runs,https://github.com/vipansh93/India_Runs,reviewer,0,ai_candidate_ranker/team_antigravity.csv,judge1,0.841890822887,0.850315963364,1.000000000000,1.000000000000,0.876040200453,0.580000000000,58,249
public,vipansh93/India_Runs,https://github.com/vipansh93/India_Runs,reviewer,0,ai_candidate_ranker/team_antigravity.csv,judge2,0.921671127186,0.831347545815,1.000000000000,1.000000000000,0.910239827337,0.580000000000,58,249
public,vipansh93/India_Runs,https://github.com/vipansh93/India_Runs,reviewer,0,ai_candidate_ranker/team_antigravity.csv,judge3,0.921671127186,0.813209899283,0.974625941432,1.000000000000,0.900992424592,0.580000000000,58,249
public,vipansh93/India_Runs,https://github.com/vipansh93/India_Runs,reviewer,0,ai_candidate_ranker/team_antigravity.csv,expand,0.640467813140,0.586971083474,0.894430786569,1.000000000000,0.680489849598,0.370000000000,37,639
public,vipansh93/India_Runs,https://github.com/vipansh93/India_Runs,reviewer,0,ai_candidate_ranker/team_antigravity.csv,silver20k,0.714951080885,0.541549526590,0.586186853591,0.700000000000,0.642868426458,0.210000000000,21,20000
public,vipansh93/India_Runs,https://github.com/vipansh93/India_Runs,reviewer,0,ai_candidate_ranker/team_antigravity.csv,reviewer,1.000000000000,0.848958236811,0.706701384055,1.000000000000,0.910692678652,0.470000000000,47,180
public,vipansh93/India_Runs,https://github.com/vipansh93/India_Runs,reviewer,0,ai_candidate_ranker/team_antigravity.csv,blind,0.910795134953,0.835170760137,0.853869047619,0.700000000000,0.869029152660,0.140000000000,14,50
public,vipansh93/India_Runs,https://github.com/vipansh93/India_Runs,reviewer,0,ai_candidate_ranker/team_antigravity.csv,merged_j1,0.851639929564,0.809531194987,1.000000000000,1.000000000000,0.868679323278,0.700000000000,70,281
public,vipansh93/India_Runs,https://github.com/vipansh93/India_Runs,reviewer,0,ai_candidate_ranker/team_antigravity.csv,merged_j2,0.926299280497,0.847495114510,1.000000000000,1.000000000000,0.917398174602,0.700000000000,70,281
public,vipansh93/India_Runs,https://github.com/vipansh93/India_Runs,reviewer,0,ai_candidate_ranker/team_antigravity.csv,merged_j3,0.926299280497,0.836295872741,0.978816598042,1.000000000000,0.910860891778,0.700000000000,70,281
public,vipansh93/India_Runs,https://github.com/vipansh93/India_Runs,reviewer,0,ai_candidate_ranker/team_antigravity.csv,relabel_j4,0.921671127186,0.809627861022,1.000000000000,1.000000000000,0.903723921899,0.670000000000,67,135
public,vipansh93/India_Runs,https://github.com/vipansh93/India_Runs,reviewer,0,ai_candidate_ranker/team_antigravity.csv,relabel_g25,0.902738502128,0.803468252361,1.000000000000,1.000000000000,0.892409726772,0.670000000000,67,136
public,vipansh93/India_Runs,https://github.com/vipansh93/India_Runs,reviewer,0,ai_candidate_ranker/team_antigravity.csv,blind_test_frozen,0.889992274480,0.868468491853,1.000000000000,1.000000000000,0.905536684796,0.780000000000,78,1000
public,vipansh93/India_Runs2,https://github.com/vipansh93/India_Runs2,reviewer,4,ai_candidate_ranker/submission.csv,h2,0.711688434894,0.738860178574,0.937506406801,1.000000000000,0.768128232039,1.000000000000,100,100000
public,vipansh93/India_Runs2,https://github.com/vipansh93/India_Runs2,reviewer,4,ai_candidate_ranker/submission.csv,independent,0.696108811344,0.667082085760,0.926001778866,1.000000000000,0.737079298230,1.000000000000,100,100000
public,vipansh93/India_Runs2,https://github.com/vipansh93/India_Runs2,reviewer,4,ai_candidate_ranker/submission.csv,judge1,0.841890822887,0.850315963364,1.000000000000,1.000000000000,0.876040200453,0.580000000000,58,249
public,vipansh93/India_Runs2,https://github.com/vipansh93/India_Runs2,reviewer,4,ai_candidate_ranker/submission.csv,judge2,0.921671127186,0.831347545815,1.000000000000,1.000000000000,0.910239827337,0.580000000000,58,249
public,vipansh93/India_Runs2,https://github.com/vipansh93/India_Runs2,reviewer,4,ai_candidate_ranker/submission.csv,judge3,0.921671127186,0.813209899283,0.974625941432,1.000000000000,0.900992424592,0.580000000000,58,249
public,vipansh93/India_Runs2,https://github.com/vipansh93/India_Runs2,reviewer,4,ai_candidate_ranker/submission.csv,expand,0.640467813140,0.586971083474,0.894430786569,1.000000000000,0.680489849598,0.370000000000,37,639
public,vipansh93/India_Runs2,https://github.com/vipansh93/India_Runs2,reviewer,4,ai_candidate_ranker/submission.csv,silver20k,0.714951080885,0.541549526590,0.586186853591,0.700000000000,0.642868426458,0.210000000000,21,20000
public,vipansh93/India_Runs2,https://github.com/vipansh93/India_Runs2,reviewer,4,ai_candidate_ranker/submission.csv,reviewer,1.000000000000,0.848958236811,0.706701384055,1.000000000000,0.910692678652,0.470000000000,47,180
public,vipansh93/India_Runs2,https://github.com/vipansh93/India_Runs2,reviewer,4,ai_candidate_ranker/submission.csv,blind,0.910795134953,0.835170760137,0.853869047619,0.700000000000,0.869029152660,0.140000000000,14,50
public,vipansh93/India_Runs2,https://github.com/vipansh93/India_Runs2,reviewer,4,ai_candidate_ranker/submission.csv,merged_j1,0.851639929564,0.809531194987,1.000000000000,1.000000000000,0.868679323278,0.700000000000,70,281
public,vipansh93/India_Runs2,https://github.com/vipansh93/India_Runs2,reviewer,4,ai_candidate_ranker/submission.csv,merged_j2,0.926299280497,0.847495114510,1.000000000000,1.000000000000,0.917398174602,0.700000000000,70,281
public,vipansh93/India_Runs2,https://github.com/vipansh93/India_Runs2,reviewer,4,ai_candidate_ranker/submission.csv,merged_j3,0.926299280497,0.836295872741,0.978816598042,1.000000000000,0.910860891778,0.700000000000,70,281
public,vipansh93/India_Runs2,https://github.com/vipansh93/India_Runs2,reviewer,4,ai_candidate_ranker/submission.csv,relabel_j4,0.921671127186,0.809627861022,1.000000000000,1.000000000000,0.903723921899,0.670000000000,67,135
public,vipansh93/India_Runs2,https://github.com/vipansh93/India_Runs2,reviewer,4,ai_candidate_ranker/submission.csv,relabel_g25,0.902738502128,0.803468252361,1.000000000000,1.000000000000,0.892409726772,0.670000000000,67,136
public,vipansh93/India_Runs2,https://github.com/vipansh93/India_Runs2,reviewer,4,ai_candidate_ranker/submission.csv,blind_test_frozen,0.889992274480,0.868468491853,1.000000000000,1.000000000000,0.905536684796,0.780000000000,78,1000
public,vishaal-patil/AI_Hackathon_India_Runs,https://github.com/vishaal-patil/AI_Hackathon_India_Runs,reviewer,4,India_runs_data_and_ai_challenge/generated_submission.csv,h2,0.782471192670,0.782148971028,0.927094330132,1.000000000000,0.814944437163,1.000000000000,100,100000
public,vishaal-patil/AI_Hackathon_India_Runs,https://github.com/vishaal-patil/AI_Hackathon_India_Runs,reviewer,4,India_runs_data_and_ai_challenge/generated_submission.csv,independent,0.757284425226,0.745565485453,0.915826209939,1.000000000000,0.789685789739,1.000000000000,100,100000
public,vishaal-patil/AI_Hackathon_India_Runs,https://github.com/vishaal-patil/AI_Hackathon_India_Runs,reviewer,4,India_runs_data_and_ai_challenge/generated_submission.csv,judge1,0.782144536583,0.829623040939,0.961981981396,1.000000000000,0.834256477783,0.570000000000,57,249
public,vishaal-patil/AI_Hackathon_India_Runs,https://github.com/vishaal-patil/AI_Hackathon_India_Runs,reviewer,4,India_runs_data_and_ai_challenge/generated_submission.csv,judge2,1.000000000000,0.793503398746,1.000000000000,1.000000000000,0.938051019624,0.570000000000,57,249
public,vishaal-patil/AI_Hackathon_India_Runs,https://github.com/vishaal-patil/AI_Hackathon_India_Runs,reviewer,4,India_runs_data_and_ai_challenge/generated_submission.csv,judge3,0.964164530613,0.776299674831,0.923215415786,1.000000000000,0.903454480124,0.570000000000,57,249
public,vishaal-patil/AI_Hackathon_India_Runs,https://github.com/vishaal-patil/AI_Hackathon_India_Runs,reviewer,4,India_runs_data_and_ai_challenge/generated_submission.csv,expand,0.498771321781,0.442671111795,0.535701919869,0.700000000000,0.497542282410,0.320000000000,32,639
public,vishaal-patil/AI_Hackathon_India_Runs,https://github.com/vishaal-patil/AI_Hackathon_India_Runs,reviewer,4,India_runs_data_and_ai_challenge/generated_submission.csv,silver20k,0.519681765413,0.395991575468,0.366144639674,0.600000000000,0.463560051298,0.170000000000,17,20000
public,vishaal-patil/AI_Hackathon_India_Runs,https://github.com/vishaal-patil/AI_Hackathon_India_Runs,reviewer,4,India_runs_data_and_ai_challenge/generated_submission.csv,reviewer,1.000000000000,0.776661233483,0.651130241440,1.000000000000,0.880667906261,0.420000000000,42,180
public,vishaal-patil/AI_Hackathon_India_Runs,https://github.com/vishaal-patil/AI_Hackathon_India_Runs,reviewer,4,India_runs_data_and_ai_challenge/generated_submission.csv,blind,0.938014754908,0.843551925554,0.875000000000,0.700000000000,0.888322955120,0.170000000000,17,50
public,vishaal-patil/AI_Hackathon_India_Runs,https://github.com/vishaal-patil/AI_Hackathon_India_Runs,reviewer,4,India_runs_data_and_ai_challenge/generated_submission.csv,merged_j1,0.782144536583,0.752066388452,0.964978438374,1.000000000000,0.811438950583,0.620000000000,62,281
public,vishaal-patil/AI_Hackathon_India_Runs,https://github.com/vishaal-patil/AI_Hackathon_India_Runs,reviewer,4,India_runs_data_and_ai_challenge/generated_submission.csv,merged_j2,1.000000000000,0.805117334978,1.000000000000,1.000000000000,0.941535200493,0.620000000000,62,281
public,vishaal-patil/AI_Hackathon_India_Runs,https://github.com/vishaal-patil/AI_Hackathon_India_Runs,reviewer,4,India_runs_data_and_ai_challenge/generated_submission.csv,merged_j3,0.964164530613,0.774776152340,0.927944094770,1.000000000000,0.903706725224,0.620000000000,62,281
public,vishaal-patil/AI_Hackathon_India_Runs,https://github.com/vishaal-patil/AI_Hackathon_India_Runs,reviewer,4,India_runs_data_and_ai_challenge/generated_submission.csv,relabel_j4,0.943202124826,0.771041495475,1.000000000000,1.000000000000,0.902913511056,0.590000000000,59,135
public,vishaal-patil/AI_Hackathon_India_Runs,https://github.com/vishaal-patil/AI_Hackathon_India_Runs,reviewer,4,India_runs_data_and_ai_challenge/generated_submission.csv,relabel_g25,0.908242784950,0.778186013532,0.982773069680,1.000000000000,0.884993156986,0.600000000000,60,136
public,vishaal-patil/AI_Hackathon_India_Runs,https://github.com/vishaal-patil/AI_Hackathon_India_Runs,reviewer,4,India_runs_data_and_ai_challenge/generated_submission.csv,blind_test_frozen,0.855004734878,0.819183967515,1.000000000000,1.000000000000,0.873257557693,0.770000000000,77,1000
