tree
version=v4
num_class=1
num_tree_per_iteration=1
label_index=0
max_feature_idx=33
objective=lambdarank
feature_names=Column_0 Column_1 Column_2 Column_3 Column_4 Column_5 Column_6 Column_7 Column_8 Column_9 Column_10 Column_11 Column_12 Column_13 Column_14 Column_15 Column_16 Column_17 Column_18 Column_19 Column_20 Column_21 Column_22 Column_23 Column_24 Column_25 Column_26 Column_27 Column_28 Column_29 Column_30 Column_31 Column_32 Column_33
feature_infos=[0:0.98199999999999998] [0.083333333333333329:1] [0.13999999999999999:0.68000000000000005] [0:1] [0.30583892097169707:0.83755090930273246] [0:0.92900000000000005] none [0:0.83333333333333337] [0:0.96900000000000008] [0:1] none [0:1] [0:1] [0.080000000000000002:1] [0:1] [0:1] [0:0.5] [0:1] [0.045684204233738077:1] [0.5:1] [0:1] [0.33333333333333331:1] [0.14960000000000001:1] [0.15660833333333335:1] [0.1275:0.95499999999999996] [0.34000000000000002:0.98999999999999999] [0.21559999999999999:0.99019999999999997] [0.20000000000000001:1] [0.10000000000000001:1] [0:1] none none [0.035947712418300651:0.098039215686274508] [0.016696962599356342:1]
tree_sizes=992 991 994 993 991 993 997 992 998 998 1000 1002 999 993 1005 997 993 1002 1004 994 997 1000 1000 1004 1005 1002 1006 1000 1000 1006 1008 1008 999 1008 1004 1002 1001 1006 995 1006 1009 1009 1002 997 1004 1004 1014 1012 1012 1012 1007 1008 1004 1009 1015 1009 1010 1010 1007 1004 1007 1015 1013 1012 1010 1011 1013 1013 1009 1016 1012 1018 1022 1013 1014 1014 1019 1017 1012 1017 1016 1015 1007 1013 1013 1021 1016 1017 1013 1020 1024 1022 1026 1017 1027 1019 1016 1022 1016 1026 1000 1016 1020 1018 1023 1025 1025 1032 1023 1020 1024 1029 1019 1026 1018 1020 1021 1019 1026 1024 1025 1023 1022 1033 1027 1020 1029 1024 1031 1033 1028 1029 1035 1030 1029 1033 1032 1036 1033 1031 1027 1032 1029 1030 1034 1031 1031 1035 1040 1038

Tree=0
num_leaves=8
num_cat=0
split_feature=11 3 12 18 26 19 11
split_gain=7.28718 0.46255 0.35583 0.232239 0.0961936 0.0666074 0.0160751
threshold=0.50000000000000011 0.91761075601106301 0.89250000000000007 0.75477853621842816 0.73925000000000007 0.98500000000000021 0.35714285714285715
decision_type=2 2 2 2 2 2 2
left_child=1 6 3 -2 -5 -6 -1
right_child=2 -3 -4 4 5 -7 -8
leaf_value=-0.058116912405147686 -0.022242578962969588 0.012948911042901318 0.059999999999999928 0.051605373935904454 0.0038512647139507025 0.036303343027882788 -0.049352322487756541
leaf_weight=0.90335895167663671 0.069459237158298492 0.09398838970810186 0.90186736918985844 0.20865167258307338 0.092806242872029543 0.14721544296480715 0.23794234264642
leaf_count=113 10 14 12 18 13 14 30
internal_value=0.00226344 -0.0510215 0.0486172 0.0288043 0.0367068 0.0237555 -0.0562896
internal_weight=2.65529 1.23529 1.42 0.518133 0.448673 0.240022 1.1413
internal_count=224 157 67 55 45 27 143
is_linear=0
shrinkage=0.03


Tree=1
num_leaves=8
num_cat=0
split_feature=11 27 32 12 26 18 33
split_gain=11.2561 0.991301 1.0288 0.274293 0.232363 0.236441 0.00271795
threshold=0.50000000000000011 0.89000000000000012 0.077052142488384115 0.89250000000000007 0.73925000000000007 0.99520554755577428 0.45378554016459821
decision_type=2 2 2 2 2 2 2
left_child=6 2 -2 4 -3 -6 -1
right_child=1 3 -4 -5 5 -7 -8
leaf_value=-0.056908247054428589 0.041240625674467367 0.048089323229375994 -0.035291004312923542 0.057319621031374265 -0.014183772350053017 0.041588967243765027 -0.051606616831183831
leaf_weight=1.7074939804151652 0.35405899444595013 0.4342923169024292 0.28560754936188459 1.4121650904417036 0.14137060241773725 0.13255423924420029 0.091703130165114888
leaf_count=145 12 12 14 11 11 7 12
internal_value=0.00174513 0.0398034 0.00706968 0.0496784 0.034442 0.0128051 -0.056638
internal_weight=4.55925 2.76005 0.639667 2.12038 0.708217 0.273925 1.7992
internal_count=224 67 26 41 30 18 157
is_linear=0
shrinkage=0.03


Tree=2
num_leaves=8
num_cat=0
split_feature=11 12 18 26 32 33 33
split_gain=9.60663 0.714325 0.477138 0.349081 0.256345 0.115522 0.00203513
threshold=0.50000000000000011 0.89250000000000007 0.89073198585638114 0.72465000000000013 0.070678113497552889 0.52261811067721886 0.45378554016459821
decision_type=2 2 2 2 2 2 2
left_child=6 2 -2 -4 -5 -6 -1
right_child=1 -3 3 4 5 -7 -8
leaf_value=-0.054206954964302487 -0.018137014359700089 0.053656834708571521 0.05198885467467336 0.043722549334233078 -0.019789434442535839 0.01466149899173359 -0.049291266714983566
leaf_weight=1.6799088525585828 0.22505247546359919 1.2663375306874511 0.3943976229056716 0.18387148436158895 0.15117669757455587 0.20830320985987782 0.079381112533155718
leaf_count=146 15 12 12 8 7 13 14
internal_value=-0.000597768 0.0380677 0.0210906 0.0305049 0.0149105 0.000173406 -0.0539852
internal_weight=4.18843 2.42914 1.1628 0.937749 0.543351 0.35948 1.75929
internal_count=227 67 55 40 28 20 160
is_linear=0
shrinkage=0.03


Tree=3
num_leaves=8
num_cat=0
split_feature=33 14 18 25 33 32 12
split_gain=8.38724 0.664577 0.566251 0.241222 0.153859 0.106934 0.0945447
threshold=0.47421252157102234 1.0000000180025095e-35 0.99080036666090709 0.71000000000000008 0.43857513725531488 0.076556462000858763 0.89250000000000007
decision_type=2 2 2 2 2 2 2
left_child=4 2 3 -2 -1 -4 -3
right_child=1 6 5 -5 -6 -7 -8
leaf_value=-0.051898902216751884 0.010562637489636241 0.035721167714541729 0.046990014734916243 -0.045921494553107421 -0.01190938410371793 0.016984680962836608 0.052248944663555619
leaf_weight=1.6219286127015946 0.12401550373760994 0.41833911038702365 0.25616035237908363 0.15077663934789598 0.091474982909858116 0.18344927218277007 1.2196277379989622
leaf_count=145 8 21 9 16 7 10 11
internal_value=0.000723343 0.037497 0.0133522 -0.0204298 -0.0497639 0.0344688 0.0480277
internal_weight=4.06577 2.35237 0.714402 0.274792 1.7134 0.43961 1.63797
internal_count=227 75 43 24 152 19 32
is_linear=0
shrinkage=0.03


Tree=4
num_leaves=8
num_cat=0
split_feature=11 27 32 4 12 18 25
split_gain=8.20704 0.496015 0.646992 0.177277 0.165715 0.368724 0.191308
threshold=0.50000000000000011 0.89000000000000012 0.075305641478862886 0.74207257462859355 0.89250000000000007 0.99080036666090709 0.81500000000000006
decision_type=2 2 2 2 2 2 2
left_child=-1 2 -2 -4 5 6 -3
right_child=1 4 3 -5 -6 -7 -8
leaf_value=-0.049860073323314984 0.044496216882292348 0.023341576685909523 -0.042898998580019547 0.0084619204553566373 0.050258496158294613 0.045883496540893187 -0.033103734919845702
leaf_weight=1.682127156644128 0.24713006801903259 0.12965557910501968 0.15993409301154315 0.097265332937240601 1.17914093285799 0.52708323672413826 0.092661978502292186
leaf_count=160 8 6 16 4 11 17 10
internal_value=0.00109176 0.0363207 0.00983165 -0.0234758 0.0432478 0.0322168 -0.000184834
internal_weight=4.115 2.43287 0.504329 0.257199 1.92854 0.749401 0.222318
internal_count=232 72 28 20 44 33 16
is_linear=0
shrinkage=0.03


Tree=5
num_leaves=8
num_cat=0
split_feature=11 14 18 25 18 26 33
split_gain=7.65072 0.35264 0.279737 0.169788 0.0572578 0.0371221 0.00107779
threshold=0.50000000000000011 1.0000000180025095e-35 0.99080036666090709 0.71000000000000008 0.9849571091457725 0.72465000000000013 0.43857513725531488
decision_type=2 2 2 2 2 2 2
left_child=6 2 3 -2 -3 -4 -1
right_child=1 4 5 -5 -6 -7 -8
leaf_value=-0.048204846210505144 0.01438611441977472 0.036446436682215505 0.042155070265348392 -0.039877420524775241 0.048714424804115385 0.024299567477804387 -0.044375197941731934
leaf_weight=1.5369833805598321 0.1171042686328293 0.49024712992832054 0.19822207652032375 0.093197621288709342 1.1353348721168004 0.22233124962076545 0.069113456935156026
leaf_count=142 8 8 6 12 21 10 14
internal_value=0.00200511 0.0376265 0.0185888 -0.00966137 0.0450146 0.0327155 -0.04804
internal_weight=3.86253 2.25644 0.630855 0.210302 1.62558 0.420553 1.6061
internal_count=221 65 36 20 29 16 156
is_linear=0
shrinkage=0.03


Tree=6
num_leaves=8
num_cat=0
split_feature=11 18 19 4 14 25 5
split_gain=7.07368 0.578826 0.228392 0.151188 0.0962662 0.0328674 0.000600578
threshold=0.50000000000000011 0.99080036666090709 0.98500000000000021 0.66609291026554684 1.0000000180025095e-35 0.83500000000000008 0.74358333333333348
decision_type=2 2 2 2 2 2 2
left_child=6 2 -2 -4 5 -3 -1
right_child=1 4 3 -5 -6 -7 -8
leaf_value=-0.046655248723766439 -0.026433043518811407 0.02285523380959531 -0.01499199987923088 0.032469342196098802 0.047274354725956903 0.039402406617058038 -0.043921391045146932
leaf_weight=1.5395331060281026 0.14043724257498991 0.2186438376083969 0.082552751118782908 0.22516598040238023 1.3671651650220156 0.21355223096907139 0.075884964375290909
leaf_count=147 11 10 8 11 19 7 13
internal_value=0.00135762 0.0357749 0.00526865 0.0197367 0.0433729 0.0310314 -0.0465268
internal_weight=3.86294 2.24752 0.448156 0.307719 1.79936 0.432196 1.61542
internal_count=226 66 30 19 36 17 160
is_linear=0
shrinkage=0.03


Tree=7
num_leaves=8
num_cat=0
split_feature=11 18 32 25 5 12 18
split_gain=6.45312 0.401137 0.341431 0.151817 0.106448 0.0904563 0.0118182
threshold=0.50000000000000011 0.99080036666090709 0.070678113497552889 0.71000000000000008 0.68200000000000016 0.60250000000000015 0.92154781771914174
decision_type=2 2 2 2 2 2 2
left_child=-1 2 -2 -4 5 -3 -5
right_child=1 4 3 6 -6 -7 -8
leaf_value=-0.045169636831314398 0.041035818861407149 0.017113169612880313 0.013253910262404557 -0.039873039293900937 0.045417513580886769 0.042491393866621922 -0.023176064640302179
leaf_weight=1.5765885597793388 0.18053562566638004 0.26699891593307268 0.11882941098883748 0.080347251612693071 1.2537706354632971 0.24004721641540527 0.072648648812901229
leaf_count=159 6 10 8 9 20 7 7
internal_value=0.0012123 0.0342531 0.00905468 -0.0121859 0.0407267 0.0291278 -0.0319446
internal_weight=3.78977 2.21318 0.452361 0.271825 1.76082 0.507046 0.152996
internal_count=226 67 30 24 37 17 16
is_linear=0
shrinkage=0.03


Tree=8
num_leaves=8
num_cat=0
split_feature=11 18 25 14 32 14 33
split_gain=5.63635 0.495486 0.408465 0.102188 0.0691349 0.0521613 0.000428762
threshold=0.50000000000000011 0.99080036666090709 0.81500000000000006 1.0000000180025095e-35 0.076400424510889645 1.0000000180025095e-35 0.38633922491800227
decision_type=2 2 2 2 2 2 2
left_child=6 2 5 4 -3 -2 -1
right_child=1 3 -4 -5 -6 -7 -8
leaf_value=-0.044074494092013854 0.0082110281440204973 0.039157649424532599 -0.04790675634644781 0.04474174065351276 0.015164749651472832 0.031035635756711255 -0.041793287245101292
leaf_weight=1.4341853605583312 0.17536800540983688 0.2261125836521386 0.102572247677017 1.1715001296252012 0.20707289688289165 0.18535792641341686 0.078196226037107297
leaf_count=139 12 8 14 16 9 6 15
internal_value=5.834e-05 0.0322478 0.00491854 0.0401382 0.0276885 0.0199394 -0.0439565
internal_weight=3.58037 2.06798 0.463298 1.60469 0.433185 0.360726 1.51238
internal_count=219 65 32 33 17 18 154
is_linear=0
shrinkage=0.03


Tree=9
num_leaves=8
num_cat=0
split_feature=11 18 32 32 14 25 8
split_gain=5.57641 0.579295 0.29785 0.143765 0.124831 0.0610203 0.00593719
threshold=0.50000000000000011 0.99080036666090709 0.070678113497552889 0.083624708624708638 1.0000000180025095e-35 0.83500000000000008 0.46050000000000008
decision_type=2 2 2 2 2 2 2
left_child=-1 2 -2 6 5 -3 -4
right_child=1 4 3 -5 -6 -7 -8
leaf_value=-0.042820616191749296 0.027023415858026655 0.011940716281402759 -0.047821804929959189 0.0063588196197755546 0.043718102630186106 0.035284898370195064 -0.035422774205653589
leaf_weight=1.5510043826652693 0.20484861731529247 0.1837112484499811 0.072562823072075844 0.092537162476219237 1.3398708403110504 0.22323367558419704 0.066712780855596066
leaf_count=161 8 8 9 8 19 8 7
internal_value=0.000675587 0.0315725 0.00066619 -0.0226252 0.0392984 0.0247464 -0.0418827
internal_weight=3.73448 2.18348 0.436661 0.231813 1.74682 0.406945 0.139276
internal_count=228 67 32 24 35 16 16
is_linear=0
shrinkage=0.03


Tree=10
num_leaves=8
num_cat=0
split_feature=11 18 8 14 25 26 3
split_gain=5.11347 0.607887 0.245413 0.160047 0.116275 0.0565109 0.000948037
threshold=0.50000000000000011 0.99080036666090709 0.77800000000000014 1.0000000180025095e-35 0.77500000000000013 0.72465000000000013 0.90514385630707273
decision_type=2 2 2 2 2 2 2
left_child=6 2 4 5 -2 -3 -1
right_child=1 3 -4 -5 -6 -7 -8
leaf_value=-0.042013319019773496 -0.0023499119171780068 0.035396442687806673 0.032606427414322396 0.042788599094470602 -0.04108809542908394 0.014149108536205305 -0.038534424159157386
leaf_weight=1.4450323395431044 0.17018534196540724 0.1846370194107293 0.12151747406460345 1.3063505087047815 0.11814612150192261 0.28899078909307718 0.074115260271355399
leaf_count=144 11 7 7 19 14 12 16
internal_value=0.000448291 0.0297874 -0.00315255 0.037372 -0.0182232 0.0224321 -0.0418436
internal_weight=3.70897 2.18983 0.409849 1.77998 0.288331 0.473628 1.51915
internal_count=230 70 32 38 25 19 160
is_linear=0
shrinkage=0.03


Tree=11
num_leaves=8
num_cat=0
split_feature=33 18 19 18 14 33 29
split_gain=4.16496 0.685274 0.243883 0.260283 0.200436 0.0659305 0.0220263
threshold=0.41630247121791741 0.99080036666090709 0.98500000000000021 0.89073198585638114 1.0000000180025095e-35 0.52261811067721886 1.0000000180025095e-35
decision_type=2 2 2 2 2 2 2
left_child=-1 2 6 -4 5 -3 -2
right_child=1 4 3 -5 -6 -7 -8
leaf_value=-0.041156181903238435 -0.022877119371345369 0.0015412854476789613 -0.026596301485043643 0.032390689867881628 0.04135969622591415 0.026500036535628112 -0.04493551543832356
leaf_weight=1.4013000442646446 0.071220263373106829 0.15510243154130865 0.10804063995601609 0.17864894535159692 1.1946892021223903 0.24685932835564017 0.095200488343834877
leaf_count=143 7 7 15 11 18 11 11
internal_value=-0.00129625 0.0259536 -0.00660792 0.0101611 0.0351942 0.0168694 -0.0354956
internal_weight=3.45106 2.04976 0.45311 0.28669 1.59665 0.401962 0.166421
internal_count=223 80 44 26 36 18 18
is_linear=0
shrinkage=0.03


Tree=12
num_leaves=8
num_cat=0
split_feature=11 18 19 14 27 26 33
split_gain=4.67477 0.473408 0.19189 0.150602 0.087175 0.0620986 0.00109556
threshold=0.50000000000000011 0.99080036666090709 0.98500000000000021 1.0000000180025095e-35 0.96500000000000019 0.7974500000000001 0.38633922491800227
decision_type=2 2 2 2 2 2 2
left_child=6 2 -2 5 -4 -3 -1
right_child=1 3 4 -5 -6 -7 -8
leaf_value=-0.040377287621717016 -0.03163884953644272 0.030061444299493003 -0.0010625511477173417 0.041073717070464137 0.033589415993206036 0.008052525703880431 -0.036396601589690582
leaf_weight=1.4141338854096832 0.12391355633735668 0.29408545047044743 0.1554538244381547 1.2794439867138863 0.11271677957847714 0.18987162783741951 0.065088744915556052
leaf_count=145 13 11 12 19 6 8 15
internal_value=0.000867644 0.0290522 -0.000764043 0.0356817 0.0135023 0.0214267 -0.0402021
internal_weight=3.63471 2.15549 0.392084 1.7634 0.268171 0.483957 1.47922
internal_count=229 69 31 38 18 19 160
is_linear=0
shrinkage=0.03


Tree=13
num_leaves=8
num_cat=0
split_feature=11 18 25 14 26 5 5
split_gain=4.40224 0.388643 0.291617 0.150125 0.058166 0.0407264 0.000964815
threshold=0.50000000000000011 0.99080036666090709 0.81500000000000006 1.0000000180025095e-35 0.7974500000000001 0.74937500000000001 0.74358333333333348
decision_type=2 2 2 2 2 2 2
left_child=6 2 5 4 -3 -2 -1
right_child=1 3 -4 -5 -6 -7 -8
leaf_value=-0.03969828235341652 0.029289527335652453 0.029029309697421454 -0.043314640444029003 0.040349199127103538 0.0077543430218587278 0.0063009816467196021 -0.03606129669334953
leaf_weight=1.3686334467493 0.12737721949815761 0.29247599281370629 0.098228383809328079 1.2271145451813936 0.1913093775510788 0.15226965071633458 0.068952496047131606
leaf_count=145 6 11 14 18 8 10 13
internal_value=0.000880106 0.0286879 0.0011526 0.0347694 0.0206163 0.0167721 -0.0395238
internal_weight=3.52636 2.08878 0.377875 1.7109 0.483785 0.279647 1.43759
internal_count=225 67 30 37 19 16 158
is_linear=0
shrinkage=0.03


Tree=14
num_leaves=8
num_cat=0
split_feature=11 18 19 14 4 33 32
split_gain=3.93179 0.376803 0.192156 0.149467 0.0327101 0.00117151 1.76404e-05
threshold=0.50000000000000011 0.99080036666090709 0.98500000000000021 1.0000000180025095e-35 0.67707545944383007 0.43857513725531488 0.073041200863302388
decision_type=2 2 2 2 2 2 2
left_child=5 2 -2 -3 -4 -1 -5
right_child=1 3 4 6 -6 -7 -8
leaf_value=-0.039009488225359934 -0.030019510060406693 0.018167461922689407 0.0023708772357748866 0.039617673061465686 0.024824853852303042 -0.034840296596737784 0.039852206376242871
leaf_weight=1.3048703121021388 0.12323009967803944 0.38588999584317196 0.096661416813731194 0.58391784131526947 0.14747349405661225 0.063614812039304636 0.57075623609125614
leaf_count=140 13 15 7 8 9 15 9
internal_value=-1.15387e-05 0.0278212 0.000519573 0.0343316 0.0159346 -0.0388157 0.0397336
internal_weight=3.27641 1.90793 0.367365 1.54056 0.244135 1.36849 1.15467
internal_count=216 61 29 32 16 155 17
is_linear=0
shrinkage=0.03


Tree=15
num_leaves=8
num_cat=0
split_feature=3 18 25 24 33 26 3
split_gain=3.41226 0.631886 0.190734 0.0975392 0.0652373 0.0863577 0.0496376
threshold=0.90514385630707273 0.99080036666090709 0.77500000000000013 0.72375000000000012 0.61292061408215215 0.75030000000000008 0.88594064760599867
decision_type=2 2 2 2 2 2 2
left_child=6 2 3 -2 5 -3 -1
right_child=1 4 -4 -5 -6 -7 -8
leaf_value=-0.038416256527654562 -0.0085175738263493159 0.039896174064089338 -0.036443709435477742 0.032538164780280258 0.039212955558098055 0.011975879583236435 -0.014421640614641469
leaf_weight=1.2764266451704314 0.12678548740223039 0.18594769603805628 0.14205118175595999 0.088388003117870539 1.0180721968063151 0.21495966799557209 0.0826157438568772
leaf_count=140 11 7 22 5 16 11 6
internal_value=-0.00117797 0.0261984 -0.00946405 0.00834712 0.0351764 0.0249258 -0.0369576
internal_weight=3.13525 1.7762 0.357225 0.215173 1.41898 0.400907 1.35904
internal_count=218 72 38 16 34 18 146
is_linear=0
shrinkage=0.03


Tree=16
num_leaves=8
num_cat=0
split_feature=3 18 25 27 5 32 8
split_gain=3.48955 0.50306 0.23163 0.0903553 0.0855447 0.0914121 0.00239466
threshold=0.87451448959296352 0.99080036666090709 0.81500000000000006 0.89000000000000012 0.68200000000000016 0.075305641478862886 0.77250000000000008
decision_type=2 2 2 2 2 2 2
left_child=-1 2 3 -2 5 -3 -6
right_child=1 4 -4 -5 6 -7 -8
leaf_value=-0.03793164247091399 -0.0086212235426780994 0.034163197057535608 -0.039972103152000525 0.022765843475040581 0.039115558472209558 0.0083190779131013439 0.036234147211555719
leaf_weight=1.2718880507163706 0.14102094620466243 0.28595181927084934 0.11211452906718478 0.19907039636746049 0.66548465786036082 0.21638293145224452 0.42559036985039711
leaf_count=141 13 9 19 11 15 8 6
internal_value=0.00108841 0.0253496 -0.00257675 0.00975101 0.0332751 0.0230307 0.0379916
internal_weight=3.3175 2.04562 0.452206 0.340091 1.59341 0.502335 1.09108
internal_count=222 81 43 24 38 17 21
is_linear=0
shrinkage=0.03


Tree=17
num_leaves=8
num_cat=0
split_feature=11 18 25 27 14 32 33
split_gain=3.57573 0.34596 0.189287 0.118339 0.111968 0.0500992 0.000857084
threshold=0.50000000000000011 0.99080036666090709 0.81500000000000006 0.89000000000000012 1.0000000180025095e-35 0.076400424510889645 0.43857513725531488
decision_type=2 2 2 2 2 2 2
left_child=6 2 3 -2 5 -3 -1
right_child=1 4 -4 -5 -6 -7 -8
leaf_value=-0.037406351673969808 -0.0089036656076000257 0.030374854107718202 -0.039538770136649484 0.029101765918173469 0.038220932726590315 0.0095188359342490009 -0.033780043525151932
leaf_weight=1.2739113960415123 0.13263081572949875 0.20714086480438698 0.080770444707013667 0.16605227813124657 1.1044820975512266 0.20749866217374802 0.061490665073506645
leaf_count=145 11 8 14 8 18 8 14
internal_value=0.000374081 0.0268303 0.00120687 0.0122254 0.0332306 0.0199378 -0.0372394
internal_weight=3.23398 1.89858 0.379454 0.298683 1.51912 0.41464 1.3354
internal_count=226 67 33 19 34 16 159
is_linear=0
shrinkage=0.03


Tree=18
num_leaves=8
num_cat=0
split_feature=33 18 14 18 19 32 25
split_gain=2.70119 0.407174 0.173072 0.157296 0.146843 0.0717353 0.0680719
threshold=0.41630247121791741 0.99080036666090709 1.0000000180025095e-35 0.73278292978851922 0.98500000000000021 0.076556462000858763 0.71000000000000008
decision_type=2 2 2 2 2 2 2
left_child=-1 3 5 -2 -5 -3 -6
right_child=1 2 -4 4 6 -7 -8
leaf_value=-0.036929513429576677 -0.039921400131440257 0.025080504311962869 0.037182851971234158 -0.025061342686509069 0.034291843031996762 0.0013928150825749917 0.0013800057723941212
leaf_weight=1.2182559478096666 0.089428266976028348 0.25832868181169033 0.87138253168086521 0.10128229949623346 0.11708824837114662 0.20747030805796385 0.10941022512270138
leaf_count=142 13 10 19 11 7 9 11
internal_value=-0.00261159 0.0212189 0.0292918 -0.00465525 0.00496639 0.0145298 0.0183938
internal_weight=2.97265 1.75439 1.33718 0.417209 0.327781 0.465799 0.226498
internal_count=222 80 38 42 29 19 18
is_linear=0
shrinkage=0.03


Tree=19
num_leaves=8
num_cat=0
split_feature=11 18 24 12 5 25 4
split_gain=2.9337 0.272236 0.175111 0.114658 0.129552 0.0476719 0.0329912
threshold=0.50000000000000011 0.99080036666090709 0.69875000000000009 0.60250000000000015 0.68200000000000016 0.66500000000000015 0.71764171990029946
decision_type=2 2 2 2 2 2 2
left_child=-1 2 6 4 -3 -4 -2
right_child=1 3 5 -5 -6 -7 -8
leaf_value=-0.036378557094725379 -0.040620428809674765 0.0028728797608933631 0.030637967947216807 0.036196267622885532 0.033711408994247204 0.004666281155318113 -0.009786710225278876
leaf_weight=1.2545968026970513 0.072933161631226429 0.24757802113890648 0.10872730799019337 0.89365824684500694 0.24287736043334007 0.15327455429360271 0.054620801471173763
leaf_count=155 10 9 5 16 9 11 6
internal_value=-0.00126972 0.0235643 0.00140999 0.0297996 0.0181444 0.0154442 -0.0274169
internal_weight=3.02827 1.77367 0.389556 1.38411 0.490455 0.262002 0.127554
internal_count=221 66 32 34 18 16 16
is_linear=0
shrinkage=0.03


Tree=20
num_leaves=8
num_cat=0
split_feature=11 14 27 5 32 18 27
split_gain=3.09077 0.323812 0.142135 0.0822475 0.0610866 0.059747 0.0339985
threshold=0.50000000000000011 1.0000000180025095e-35 0.89000000000000012 0.52020000000000011 0.079753564405113095 0.99080036666090709 0.96500000000000019
decision_type=2 2 2 2 2 2 2
left_child=-1 2 4 -4 -2 -5 -3
right_child=1 6 3 5 -6 -7 -8
leaf_value=-0.035980677964505194 0.0018990613885561736 0.026405958235032244 -0.0022479818026860635 0.010606829505040827 -0.028418954810958595 0.038413992276778067 0.03707793690314707
leaf_weight=1.2729362323298119 0.14784694602712978 0.39721548417583108 0.12211113655939698 0.11705579413683154 0.10044830059632659 0.17132322303950787 0.8301721066236496
leaf_count=161 8 15 7 10 9 7 13
internal_value=0.000140308 0.0245176 0.00755091 0.0183885 -0.0103661 0.0271268 0.0336242
internal_weight=3.15911 1.88617 0.658785 0.41049 0.248295 0.288379 1.22739
internal_count=230 69 41 24 17 17 28
is_linear=0
shrinkage=0.03


Tree=21
num_leaves=8
num_cat=0
split_feature=11 14 3 24 27 8 33
split_gain=2.75443 0.3406 0.112645 0.126875 0.0257863 0.0388981 0.00258765
threshold=0.50000000000000011 1.0000000180025095e-35 0.95678376746407745 0.61875000000000013 0.96500000000000019 0.6795000000000001 0.45378554016459821
decision_type=2 2 2 2 2 2 2
left_child=6 2 -2 -4 5 -3 -1
right_child=1 4 3 -5 -6 -7 -8
leaf_value=-0.035767921437190646 -0.017795114800244524 0.018703225469060211 -0.0077114809560538998 0.025422994130872456 0.036711882165476044 0.036778261708901909 -0.028629245433322108
leaf_weight=1.1238415790721772 0.14383708295645181 0.22110731806606054 0.16817520931363106 0.27257897984236479 0.73793425597250462 0.20791848935186863 0.047636695438996068
leaf_count=141 11 10 11 14 11 6 13
internal_value=0.000131806 0.0239482 0.00525717 0.0127801 0.0333116 0.0274629 -0.0354776
internal_weight=2.92303 1.75155 0.584591 0.440754 1.16696 0.429026 1.17148
internal_count=217 63 36 25 27 16 154
is_linear=0
shrinkage=0.03


Tree=22
num_leaves=8
num_cat=0
split_feature=11 14 27 32 26 27 26
split_gain=2.77925 0.268284 0.152976 0.0960518 0.0772268 0.0197722 0.0182662
threshold=0.50000000000000011 1.0000000180025095e-35 0.89000000000000012 0.078045550847457637 0.72465000000000013 0.96500000000000019 0.73925000000000007
decision_type=2 2 2 2 2 2 2
left_child=-1 2 3 -2 -4 -3 -6
right_child=1 5 4 -5 6 -7 -8
leaf_value=-0.035281448823472047 0.0079338561164783456 0.027925879808602595 0.035324419249206797 -0.030229026197520738 0.0197171535544301 0.036388926538251862 0.0030321128334615585
leaf_weight=1.137992522213608 0.12889067269861687 0.37036850955337286 0.17942371964454651 0.11002386687323451 0.096453765407204628 0.75477296486496925 0.15228822166682221
leaf_count=153 7 15 8 10 4 12 12
internal_value=0.00138437 0.0246658 0.00959146 -0.00964075 0.0203229 0.0336031 0.00950201
internal_weight=2.93021 1.79222 0.66708 0.238915 0.428166 1.12514 0.248742
internal_count=221 68 41 17 24 27 16
is_linear=0
shrinkage=0.03


Tree=23
num_leaves=8
num_cat=0
split_feature=11 18 25 14 33 33 33
split_gain=2.61753 0.273076 0.197702 0.0819914 0.0720647 0.00325469 1.07481e-05
threshold=0.50000000000000011 0.99080036666090709 0.69500000000000006 1.0000000180025095e-35 0.70198116557659307 0.41630247121791741 0.83859125802338053
decision_type=2 2 2 2 2 2 2
left_child=5 2 -2 -3 -4 -1 -5
right_child=1 3 4 6 -6 -7 -8
leaf_value=-0.035130207356744755 0.024545020331379612 0.019134156145058111 -0.038815084836264731 0.03611919592650379 0.00010086861246660583 -0.026981279995476847 0.035913596243149104
leaf_weight=1.0606736163608728 0.16480611171573389 0.35820991545915604 0.095483511220663786 0.52090170420706272 0.077656724024564028 0.046025551273487619 0.40813747607171535
leaf_count=139 9 15 13 11 4 13 7
internal_value=0.000794163 0.0250266 0.0010262 0.0313275 -0.0213605 -0.0347913 0.0360289
internal_weight=2.73189 1.6252 0.337946 1.28725 0.17314 1.1067 0.929039
internal_count=211 59 26 33 17 152 18
is_linear=0
shrinkage=0.03


Tree=24
num_leaves=8
num_cat=0
split_feature=11 18 19 14 26 18 33
split_gain=2.49416 0.271078 0.170724 0.124341 0.0790711 0.0656676 0.00175716
threshold=0.50000000000000011 0.99080036666090709 0.98500000000000021 1.0000000180025095e-35 0.75440000000000007 0.89073198585638114 0.45378554016459821
decision_type=2 2 2 2 2 2 2
left_child=6 2 -2 4 -3 -4 -1
right_child=1 3 5 -5 -6 -7 -8
leaf_value=-0.034837924223292606 -0.031322109469178031 0.028901103308163527 -0.0054821180674546263 0.035791841831302844 0.0016532387886158703 0.025634207159593778 -0.029035709170739089
leaf_weight=1.0370482159778474 0.10591391706839193 0.19548715464770794 0.098134124651551247 0.94573004730045795 0.18805932626128197 0.16148643993074074 0.049203641538042686
leaf_count=141 13 8 10 19 8 9 13
internal_value=0.000912241 0.0236571 0.000777346 0.0299487 0.015541 0.0138725 -0.0345751
internal_weight=2.78106 1.69481 0.365534 1.32928 0.383546 0.259621 1.08625
internal_count=221 67 32 35 16 19 154
is_linear=0
shrinkage=0.03


Tree=25
num_leaves=8
num_cat=0
split_feature=11 14 27 4 32 27 32
split_gain=2.42218 0.299823 0.165817 0.0844143 0.065954 0.0138889 0.00107829
threshold=0.50000000000000011 1.0000000180025095e-35 0.89000000000000012 0.66609291026554684 0.078045550847457637 0.96500000000000019 0.082746216819647736
decision_type=2 2 2 2 2 2 2
left_child=6 2 4 -4 -2 -3 -1
right_child=1 5 3 -5 -6 -7 -8
leaf_value=-0.034596238807562879 0.0037918458776707797 0.028261524952086961 0.0025307426874500204 0.030479144847946265 -0.026059172780649061 0.035615901021674425 -0.030412993508801237
leaf_weight=1.0242618219926951 0.13457497255876649 0.34877174394205213 0.16062171896919608 0.2465682765468955 0.13190765585750341 0.68505340814590454 0.058630757092032693
leaf_count=144 8 14 9 14 11 12 12
internal_value=0.000728012 0.022987 0.00741394 0.0194545 -0.0109843 0.0331348 -0.0343697
internal_weight=2.79039 1.7075 0.673673 0.40719 0.266483 1.03383 1.08289
internal_count=224 68 42 23 19 26 156
is_linear=0
shrinkage=0.03


Tree=26
num_leaves=8
num_cat=0
split_feature=11 18 14 19 18 26 33
split_gain=2.31071 0.276687 0.157961 0.152311 0.0622812 0.0466625 0.00355692
threshold=0.50000000000000011 0.99080036666090709 1.0000000180025095e-35 0.98500000000000021 0.89073198585638114 0.7974500000000001 0.45378554016459821
decision_type=2 2 2 2 2 2 2
left_child=6 3 5 -2 -5 -3 -1
right_child=1 2 -4 4 -6 -7 -8
leaf_value=-0.034326271066603853 -0.027103784534856748 0.021964354826063258 0.035300661651096049 -0.0059995581036548888 0.024430808327421394 0.0018834662905764269 -0.025920722937564658
leaf_weight=1.0258582488168029 0.12833083607256401 0.23867691494524479 0.93151471391320229 0.097419802565127611 0.15986349008744583 0.18477101065218449 0.047402615891769639
leaf_count=147 14 10 19 10 9 8 14
internal_value=0.000665905 0.0220136 0.0283945 -0.000407487 0.0129084 0.0132021 -0.033955
internal_weight=2.81384 1.74058 1.35496 0.385614 0.257283 0.423448 1.07326
internal_count=231 70 37 33 19 18 161
is_linear=0
shrinkage=0.03


Tree=27
num_leaves=8
num_cat=0
split_feature=11 18 14 8 25 26 33
split_gain=2.22834 0.282478 0.16043 0.156987 0.0730242 0.040788 0.00383905
threshold=0.50000000000000011 0.99080036666090709 1.0000000180025095e-35 0.77800000000000014 0.77500000000000013 0.7974500000000001 0.45378554016459821
decision_type=2 2 2 2 2 2 2
left_child=6 3 5 4 -2 -3 -1
right_child=1 2 -4 -5 -6 -7 -8
leaf_value=-0.034107352665743017 -0.0011350510618511954 0.021054124335944287 0.03508351815532762 0.031789570972312435 -0.033625761363089167 0.0022036521637991196 -0.025285859931744103
leaf_weight=1.0007437111344186 0.15929630352184165 0.2338966578245163 0.93094047717750072 0.091677492309827358 0.10219984035938978 0.18503141961991787 0.046461204765364639
leaf_count=147 12 10 20 6 13 8 14
internal_value=0.000720809 0.0218961 0.0281456 -0.00199043 -0.0138333 0.0127283 -0.033716
internal_weight=2.75025 1.70304 1.34987 0.353174 0.261496 0.418928 1.0472
internal_count=230 69 38 31 25 18 161
is_linear=0
shrinkage=0.03


Tree=28
num_leaves=8
num_cat=0
split_feature=11 18 12 19 5 8 33
split_gain=2.03735 0.275226 0.135895 0.111744 0.0914848 0.0474499 0.00441196
threshold=0.50000000000000011 0.99080036666090709 0.60250000000000015 0.98500000000000021 0.68200000000000016 0.77800000000000014 0.43857513725531488
decision_type=2 2 2 2 2 2 2
left_child=6 3 4 -2 -3 -5 -1
right_child=1 2 -4 5 -6 -7 -8
leaf_value=-0.033899861226866966 -0.025202424619093059 0.00090568890528225387 0.034995520065586705 -0.0008775915759034709 0.029663828202247253 0.02667001355610038 -0.024092803973237303
leaf_weight=0.90208369912579667 0.11930894944816817 0.21989113092422485 0.87650171108543873 0.13594871945679188 0.18192292004823685 0.096021059318445623 0.043265582935418934
leaf_count=137 13 9 19 11 8 7 14
internal_value=0.00158493 0.0219098 0.0283727 -0.00160926 0.0139261 0.0105254 -0.033451
internal_weight=2.57494 1.62959 1.27832 0.351279 0.401814 0.23197 0.945349
internal_count=218 67 36 31 17 18 151
is_linear=0
shrinkage=0.03


Tree=29
num_leaves=8
num_cat=0
split_feature=11 14 27 25 32 26 33
split_gain=2.02043 0.309172 0.116758 0.0934433 0.0589352 0.0203848 0.00325706
threshold=0.50000000000000011 1.0000000180025095e-35 0.89000000000000012 0.77500000000000013 0.078045550847457637 0.83105000000000007 0.45378554016459821
decision_type=2 2 2 2 2 2 2
left_child=6 2 4 -4 -2 -3 -1
right_child=1 5 3 -5 -6 -7 -8
leaf_value=-0.03370785857072519 0.003555595616644184 0.034734063283533345 0.036693491711410418 0.0040005933001576541 -0.02494597215495049 0.025505874821446801 -0.024907408530249878
leaf_weight=0.93778094253502819 0.13146237051114418 0.67190024070441723 0.12501678429543972 0.21230475883930922 0.12972907489165664 0.31711130170151591 0.039441243920009583
leaf_count=147 8 14 6 15 11 14 12
internal_value=0.00058521 0.0214761 0.00445747 0.0161171 -0.0106006 0.0317752 -0.0333527
internal_weight=2.56475 1.58752 0.598513 0.337322 0.261191 0.989012 0.977222
internal_count=227 68 40 21 19 28 159
is_linear=0
shrinkage=0.03


Tree=30
num_leaves=8
num_cat=0
split_feature=11 14 18 26 33 26 33
split_gain=1.83582 0.270779 0.0927247 0.0843735 0.0662779 0.023418 0.00500839
threshold=0.50000000000000011 1.0000000180025095e-35 0.89073198585638114 0.72465000000000013 0.52261811067721886 0.83105000000000007 0.43857513725531488
decision_type=2 2 2 2 2 2 2
left_child=6 2 -2 -4 -5 -3 -1
right_child=1 5 3 4 -6 -7 -8
leaf_value=-0.033511558147765769 -0.021069348512411028 0.034569726272378802 0.025597279058110604 -0.014833939499438616 0.013199122722481629 0.024250752875794156 -0.02281376732483879
leaf_weight=0.85750063136220012 0.098810697440057771 0.62824859283864498 0.20465314527973533 0.13666305603692308 0.17073290515691042 0.28897750843316317 0.041283217200543731
leaf_count=139 13 12 10 8 11 14 14
internal_value=0.00100181 0.0210127 0.00553803 0.0106725 0.000736096 0.0313187 -0.0330202
internal_weight=2.42687 1.52809 0.61086 0.512049 0.307396 0.917226 0.898784
internal_count=221 68 42 29 19 26 153
is_linear=0
shrinkage=0.03


Tree=31
num_leaves=8
num_cat=0
split_feature=11 18 25 14 32 33 18
split_gain=1.67459 0.280874 0.160659 0.158626 0.0367452 0.0032636 0.00137946
threshold=0.50000000000000011 0.99080036666090709 0.77500000000000013 1.0000000180025095e-35 0.076556462000858763 0.43857513725531488 0.93527639544061592
decision_type=2 2 2 2 2 2 2
left_child=5 2 -2 4 -3 -1 -4
right_child=1 3 6 -5 -6 -7 -8
leaf_value=-0.033339239554875437 0.010713302872485089 0.019782657038974236 -0.036006640699304857 0.034375684035713353 0.0010283821574716661 -0.02475391240836515 -0.029596822775024959
leaf_weight=0.86318729771301184 0.20892037032172073 0.18875278346240498 0.059224195312708616 0.73852474987506866 0.18735158257186413 0.041778483835514635 0.06169645517366007
leaf_count=144 14 9 10 18 8 13 7
internal_value=-0.000944248 0.019103 -0.00521541 0.0262993 0.0104405 -0.0329429 -0.0327362
internal_weight=2.34944 1.44447 0.329841 1.11463 0.376104 0.904966 0.120921
internal_count=223 66 31 35 17 157 17
is_linear=0
shrinkage=0.03


Tree=32
num_leaves=8
num_cat=0
split_feature=11 18 25 12 5 27 33
split_gain=1.65139 0.277567 0.154937 0.0975332 0.0809651 0.0741132 0.00198464
threshold=0.50000000000000011 0.99080036666090709 0.77500000000000013 0.60250000000000015 0.68200000000000016 0.89000000000000012 0.43857513725531488
decision_type=2 2 2 2 2 2 2
left_child=6 2 5 4 -3 -2 -1
right_child=1 3 -4 -5 -6 -7 -8
leaf_value=-0.0331814003915539 -0.0064627614495025073 0.0013367397764764918 -0.032227548766717171 0.034352588915195055 0.029136106317521008 0.027291530319907616 -0.02624819559852282
leaf_weight=0.81905146059580181 0.11599587742239226 0.18719390407204606 0.1127730937441811 0.68165980279445648 0.1899912916123867 0.11819972284138203 0.03892420424381271
leaf_count=141 10 8 16 17 9 6 12
internal_value=-6.82715e-05 0.0199489 -0.00333806 0.0275797 0.0153395 0.0105732 -0.0328669
internal_weight=2.26379 1.40581 0.346969 1.05884 0.377185 0.234196 0.857976
internal_count=219 66 32 34 17 16 153
is_linear=0
shrinkage=0.03


Tree=33
num_leaves=8
num_cat=0
split_feature=11 18 14 32 29 3 32
split_gain=1.65534 0.203736 0.102629 0.0871328 0.0818819 0.00562807 1.31153e-06
threshold=0.50000000000000011 0.99520554755577428 1.0000000180025095e-35 0.070678113497552889 1.0000000180025095e-35 0.91761075601106301 0.073041200863302388
decision_type=2 2 2 2 2 2 2
left_child=5 3 -3 -2 -5 -1 -4
right_child=1 2 6 4 -6 -7 -8
leaf_value=-0.0330317602990578 0.01801112158721755 0.013173729738591395 0.033992378665790961 0.0027516742806883371 -0.036306797977120442 -0.021648819889666045 0.034074830031552143
leaf_weight=0.81326387170702252 0.17005373863503326 0.30492396652698495 0.37867349945008755 0.13948118174448609 0.073898948263376951 0.041066479403525591 0.3206590935587883
leaf_count=143 9 14 10 12 11 15 7
internal_value=0.000368621 0.0205947 0.0276975 0.00199156 -0.0107753 -0.0324846 0.0340302
internal_weight=2.24202 1.38769 1.00426 0.383434 0.21338 0.85433 0.699333
internal_count=221 63 31 32 23 158 17
is_linear=0
shrinkage=0.03


Tree=34
num_leaves=8
num_cat=0
split_feature=11 14 27 4 27 8 33
split_gain=1.65878 0.195701 0.0662754 0.0600527 0.0383712 0.0504337 0.00588073
threshold=0.50000000000000011 1.0000000180025095e-35 0.89000000000000012 0.66609291026554684 0.96500000000000019 0.6795000000000001 0.45378554016459821
decision_type=2 2 2 2 2 2 2
left_child=6 2 -2 -4 5 -3 -1
right_child=1 4 3 -5 -6 -7 -8
leaf_value=-0.032881211033387217 -0.0063460952294672798 0.010659728484434023 3.4304972035955289e-05 0.02507707215024543 0.034018380201487231 0.034056077981050585 -0.021061545235039725
leaf_weight=0.81818643771111998 0.21936009358614661 0.18528161197900772 0.14782151684630662 0.20667114155367017 0.54708146117627621 0.15009574219584465 0.039724021859001368
leaf_count=150 14 11 9 15 12 6 14
internal_value=0.000757765 0.020252 0.00661441 0.0146344 0.0291204 0.0211306 -0.0323339
internal_weight=2.31422 1.45631 0.573853 0.354493 0.882459 0.335377 0.85791
internal_count=231 67 38 24 29 17 164
is_linear=0
shrinkage=0.03


Tree=35
num_leaves=8
num_cat=0
split_feature=11 14 32 26 27 27 25
split_gain=1.39299 0.240291 0.112906 0.0550235 0.0524777 0.0441317 0.0131205
threshold=0.50000000000000011 1.0000000180025095e-35 0.076556462000858763 0.74215000000000009 0.89000000000000012 0.96500000000000019 0.74500000000000011
decision_type=2 2 2 2 2 2 2
left_child=-1 2 3 -2 -4 6 -3
right_child=1 5 4 -5 -6 -7 -8
leaf_value=-0.032120971382359809 0.031275192241208893 0.027267702648216288 -0.022751964049003232 0.0045662616896392288 0.0041627850072890491 0.033905332402397965 0.014462634828222519
leaf_weight=0.77778604940976981 0.12166687147691824 0.11802824027836323 0.15163013711571693 0.16165154660120606 0.11437969305552542 0.51160741038620472 0.18473022989928722
leaf_count=155 7 6 13 9 10 12 10
internal_value=-8.28523e-05 0.0181902 0.00285722 0.016036 -0.0111791 0.028533 0.0194546
internal_weight=2.14148 1.36369 0.549328 0.283318 0.26601 0.814366 0.302758
internal_count=222 67 39 16 23 28 16
is_linear=0
shrinkage=0.03


Tree=36
num_leaves=8
num_cat=0
split_feature=11 18 27 25 32 26 3
split_gain=1.40204 0.25552 0.131499 0.112131 0.0388799 0.0080266 0.00701268
threshold=0.50000000000000011 0.99080036666090709 0.89000000000000012 0.81500000000000006 0.076400424510889645 0.82195000000000007 0.91761075601106301
decision_type=2 2 2 2 2 2 2
left_child=6 3 -3 4 -2 -4 -1
right_child=1 2 5 -5 -6 -7 -8
leaf_value=-0.032637482594703941 0.016687867783117077 0.0053021473939351745 0.034067712698041243 -0.034210810593940412 -0.0067478079523205633 0.027312711500021254 -0.019304038429502537
leaf_weight=0.7386485077440742 0.14047397300600983 0.20801183581352234 0.55801299214363098 0.082109747687354684 0.11658841790631413 0.22102230973541737 0.037293492932803929
leaf_count=145 7 9 16 15 11 9 15
internal_value=3.36631e-05 0.0187739 0.026493 -0.00369 0.00605882 0.0321512 -0.0319966
internal_weight=2.10216 1.32622 0.987047 0.339172 0.257062 0.779035 0.775942
internal_count=227 67 34 33 18 25 160
is_linear=0
shrinkage=0.03


Tree=37
num_leaves=8
num_cat=0
split_feature=11 14 27 4 32 27 33
split_gain=1.21305 0.199989 0.0949669 0.0660731 0.061117 0.028569 0.00474223
threshold=0.50000000000000011 1.0000000180025095e-35 0.89000000000000012 0.66609291026554684 0.077052142488384115 0.96500000000000019 0.45378554016459821
decision_type=2 2 2 2 2 2 2
left_child=6 2 4 -4 -2 -3 -1
right_child=1 5 3 -5 -6 -7 -8
leaf_value=-0.032511693130652525 0.0084946128846378737 0.020805637264330944 -0.0012633296351753913 0.025704866753318952 -0.02240324812407295 0.033647317460613467 -0.021357769281546056
leaf_weight=0.70538464142009627 0.094245250336825626 0.26881341636180878 0.14205247379140928 0.19265460455790162 0.1482474715448916 0.37124961987137794 0.036059739824850112
leaf_count=144 6 15 9 14 13 11 13
internal_value=-0.00171897 0.0167067 0.00390169 0.0142593 -0.0103947 0.0282541 -0.0319692
internal_weight=1.95871 1.21726 0.5772 0.334707 0.242493 0.640063 0.741444
internal_count=225 68 42 23 19 26 157
is_linear=0
shrinkage=0.03


Tree=38
num_leaves=8
num_cat=0
split_feature=11 14 27 4 18 27 8
split_gain=1.3445 0.225898 0.0704303 0.0812935 0.0637407 0.0446715 0.041416
threshold=0.50000000000000011 1.0000000180025095e-35 0.65000000000000013 0.65015410213096947 0.99080036666090709 0.96500000000000019 0.53150000000000008
decision_type=2 2 2 2 2 2 2
left_child=-1 2 -2 -4 -5 6 -3
right_child=1 5 3 4 -6 -7 -8
leaf_value=-0.031723141828979451 -0.015555733442734251 0.0059038421008310287 -0.01555209192025816 0.00010978349494452382 0.029543539911037729 0.033581049036339475 0.02853408949075863
leaf_weight=0.76024449773831326 0.13910346757620551 0.12597969453781843 0.087916117627173662 0.11147214937955141 0.16310366429388523 0.51225452311336994 0.17236595973372459
leaf_count=167 9 9 6 13 9 13 8
internal_value=2.24526e-05 0.0184148 0.00259125 0.00955502 0.017594 0.0282064 0.0189782
internal_weight=2.07244 1.3122 0.501595 0.362492 0.274576 0.8106 0.298346
internal_count=234 67 37 28 22 30 17
is_linear=0
shrinkage=0.03


Tree=39
num_leaves=8
num_cat=0
split_feature=11 18 19 14 25 26 3
split_gain=1.21538 0.19599 0.109427 0.0963328 0.0716912 0.0638599 0.009601
threshold=0.50000000000000011 0.99080036666090709 0.98500000000000021 1.0000000180025095e-35 0.80500000000000016 0.7974500000000001 0.90514385630707273
decision_type=2 2 2 2 2 2 2
left_child=6 2 -2 5 -4 -3 -1
right_child=1 3 4 -5 -6 -7 -8
leaf_value=-0.032307374570573456 -0.029143939236707782 0.025375613014181952 0.024172680571401827 0.033434298487287455 -0.013494516854585666 -0.00028492678236320202 -0.01527189736854411
leaf_weight=0.6665886186528952 0.096140818204730527 0.18394220806658268 0.12089808471500874 0.53589325211942196 0.072895773279014975 0.16610601730644703 0.031167048844508827
leaf_count=144 13 10 9 16 8 8 14
internal_value=-0.000180057 0.0184325 -0.00297717 0.0254391 0.0100041 0.0131991 -0.0315464
internal_weight=1.87363 1.17588 0.289935 0.885941 0.193794 0.350048 0.697756
internal_count=222 64 30 34 17 18 158
is_linear=0
shrinkage=0.03


Tree=40
num_leaves=8
num_cat=0
split_feature=11 18 14 25 32 29 3
split_gain=1.20404 0.214089 0.110148 0.10913 0.0698263 0.0493269 0.00892985
threshold=0.50000000000000011 0.99080036666090709 1.0000000180025095e-35 0.81500000000000006 0.076400424510889645 1.0000000180025095e-35 0.91761075601106301
decision_type=2 2 2 2 2 2 2
left_child=6 3 4 5 -3 -2 -1
right_child=1 2 -4 -5 -6 -7 -8
leaf_value=-0.03221359819533709 0.021768334061684706 0.025845704246453872 0.033318796932160381 -0.033496053700062332 -0.0019621341556486076 -0.0051044612602470724 -0.016348526948911618
leaf_weight=0.62400247831828903 0.11453383276239015 0.16022685170173645 0.61686031240969896 0.077293942798860371 0.16491846088320017 0.13270259369164705 0.033652279584202915
leaf_count=140 7 9 20 15 8 12 15
internal_value=0.00153098 0.0186315 0.025871 -0.00238254 0.0117412 0.00734453 -0.0314018
internal_weight=1.92419 1.26654 0.942006 0.32453 0.325145 0.247236 0.657655
internal_count=226 71 37 34 17 19 155
is_linear=0
shrinkage=0.03


Tree=41
num_leaves=8
num_cat=0
split_feature=11 14 26 24 32 27 18
split_gain=1.14261 0.199245 0.091469 0.0715596 0.0557937 0.0302411 0.0197082
threshold=0.50000000000000011 1.0000000180025095e-35 0.73925000000000007 0.63000000000000023 0.075707735247208946 0.96500000000000019 0.99080036666090709
decision_type=2 2 2 2 2 2 2
left_child=-1 2 3 -2 -4 -3 -6
right_child=1 5 4 -5 6 -7 -8
leaf_value=-0.031274672819651475 -0.0040099485907119214 0.019287274594886591 0.0053154457805582572 0.029592132119276988 -0.033274010569214113 0.033281624943928584 -0.010016539616010775
leaf_weight=0.65434171597007673 0.089181666728108899 0.19872442586347461 0.14237153227441013 0.15826412290334702 0.066490094177424908 0.46221814956516027 0.064701111987233162
leaf_count=160 7 13 8 11 13 13 3
internal_value=0.000530392 0.018138 0.00426491 0.0174816 -0.00769003 0.029074 -0.0218038
internal_weight=1.83629 1.18195 0.521009 0.247446 0.273563 0.660943 0.131191
internal_count=228 68 42 18 24 26 16
is_linear=0
shrinkage=0.03


Tree=42
num_leaves=8
num_cat=0
split_feature=33 14 27 27 8 4 24
split_gain=1.13034 0.141882 0.115114 0.0374148 0.048923 0.0357988 0.029497
threshold=0.46798125065637791 1.0000000180025095e-35 0.89000000000000012 0.96500000000000019 0.6795000000000001 0.74207257462859355 0.60875000000000001
decision_type=2 2 2 2 2 2 2
left_child=5 2 -2 4 -3 -1 -4
right_child=1 3 6 -5 -6 -7 -8
leaf_value=-0.03170466741436654 -0.014518852302962825 0.0071304930204606036 0.0013154701065389764 0.032743482121943744 0.033333749500472576 0.00032029161651861383 0.023177774161162047
leaf_weight=0.64492838713340472 0.16266998252831377 0.14963525702478364 0.076380689395591617 0.43013521865941584 0.11222107242792845 0.033023351570591331 0.20359199144877493
leaf_count=150 16 13 6 13 6 6 19
internal_value=0.000503528 0.0188161 0.00555189 0.0273007 0.0183602 -0.0301447 0.0172134
internal_weight=1.81259 1.13463 0.442643 0.691992 0.261856 0.677952 0.279973
internal_count=229 73 41 32 19 156 25
is_linear=0
shrinkage=0.03


Tree=43
num_leaves=8
num_cat=0
split_feature=11 14 24 3 2 27 33
split_gain=1.01016 0.211049 0.0846921 0.0569262 0.0607089 0.020067 0.0123251
threshold=0.50000000000000011 1.0000000180025095e-35 0.60875000000000001 0.94775846251430218 0.51000000000000012 0.96500000000000019 0.46798125065637791
decision_type=2 2 2 2 2 2 2
left_child=6 2 -2 -4 -5 -3 -1
right_child=1 5 3 4 -6 -7 -8
leaf_value=-0.03195629793209543 -0.018467744116998121 0.021935351190201031 -0.007524605717539868 0.031828978131745782 0.0036859214902385013 0.033097313320790203 -0.0115821046656433
leaf_weight=0.56116690393537294 0.1238227463327346 0.22729765810072422 0.11732945451512933 0.1347371069714427 0.14136023772880435 0.400157087482512 0.028058374766260386
leaf_count=141 14 15 8 9 10 12 13
internal_value=0.000929789 0.0173582 0.00317062 0.00998084 0.0174199 0.0290539 -0.0309861
internal_weight=1.73393 1.1447 0.51725 0.393427 0.276097 0.627455 0.589225
internal_count=222 68 41 27 19 27 154
is_linear=0
shrinkage=0.03


Tree=44
num_leaves=8
num_cat=0
split_feature=3 12 26 0 32 8 26
split_gain=0.977607 0.157838 0.0739772 0.062183 0.0754848 0.0354099 0.0289304
threshold=0.90514385630707273 0.89250000000000007 0.72465000000000013 0.84700000000000009 0.070678113497552889 0.80000000000000016 0.65364999999999995
decision_type=2 2 2 2 2 2 2
left_child=5 2 6 -4 -5 -1 -2
right_child=1 -3 3 4 -6 -7 -8
leaf_value=-0.031621194277848909 0.009300584397885352 0.032095117178544609 0.018825918991438553 0.012755273696040129 -0.016631090739986695 0.00068595433511202094 0.029644355914996957
leaf_weight=0.57847086596302699 0.10462470480706521 0.40758782019838691 0.13467005232814699 0.12777344463393092 0.20471103553427383 0.032234422455076128 0.15779778466094285
leaf_count=142 9 13 13 8 25 6 13
internal_value=0.000699789 0.0171417 0.00878782 0.00162795 -0.00533794 -0.0299159 0.0215335
internal_weight=1.74787 1.13716 0.729577 0.467155 0.332484 0.610705 0.262422
internal_count=229 81 68 46 33 148 22
is_linear=0
shrinkage=0.03


Tree=45
num_leaves=8
num_cat=0
split_feature=11 14 24 3 33 27 12
split_gain=0.908638 0.204041 0.099154 0.0617036 0.0533003 0.0401853 0.0104476
threshold=0.50000000000000011 1.0000000180025095e-35 0.60875000000000001 0.93571169553771083 0.58535868943502478 0.96500000000000019 0.72750000000000015
decision_type=2 2 2 2 2 2 2
left_child=-1 2 -2 -4 -5 6 -3
right_child=1 5 3 4 -6 -7 -8
leaf_value=-0.031210675102989711 -0.025956531613774838 0.023370740847269717 -0.012284511748453918 0.026830401831434137 -0.0016734644365661081 0.032926409070935449 0.010899833986432185
leaf_weight=0.59178094309754681 0.10269930888898648 0.12102906731888652 0.10007240570848808 0.15027239266782999 0.097253868356347084 0.36300790961831808 0.12080903258174658
leaf_count=164 13 9 8 12 6 11 7
internal_value=-0.00145601 0.015232 -5.76079e-05 0.00759432 0.0156311 0.0266148 0.017141
internal_weight=1.64692 1.05514 0.450298 0.347599 0.247526 0.604846 0.241838
internal_count=230 66 39 26 18 27 16
is_linear=0
shrinkage=0.03


Tree=46
num_leaves=8
num_cat=0
split_feature=11 18 25 14 32 33 33
split_gain=0.871968 0.144103 0.11327 0.112159 0.0324562 0.0306547 0.0142355
threshold=0.50000000000000011 0.99080036666090709 0.74500000000000011 1.0000000180025095e-35 0.076400424510889645 0.70198116557659307 0.43857513725531488
decision_type=2 2 2 2 2 2 2
left_child=6 2 -2 4 -3 -4 -1
right_child=1 3 5 -5 -6 -7 -8
leaf_value=-0.031753231346822175 0.018771533070913487 0.018487712471119553 -0.032879058857891885 0.032828383098090566 -0.00083484984717414358 -0.0046605343610309786 -0.0094979657793218489
leaf_weight=0.52759840688668203 0.11732812505215384 0.1636511255055666 0.082615036517381668 0.43139119446277618 0.14989867992699146 0.059673408046364784 0.027200802695006132
leaf_count=148 11 10 17 18 8 3 13
internal_value=-0.000475212 0.0161965 -0.0030506 0.0229042 0.00925018 -0.0210447 -0.0306621
internal_weight=1.55936 1.00456 0.259617 0.744941 0.31355 0.142288 0.554799
internal_count=228 67 31 36 18 20 161
is_linear=0
shrinkage=0.03


Tree=47
num_leaves=8
num_cat=0
split_feature=11 18 14 25 27 33 33
split_gain=0.830434 0.190717 0.107847 0.0726132 0.0489842 0.02419 0.0153725
threshold=0.50000000000000011 0.99080036666090709 1.0000000180025095e-35 0.69500000000000006 0.89000000000000012 0.68863989354489452 0.41630247121791741
decision_type=2 2 2 2 2 2 2
left_child=6 3 4 -2 -3 -5 -1
right_child=1 2 -4 5 -6 -7 -8
leaf_value=-0.031684744508310395 0.010259734274942846 -0.0037031079703551766 0.032772571197180612 -0.033008962440620751 0.019961308753576198 -0.0077216672137758909 -0.0080981556818380436
leaf_weight=0.4937056398484857 0.12592666642740347 0.13458965159952641 0.45580169185996056 0.073546972533222288 0.18965921271592379 0.063392177224159241 0.026188114541582763
leaf_count=144 11 7 19 14 12 4 13
internal_value=0.000476704 0.0159169 0.0233642 -0.00618273 0.0101387 -0.0213029 -0.0304966
internal_weight=1.56281 1.04292 0.780051 0.262866 0.324249 0.136939 0.519894
internal_count=224 67 38 29 19 18 157
is_linear=0
shrinkage=0.03


Tree=48
num_leaves=8
num_cat=0
split_feature=33 18 14 19 25 33 2
split_gain=0.778888 0.174685 0.115287 0.0934431 0.0650762 0.0484766 0.00865764
threshold=0.41630247121791741 0.99080036666090709 1.0000000180025095e-35 0.98500000000000021 0.77500000000000013 0.52261811067721886 0.51000000000000012
decision_type=2 2 2 2 2 2 2
left_child=-1 3 5 6 -5 -3 -2
right_child=1 2 -4 4 -6 -7 -8
leaf_value=-0.031625365261638699 -0.033625392001651926 -0.0063018097000176404 0.032887020361809016 0.025160531694201977 -0.012750433962856763 0.018142449144957527 -0.016993236396047474
leaf_weight=0.46943659952376049 0.061785612488165276 0.11787456489400938 0.42650835041422397 0.096917528193444014 0.070316513418219984 0.19186656340025365 0.051767334574833512
leaf_count=142 13 7 20 10 13 13 5
internal_value=0.000338561 0.0150922 0.0227704 -0.00504058 0.0092202 0.00883998 -0.026043
internal_weight=1.48647 1.01704 0.736249 0.280787 0.167234 0.309741 0.113553
internal_count=223 81 40 41 23 20 18
is_linear=0
shrinkage=0.03


Tree=49
num_leaves=8
num_cat=0
split_feature=33 18 29 5 14 26 4
split_gain=0.72636 0.235409 0.0765614 0.0653527 0.0563213 0.0439788 0.0294922
threshold=0.46798125065637791 0.99080036666090709 1.0000000180025095e-35 0.68200000000000016 1.0000000180025095e-35 0.90385000000000015 0.74531437106514564
decision_type=2 2 2 2 2 2 2
left_child=6 2 5 4 -3 -2 -1
right_child=1 3 -4 -5 -6 -7 -8
leaf_value=-0.031141598098505023 0.017673577418866927 0.0046183854909035973 -0.031303769479255283 0.03334604971029221 0.03056134041193298 -0.017369172978964186 0.0026666349342132603
leaf_weight=0.46765257755760103 0.082288416859228164 0.19379304349422455 0.093968908069655299 0.36285267054336146 0.12318922858685255 0.052987035596743226 0.024435666739009321
leaf_count=140 13 12 15 19 8 5 5
internal_value=-0.000104439 0.0157873 -0.0105023 0.0246524 0.0147006 0.00394743 -0.0294628
internal_weight=1.40117 0.909079 0.229244 0.679835 0.316982 0.135275 0.492088
internal_count=217 72 33 39 20 18 145
is_linear=0
shrinkage=0.03


Tree=50
num_leaves=8
num_cat=0
split_feature=11 18 14 19 33 5 33
split_gain=0.782599 0.123511 0.0931785 0.0867159 0.0282075 0.024167 0.0174074
threshold=0.50000000000000011 0.99080036666090709 1.0000000180025095e-35 0.98500000000000021 0.51318197198805093 0.63983333333333337 0.46798125065637791
decision_type=2 2 2 2 2 2 2
left_child=6 3 5 -2 -5 -3 -1
right_child=1 2 -4 4 -6 -7 -8
leaf_value=-0.031511131855878671 -0.024171597538279119 0.001651610570270437 0.032531599881560194 0.026581850921708131 0.0019630318876459182 0.019101475023307994 -0.0060183406106179595
leaf_weight=0.44008970109280199 0.090556959854438901 0.1425978560000658 0.4264875827357173 0.070998068142216653 0.10215331567451358 0.14312294963747263 0.025504027667921036
leaf_count=145 12 8 20 7 11 10 13
internal_value=0.00188786 0.0171557 0.02365 -0.000383439 0.0120576 0.0103926 -0.0301147
internal_weight=1.44151 0.975917 0.712208 0.263708 0.173151 0.285721 0.465594
internal_count=226 68 38 30 18 18 158
is_linear=0
shrinkage=0.03


Tree=51
num_leaves=8
num_cat=0
split_feature=11 27 32 4 18 18 33
split_gain=0.654506 0.136856 0.13992 0.0811387 0.0319205 0.0260028 0.0180628
threshold=0.50000000000000011 0.89000000000000012 0.074211848498233229 0.66609291026554684 0.99080036666090709 0.99520554755577428 0.46798125065637791
decision_type=2 2 2 2 2 2 2
left_child=6 2 -2 -3 -4 -5 -1
right_child=1 3 4 5 -6 -7 -8
leaf_value=-0.031456120514310466 0.033456887724917062 0.002353416797247064 -0.028292140967162021 0.016825335404666329 -0.0048955286265854143 0.03263983314842564 -0.0052889188908904292
leaf_weight=0.41421047842595726 0.073460008017718792 0.13809814368141815 0.088614883832633495 0.12733791675418615 0.12870765384286642 0.3528983211144805 0.025185334903653711
leaf_count=142 6 11 14 15 7 16 13
internal_value=0.000106737 0.0146368 -0.00233664 0.0226189 -0.0144357 0.0284465 -0.0299563
internal_weight=1.34851 0.909117 0.290783 0.618334 0.217323 0.480236 0.439396
internal_count=224 69 27 42 21 31 155
is_linear=0
shrinkage=0.03


Tree=52
num_leaves=8
num_cat=0
split_feature=33 18 14 26 24 3 19
split_gain=0.650924 0.162515 0.0940162 0.0559284 0.056764 0.0470625 0.0627274
threshold=0.41630247121791741 0.73278292978851922 1.0000000180025095e-35 0.73925000000000007 0.63750000000000007 0.94775846251430218 0.98500000000000021
decision_type=2 2 2 2 2 2 2
left_child=-1 -2 3 4 -3 -5 -7
right_child=1 2 -4 5 -6 6 -8
leaf_value=-0.031408324389577316 -0.03345128185520372 0.00205776960372201 0.026897497047457471 -0.020958620948254358 0.034501209956509647 -0.01342346832255656 0.026404906659022901
leaf_weight=0.39576866058632731 0.059816544177010655 0.092376983491703868 0.46704923635115847 0.082102830638177693 0.1022688114317134 0.067591285100206733 0.075166228867601603
leaf_count=139 13 7 31 8 9 6 11
internal_value=0.000898757 0.0144094 0.0176386 0.00733046 0.0191039 -0.00286095 0.0075474
internal_weight=1.34214 0.946372 0.886555 0.419506 0.194646 0.22486 0.142758
internal_count=224 85 72 41 16 25 17
is_linear=0
shrinkage=0.03


Tree=53
num_leaves=8
num_cat=0
split_feature=11 18 14 25 32 0 3
split_gain=0.609774 0.160909 0.0733505 0.061041 0.053726 0.0225998 0.0131089
threshold=0.50000000000000011 0.99080036666090709 1.0000000180025095e-35 0.81500000000000006 0.076556462000858763 0.94300000000000006 0.90514385630707273
decision_type=2 2 2 2 2 2 2
left_child=6 3 4 5 -3 -2 -1
right_child=1 2 -4 -5 -6 -7 -8
leaf_value=-0.03136095381128115 0.012759993591250747 0.024917902992754523 0.032367136111580409 -0.03299319363241654 -0.0020816446958126268 -0.0076764257545170389 -0.0087408199780329137
leaf_weight=0.39477261994034052 0.09420255571603775 0.12968975119292736 0.32482351921498775 0.057435082038864493 0.13577211461961269 0.1008266662247479 0.024488167488016188
leaf_count=145 11 10 17 14 8 8 14
internal_value=-0.00047452 0.0142339 0.0228069 -0.00581045 0.0111088 0.00219473 -0.0300398
internal_weight=1.26201 0.84275 0.590285 0.252464 0.265462 0.195029 0.419261
internal_count=227 68 35 33 18 19 159
is_linear=0
shrinkage=0.03


Tree=54
num_leaves=8
num_cat=0
split_feature=11 18 14 25 33 5 32
split_gain=0.610205 0.105649 0.0884321 0.067545 0.0197812 0.0176195 0.00847567
threshold=0.50000000000000011 0.99080036666090709 1.0000000180025095e-35 0.74500000000000011 0.70198116557659307 0.63983333333333337 0.082746216819647736
decision_type=2 2 2 2 2 2 2
left_child=6 3 5 -2 -5 -3 -1
right_child=1 2 -4 4 -6 -7 -8
leaf_value=-0.031332075256085279 0.012577232012997571 0.00098304000019514416 0.032318653974771523 -0.031329027231450118 -0.0055889563475558009 0.016911420013058034 -0.01250164060429892
leaf_weight=0.37558600655756891 0.13470604969188571 0.13057013601064682 0.32559478655457497 0.057381293678190559 0.050535149872303009 0.11989205982536077 0.022819819743745029
leaf_count=144 13 8 18 15 3 9 12
internal_value=0.000196865 0.0150154 0.0220094 -0.00159058 -0.0192755 0.00860769 -0.0302535
internal_weight=1.21709 0.818679 0.576057 0.242622 0.107916 0.250462 0.398406
internal_count=222 66 35 31 18 17 156
is_linear=0
shrinkage=0.03


Tree=55
num_leaves=8
num_cat=0
split_feature=33 12 18 33 14 0 24
split_gain=0.558643 0.125507 0.0731907 0.0658594 0.056497 0.0553985 0.0228484
threshold=0.43857513725531488 0.89250000000000007 0.9849571091457725 0.48961023430066986 1.0000000180025095e-35 0.90550000000000008 0.69000000000000006
decision_type=2 2 2 2 2 2 2
left_child=-1 2 3 -2 5 -4 -5
right_child=1 -3 4 6 -6 -7 -8
leaf_value=-0.031265626550111968 0.02184622698737192 0.032308599565716037 -0.0096761519700204347 -0.033264263241653484 0.030960483839337329 0.019777329792168872 -0.0088236079490790764
leaf_weight=0.33846246637403965 0.049269201350398362 0.25047355331480503 0.10828146664425731 0.056230104528367519 0.12560205435147509 0.12248697207542136 0.088772791787050664
leaf_count=135 7 11 7 13 13 13 12
internal_value=0.00104971 0.0147026 0.00669402 -0.00811956 0.0147695 0.00595713 -0.0183014
internal_weight=1.13958 0.801116 0.550643 0.194272 0.35637 0.230768 0.145003
internal_count=211 76 65 32 33 20 25
is_linear=0
shrinkage=0.03


Tree=56
num_leaves=8
num_cat=0
split_feature=33 18 33 25 27 4 4
split_gain=0.541694 0.0995477 0.0695567 0.0306493 0.0276588 0.0254296 0.0115058
threshold=0.46798125065637791 0.9849571091457725 0.5484833367944143 0.74500000000000011 0.89000000000000012 0.74531437106514564 0.73951670488735644
decision_type=2 2 2 2 2 2 2
left_child=5 3 -3 -2 -4 -1 -5
right_child=1 2 4 6 -6 -7 -8
leaf_value=-0.03069233555338121 0.0087610320919349217 8.0662366684431308e-05 0.015390537519174618 -0.02554456156839207 0.032763172257987791 0.0037889836309906318 -0.0036491774826332255
leaf_weight=0.36310711840633303 0.088099524553399533 0.10094531578943133 0.11463870876468718 0.050840415002312511 0.29401130165206268 0.020326833473518491 0.037555950460955501
leaf_count=143 11 10 11 11 19 5 5
internal_value=-0.000305044 0.0156558 0.022381 -0.00376157 0.0278896 -0.0288644 -0.0162421
internal_weight=1.06953 0.686091 0.509595 0.176496 0.40865 0.383434 0.0883964
internal_count=215 67 40 27 30 148 16
is_linear=0
shrinkage=0.03


Tree=57
num_leaves=8
num_cat=0
split_feature=33 12 18 33 26 14 19
split_gain=0.51684 0.121247 0.0888968 0.0497425 0.0540811 0.058111 0.0239994
threshold=0.41630247121791741 0.89250000000000007 0.73278292978851922 0.68863989354489452 0.72465000000000013 1.0000000180025095e-35 0.98500000000000021
decision_type=2 2 2 2 2 2 2
left_child=-1 2 -2 4 -4 6 -6
right_child=1 -3 3 -5 5 -7 -8
leaf_value=-0.031179288922687183 -0.032882925531367714 0.031147161282441722 0.030787308513462397 -0.013512494664025433 -0.010903612938220768 0.029761706972507903 0.0077205044865242762
leaf_weight=0.32341696764342487 0.048382874811068177 0.24723416846245527 0.11764248419785872 0.072348128305748105 0.10302480403333902 0.078760288772173226 0.15742516133468598
leaf_count=142 13 13 13 6 11 11 18
internal_value=0.00096335 0.0135667 0.00604141 0.00960012 0.0132603 0.00718168 0.000353462
internal_weight=1.14823 0.824818 0.577584 0.529201 0.456853 0.33921 0.26045
internal_count=227 85 72 59 53 40 29
is_linear=0
shrinkage=0.03


Tree=58
num_leaves=8
num_cat=0
split_feature=3 12 24 27 8 26 8
split_gain=0.470716 0.0993827 0.0308859 0.0359894 0.0354783 0.0296231 0.0269805
threshold=0.90514385630707273 0.89250000000000007 0.61875000000000013 0.96500000000000019 0.35600000000000004 0.73925000000000007 0.83050000000000013
decision_type=2 2 2 2 2 2 2
left_child=6 2 3 -2 -4 -6 -1
right_child=1 -3 4 -5 5 -7 -8
leaf_value=-0.030658648177309344 -0.017884262889900505 0.030875686051905056 0.034565550164119045 0.010195513028098234 0.023342065741801171 0.0012867442736657737 0.0048096499782441767
leaf_weight=0.34741856739856303 0.087004514411091805 0.2036380092613399 0.049947658320888877 0.077826280845329165 0.074560890207067132 0.2068860664148815 0.020437948929611593
leaf_count=147 13 12 6 9 12 25 6
internal_value=-0.00121293 0.0132283 0.00598629 -0.00462615 0.0112648 0.00712964 -0.028688
internal_weight=1.06772 0.699863 0.496225 0.164831 0.331395 0.281447 0.367857
internal_count=230 77 65 22 43 37 153
is_linear=0
shrinkage=0.03


Tree=59
num_leaves=8
num_cat=0
split_feature=33 18 27 27 5 12 8
split_gain=0.48461 0.121067 0.0904279 0.0624094 0.0350185 0.0261146 0.00628724
threshold=0.46798125065637791 0.94780689246108951 0.65000000000000013 0.96500000000000019 0.52020000000000011 0.60250000000000015 0.49400000000000005
decision_type=2 2 2 2 2 2 2
left_child=5 3 -3 -2 -4 -1 -6
right_child=1 2 4 -5 6 -7 -8
leaf_value=-0.03050101938287509 -0.028108650183038892 -0.0045511377656114937 0.0097570904508929284 0.016693584649319276 0.025718512240772314 0.0032774059928428155 0.033642754319652628
leaf_weight=0.32656439603306353 0.078456354443915188 0.10361841600388288 0.091235371306538582 0.043496952159330249 0.1500431441818364 0.021985876723192632 0.22560923988930881
leaf_count=146 18 8 8 7 17 4 17
internal_value=0.000480246 0.0150022 0.0208019 -0.0121291 0.0264286 -0.0283703 0.0304777
internal_weight=1.04101 0.692459 0.570506 0.121953 0.466888 0.34855 0.375652
internal_count=225 75 50 25 42 150 34
is_linear=0
shrinkage=0.03


Tree=60
num_leaves=8
num_cat=0
split_feature=33 27 14 4 3 33 12
split_gain=0.491371 0.110145 0.0489516 0.043179 0.0284692 0.0144226 0.00460893
threshold=0.46798125065637791 0.89000000000000012 1.0000000180025095e-35 0.66609291026554684 0.95678376746407745 0.5675713781758952 0.72750000000000015
decision_type=2 2 2 2 2 2 2
left_child=4 2 5 -3 -1 -2 -5
right_child=1 3 -4 6 -6 -7 -8
leaf_value=-0.0304176077737272 -0.023272425412650323 0.0070080575231310574 0.017403220206662171 0.024843731643317251 0.0065598932420081451 -0.003447649192990565 0.032060759364104588
leaf_weight=0.31752821151167154 0.062030937988311052 0.097631033859215677 0.076599604915827513 0.12188836955465376 0.019914068165235221 0.070635109033901244 0.22975693619810045
leaf_count=147 9 13 8 18 5 9 15
internal_value=0.0012015 0.0162852 -0.0016919 0.0246586 -0.0282354 -0.0127172 0.0295592
internal_weight=0.995984 0.658542 0.209266 0.449276 0.337442 0.132666 0.351645
internal_count=224 72 26 46 152 18 33
is_linear=0
shrinkage=0.03


Tree=61
num_leaves=8
num_cat=0
split_feature=33 18 12 24 26 18 29
split_gain=0.435888 0.153481 0.0650345 0.0491032 0.0539212 0.038335 0.00600364
threshold=0.41630247121791741 0.89073198585638114 0.60250000000000015 0.61875000000000013 0.74215000000000009 0.99963031424974969 1.0000000180025095e-35
decision_type=2 2 2 2 2 2 2
left_child=-1 -2 3 -3 -5 -4 -6
right_child=1 2 5 4 6 -7 -8
leaf_value=-0.031053517195841589 -0.030198291275960982 -0.014085433033738427 0.0095744671471820319 0.032994271030503043 -0.0042637077828308343 0.032033006170098813 0.0086340938007090483
leaf_weight=0.29858807800337672 0.069075868639629334 0.076966700609773397 0.094753869576379657 0.081709482241421938 0.067944270092993975 0.24596710223704576 0.062229590490460396
leaf_count=154 22 8 11 9 8 16 8
internal_value=-0.000714438 0.0122519 0.0169095 0.00643738 0.0138923 0.0257873 0.00190208
internal_weight=0.997235 0.698647 0.629571 0.28885 0.211883 0.340721 0.130174
internal_count=236 82 60 33 25 27 16
is_linear=0
shrinkage=0.03


Tree=62
num_leaves=8
num_cat=0
split_feature=3 18 14 25 8 5 12
split_gain=0.406945 0.0955339 0.0597903 0.0485232 0.0313831 0.0262413 0.0166713
threshold=0.90514385630707273 0.9849571091457725 1.0000000180025095e-35 0.69500000000000006 0.84650000000000014 0.68200000000000016 0.72750000000000015
decision_type=2 2 2 2 2 2 2
left_child=4 3 5 -2 -1 -3 -5
right_child=1 2 -4 6 -6 -7 -8
leaf_value=-0.030462226091329331 0.012897575456973814 0.0006893487738690912 0.030046033292439205 -0.032279336070792114 0.012306865588846017 0.022844860180033906 -0.0078048816643044167
leaf_weight=0.30452609981875867 0.071741850057151169 0.13755365723045543 0.25322686671279371 0.047614791430532932 0.016265884099993855 0.073994814767502248 0.05285305465804413
leaf_count=149 10 12 21 17 4 9 7
internal_value=-0.000738026 0.0131392 0.0202112 -0.00594734 -0.0282936 0.00843884 -0.0194041
internal_weight=0.957777 0.636985 0.464775 0.17221 0.320792 0.211548 0.100468
internal_count=229 76 42 34 153 21 24
is_linear=0
shrinkage=0.03


Tree=63
num_leaves=8
num_cat=0
split_feature=33 18 14 19 32 33 32
split_gain=0.375182 0.11569 0.0550784 0.0495257 0.0371604 0.0259916 0.025396
threshold=0.41630247121791741 0.99080036666090709 1.0000000180025095e-35 0.98500000000000021 0.076556462000858763 0.51318197198805093 0.07105851413543722
decision_type=2 2 2 2 2 2 2
left_child=-1 3 4 -2 -3 -5 -7
right_child=1 2 -4 5 -6 6 -8
leaf_value=-0.030991990088341848 -0.024428324922379903 0.023234144705375756 0.031207577967517077 0.024828637494878233 -0.0034747536886871413 0.011075595307988613 -0.02311547180108868
leaf_weight=0.25957284145988524 0.082456814125180244 0.089125958271324635 0.22390058491146192 0.041892651410307735 0.098913846421055496 0.043170946650207043 0.035735996440052986
leaf_count=146 18 9 20 8 9 4 13
internal_value=-0.000745653 0.0120163 0.0211547 -0.00650437 0.00918457 0.00573037 -0.00440912
internal_weight=0.87477 0.615197 0.41194 0.203256 0.18804 0.1208 0.0789069
internal_count=227 81 38 43 18 25 17
is_linear=0
shrinkage=0.03


Tree=64
num_leaves=8
num_cat=0
split_feature=11 12 4 26 33 18 25
split_gain=0.358101 0.0957531 0.0481947 0.0377659 0.0202108 0.0190995 0.0231143
threshold=0.50000000000000011 0.89250000000000007 0.63623655866190287 0.72465000000000013 0.49934829625844385 0.99080036666090709 0.69500000000000006
decision_type=2 2 2 2 2 2 2
left_child=4 2 -2 -4 -1 6 -5
right_child=1 -3 3 5 -6 -7 -8
leaf_value=-0.030991822062533508 0.033607744643713952 0.030610086503167409 0.016188636402808602 0.0024661064031481299 0.0085831768242919139 0.002528212444302627 -0.024096160778009339
leaf_weight=0.24897464644163847 0.047459591878578067 0.18730084504932165 0.1141063894610852 0.04994674795307219 0.012182364240288734 0.16091346461325884 0.071969175944104791
leaf_count=145 7 13 15 6 8 13 14
internal_value=0.000402904 0.012619 0.00503618 0.00162002 -0.0291457 -0.00425763 -0.0132141
internal_weight=0.892853 0.631696 0.444395 0.396936 0.261157 0.282829 0.121916
internal_count=221 68 55 48 153 33 20
is_linear=0
shrinkage=0.03


Tree=65
num_leaves=8
num_cat=0
split_feature=33 18 33 19 33 27 24
split_gain=0.372143 0.0767056 0.0827581 0.053857 0.0245608 0.0192113 0.00374245
threshold=0.41630247121791741 0.99080036666090709 0.52261811067721886 0.98500000000000021 0.51318197198805093 0.89000000000000012 0.76625000000000021
decision_type=2 2 2 2 2 2 2
left_child=-1 3 -3 6 -5 -4 -2
right_child=1 2 5 4 -6 -7 -8
leaf_value=-0.030935446851176256 -0.032343715236697441 -0.0041830258229175908 0.015228762492608208 0.025538458466379269 -0.0023718924862487999 0.03169274838819041 -0.01748701014738013
leaf_weight=0.24065723340027034 0.034953616443090141 0.097213624918367714 0.086743502411991358 0.04683190118521452 0.072005833557341248 0.24101827968843281 0.027084390167146921
leaf_count=148 12 9 9 9 15 22 5
internal_value=0.000625052 0.0131616 0.0201256 -0.00320071 0.0086271 0.0273355 -0.0258576
internal_weight=0.846508 0.605851 0.424975 0.180876 0.118838 0.327762 0.062038
internal_count=229 81 40 41 24 31 17
is_linear=0
shrinkage=0.03


Tree=66
num_leaves=8
num_cat=0
split_feature=33 27 4 32 18 19 4
split_gain=0.336644 0.0768988 0.0586053 0.0562472 0.0273451 0.0153776 0.00520835
threshold=0.43857513725531488 0.89000000000000012 0.66609291026554684 0.075305641478862886 0.99080036666090709 0.94500000000000017 0.64391514081929568
decision_type=2 2 2 2 2 2 2
left_child=-1 3 6 -2 -4 -5 -3
right_child=1 2 4 5 -6 -7 -8
leaf_value=-0.030921571589419532 0.019811372872816754 0.0091648834232041614 0.0092717139097916734 -0.0040075412099714203 0.032365555017018516 -0.023583063064472852 -0.0032453674180555094
leaf_weight=0.23016355931758881 0.067182445898652077 0.055494770989753306 0.058992405945900828 0.075228107627481222 0.21190016303444281 0.06946652487386018 0.067401039355900139
leaf_count=147 8 8 15 8 20 15 8
internal_value=-3.669e-05 0.0117001 0.0195412 -0.00287307 0.0273364 -0.0134056 0.0023586
internal_weight=0.835829 0.605665 0.393788 0.211877 0.270893 0.144695 0.122896
internal_count=229 82 51 31 35 23 16
is_linear=0
shrinkage=0.03


Tree=67
num_leaves=8
num_cat=0
split_feature=33 27 5 4 12 18 33
split_gain=0.365048 0.102689 0.0323392 0.0293103 0.0188395 0.00730001 0.00191553
threshold=0.46798125065637791 0.89000000000000012 0.70157500000000017 0.66609291026554684 0.60250000000000015 0.99520554755577428 0.45378554016459821
decision_type=2 2 2 2 2 2 2
left_child=4 2 -2 -3 6 -5 -1
right_child=1 3 -4 5 -6 -7 -8
leaf_value=-0.030897596348829506 -0.015817453389160841 0.0093423433057792365 0.011604394615479999 0.021221335930293548 0.0018907358821560413 0.032190151791265303 -0.020735876766583741
leaf_weight=0.22254173399414867 0.093303677393123507 0.088002603384666145 0.066145815886557102 0.074880382395349443 0.017751009669154882 0.20168923260644078 0.018049488076940179
leaf_count=149 12 14 12 14 4 18 2
internal_value=0.0012509 0.0156394 -0.00444181 0.0244221 -0.0279347 0.0292204 -0.0301353
internal_weight=0.782364 0.524022 0.159449 0.364572 0.258342 0.27657 0.240591
internal_count=225 70 24 46 155 32 151
is_linear=0
shrinkage=0.03


Tree=68
num_leaves=8
num_cat=0
split_feature=33 27 32 12 25 24 17
split_gain=0.333853 0.0961159 0.0409606 0.0274737 0.0281671 0.0308451 0.0192447
threshold=0.41630247121791741 0.89000000000000012 0.075305641478862886 0.72750000000000015 0.84500000000000008 0.70500000000000018 0.37500000000000006
decision_type=2 2 2 2 2 2 2
left_child=-1 2 -2 4 6 -6 -3
right_child=1 3 -4 -5 5 -7 -8
leaf_value=-0.030865283526273015 0.017136558545105506 0.034522331045962647 -0.012832394507173875 0.031917352530669692 -0.016532057815060487 0.020017880919936296 0.010485369236842849
leaf_weight=0.21484375291038305 0.058765517082065344 0.070586364832706749 0.1361205386929214 0.15451227861922234 0.041668744059279561 0.041453571640886366 0.052106701652519405
leaf_count=150 8 11 22 14 8 10 8
internal_value=0.000889287 0.0131769 -0.00379562 0.0223567 0.0151792 0.0016956 0.024314
internal_weight=0.770057 0.555214 0.194886 0.360328 0.205815 0.0831223 0.122693
internal_count=231 81 30 51 37 18 19
is_linear=0
shrinkage=0.03


Tree=69
num_leaves=8
num_cat=0
split_feature=3 12 18 33 14 26 32
split_gain=0.267052 0.0824191 0.0441929 0.0300407 0.0383116 0.0422354 0.0261898
threshold=0.86339437529046803 0.89250000000000007 0.89073198585638114 0.68863989354489452 1.0000000180025095e-35 0.69130000000000003 0.075707735247208946
decision_type=2 2 2 2 2 2 2
left_child=-1 2 -2 4 5 -4 -7
right_child=1 -3 3 -5 -6 6 -8
leaf_value=-0.030885898879054685 -0.019054343274994771 0.03161807593046833 0.031204055732156438 -0.012331631248010727 0.030324102566068781 0.0092652389874151898 -0.013734525466074241
leaf_weight=0.18915865861345083 0.063253739266656339 0.1271978123113513 0.046433147508651018 0.054608998587355018 0.075709756696596742 0.10108872735872865 0.079679472139105201
leaf_count=135 24 10 7 5 15 11 13
internal_value=-0.000152317 0.0104569 0.00405992 0.00814938 0.0118417 0.00568286 -0.000872656
internal_weight=0.73713 0.547972 0.420774 0.35752 0.302911 0.227201 0.180768
internal_count=220 85 75 51 46 31 24
is_linear=0
shrinkage=0.03


Tree=70
num_leaves=8
num_cat=0
split_feature=3 12 18 25 24 8 8
split_gain=0.275344 0.0755795 0.0359381 0.0487395 0.0436053 0.0181383 0.0145106
threshold=0.90514385630707273 0.89250000000000007 0.94780689246108951 0.69500000000000006 0.75125000000000008 0.54549999999999998 0.84650000000000014
decision_type=2 2 2 2 2 2 2
left_child=6 2 3 -2 5 -4 -1
right_child=1 -3 4 -5 -6 -7 -8
leaf_value=-0.030149659497285097 0.017844139007228799 0.030222555708445741 0.010910983702132853 -0.024531737372677605 0.02644743564090591 -0.0095693655334776213 0.0048064526539599254
leaf_weight=0.20594852435169742 0.037386710522696376 0.14619979145936668 0.079975385800935328 0.070475682965479791 0.098482515255454928 0.07581317878793925 0.01127259514760226
leaf_count=141 8 13 12 20 17 8 3
internal_value=-6.42082e-05 0.0120167 0.00466673 -0.00984363 0.0108221 0.000944396 -0.0283356
internal_weight=0.725554 0.508333 0.362133 0.107862 0.254271 0.155789 0.217221
internal_count=222 78 65 28 37 20 144
is_linear=0
shrinkage=0.03


Tree=71
num_leaves=8
num_cat=0
split_feature=33 12 26 24 22 33 32
split_gain=0.25421 0.0784791 0.0318747 0.0293596 0.0197898 0.0247651 0.0150603
threshold=0.41630247121791741 0.89250000000000007 0.72465000000000013 0.63750000000000007 0.55600000000000016 0.60380473941483426 0.075707735247208946
decision_type=2 2 2 2 2 2 2
left_child=-1 2 3 -2 5 -4 -6
right_child=1 -3 4 -5 6 -7 -8
leaf_value=-0.030808246900188685 -0.00082341097764610449 0.030091797911782368 0.026930208482154855 0.031161937114990018 0.0032573370501346229 -0.0061785760114195371 -0.012860274617791162
leaf_weight=0.1756825361517258 0.043816169258207083 0.13971434719860554 0.043482208740897477 0.062912389170378447 0.091603991808369756 0.038191593601368368 0.12122440815437585
leaf_count=140 8 13 11 11 12 8 24
internal_value=0.000545052 0.0107277 0.00398478 0.0180307 -0.00110552 0.0114482 -0.00592305
internal_weight=0.716628 0.540945 0.401231 0.106729 0.294502 0.0816738 0.212828
internal_count=227 87 74 19 55 19 36
is_linear=0
shrinkage=0.03


Tree=72
num_leaves=8
num_cat=0
split_feature=11 18 14 5 32 29 25
split_gain=0.223462 0.076624 0.0589328 0.028635 0.0201701 0.0222308 3.8546e-06
threshold=0.50000000000000011 0.99520554755577428 1.0000000180025095e-35 0.74358333333333348 0.070678113497552889 1.0000000180025095e-35 0.95500000000000007
decision_type=2 2 2 2 2 2 2
left_child=3 4 -3 6 -2 -6 -1
right_child=1 2 -4 -5 5 -7 -8
leaf_value=-0.03080789206794686 0.0075935651417792637 0.0043674679357133903 0.031565232978870782 0.013573111192899404 -0.002862215143791349 -0.032207197665305179 -0.031376241646985055
leaf_weight=0.16610021074302495 0.064033058006316423 0.12360521592199802 0.17075657099485397 0.014099618012551218 0.061037080362439156 0.037514681462198496 0.011482076719403267
leaf_count=135 8 13 19 13 12 13 7
internal_value=-0.00039002 0.0110147 0.0201446 -0.0275774 -0.0055153 -0.0140327 -0.0308446
internal_weight=0.648629 0.456947 0.294362 0.191682 0.162585 0.0985518 0.177582
internal_count=220 65 32 155 33 25 142
is_linear=0
shrinkage=0.03


Tree=73
num_leaves=8
num_cat=0
split_feature=3 12 18 27 25 26 0
split_gain=0.230529 0.0640578 0.0406181 0.0283422 0.0322164 0.0438821 0.0257217
threshold=0.86339437529046803 0.89250000000000007 0.89073198585638114 0.65000000000000013 0.67500000000000016 0.72465000000000013 0.84700000000000009
decision_type=2 2 2 2 2 2 2
left_child=-1 2 6 -4 -5 -6 -2
right_child=1 -3 3 4 5 -7 -8
leaf_value=-0.030812876712200715 0.010925653983779674 0.029898199161657063 -0.0067517256992078879 0.034696387856054833 0.030318876035001417 -0.0018995615444596342 -0.031928037628244706
leaf_weight=0.15939488273579627 0.018424614565446973 0.11891143978573382 0.077891276450827718 0.053040416561998427 0.055074423202313483 0.12306205212371424 0.039913636690471321
leaf_count=134 6 12 9 9 11 23 18
internal_value=0.000497436 0.0107597 0.00456546 0.00889914 0.0141724 0.00806141 -0.0183938
internal_weight=0.645713 0.486318 0.367406 0.309068 0.231177 0.178136 0.0583383
internal_count=222 88 76 52 43 34 24
is_linear=0
shrinkage=0.03


Tree=74
num_leaves=8
num_cat=0
split_feature=3 18 33 24 24 0 8
split_gain=0.230685 0.0864095 0.032855 0.0324759 0.0239181 0.019458 0.00169314
threshold=0.93250897134731148 0.99080036666090709 0.47421252157102234 0.69875000000000009 0.61875000000000013 0.96400000000000008 0.84650000000000014
decision_type=2 2 2 2 2 2 2
left_child=2 3 6 -2 -3 -5 -1
right_child=1 4 -4 5 -6 -7 -8
leaf_value=-0.030785398805830953 -0.032038117318269874 0.011312396457733593 -0.004384616031480609 0.018255606594945881 0.031798264391277732 -0.011637645709464281 -0.019817912106327547
leaf_weight=0.16131399298319593 0.032393370172940195 0.075022096280008554 0.061175417271442711 0.040159545780625194 0.16217069188132882 0.038274633814580739 0.013748073950409889
leaf_count=143 13 8 13 13 23 5 1
internal_value=-0.000430444 0.0151006 -0.0233105 -0.00676828 0.0253188 0.00366817 -0.0299241
internal_weight=0.584258 0.34802 0.236237 0.110828 0.237193 0.0784342 0.175062
internal_count=219 62 157 31 31 18 144
is_linear=0
shrinkage=0.03


Tree=75
num_leaves=8
num_cat=0
split_feature=3 18 14 32 18 4 8
split_gain=0.229009 0.0485209 0.0495156 0.0307904 0.030738 0.0376701 0.0155505
threshold=0.90514385630707273 0.9849571091457725 1.0000000180025095e-35 0.076556462000858763 0.73278292978851922 0.66609291026554684 0.90150000000000008
decision_type=2 2 2 2 2 2 2
left_child=6 4 3 -3 -2 -6 -1
right_child=1 2 -4 -5 5 -7 -8
leaf_value=-0.030012468460882763 -0.031933354066904382 0.021625743730887121 0.029761712481534721 -0.0062666264832676498 -0.021719345315282794 0.016963533576430458 0.0091865751807636425
leaf_weight=0.17531986790709198 0.027178734075278044 0.062172075267881155 0.16178402677178383 0.083401712472550571 0.034097689727786928 0.067526531871408224 0.0096073686145246029
leaf_count=147 12 9 24 11 6 17 2
internal_value=5.111e-07 0.0118622 0.0183397 0.00564573 -0.00359463 0.00398438 -0.027976
internal_weight=0.621088 0.436161 0.307358 0.145574 0.128803 0.101624 0.184927
internal_count=228 79 44 20 35 23 149
is_linear=0
shrinkage=0.03


Tree=76
num_leaves=8
num_cat=0
split_feature=3 12 18 33 14 26 24
split_gain=0.199386 0.0652376 0.0385558 0.0218131 0.037052 0.0327314 0.0313187
threshold=0.86339437529046803 0.89250000000000007 0.73278292978851922 0.68863989354489452 1.0000000180025095e-35 0.74215000000000009 0.63000000000000023
decision_type=2 2 2 2 2 2 2
left_child=-1 2 -2 4 5 6 -4
right_child=1 -3 3 -5 -6 -7 -8
leaf_value=-0.030748378935267034 -0.03187697268947149 0.029715544506653667 -0.0084243427946914511 -0.012796844255379065 0.031421702372647291 -0.0078888878560721808 0.030561401775361579
leaf_weight=0.14943088189465925 0.026609189808368683 0.10774071095511317 0.028071480570361018 0.047190711018629372 0.053923947678413242 0.10522697551641613 0.054649162746500224
leaf_count=144 12 12 4 6 15 21 13
internal_value=-0.000955526 0.00955899 0.00267942 0.00586046 0.00950062 0.00321125 0.0173315
internal_weight=0.572843 0.423412 0.315671 0.289062 0.241872 0.187948 0.0827206
internal_count=227 83 71 59 53 38 17
is_linear=0
shrinkage=0.03


Tree=77
num_leaves=8
num_cat=0
split_feature=3 18 14 18 19 25 8
split_gain=0.174479 0.0497894 0.0395495 0.0267586 0.0300829 0.0301098 0.00687145
threshold=0.86339437529046803 0.99520554755577428 1.0000000180025095e-35 0.73278292978851922 0.98500000000000021 0.77500000000000013 0.63050000000000017
decision_type=2 2 2 2 2 2 2
left_child=-1 3 6 -2 -5 -6 -3
right_child=1 2 -4 4 5 -7 -8
leaf_value=-0.030738802763434225 -0.031809702538962085 0.012682471563677654 0.030601738866700808 -0.01409607649315189 0.031586767231643866 -0.0046771264343005471 -0.0019705483655248399
leaf_weight=0.1327094699954614 0.025294938706792891 0.06042515579611063 0.11411085812142119 0.062315002782270312 0.041373936110176146 0.041052853513974696 0.055037856567651033
leaf_count=134 12 10 21 13 8 15 6
internal_value=-0.000934806 0.00896301 0.0180764 -0.00334141 0.00163368 0.0135255 0.0056978
internal_weight=0.53232 0.399611 0.229574 0.170037 0.144742 0.0824268 0.115463
internal_count=219 85 37 48 36 23 16
is_linear=0
shrinkage=0.03


Tree=78
num_leaves=8
num_cat=0
split_feature=33 18 33 24 5 19 3
split_gain=0.178991 0.067329 0.0346186 0.0241898 0.0217002 0.0171706 0.011669
threshold=0.46798125065637791 0.99080036666090709 0.52261811067721886 0.69000000000000006 0.68200000000000016 0.98500000000000021 0.95678376746407745
decision_type=2 2 2 2 2 2 2
left_child=6 3 -3 -2 -4 -5 -1
right_child=1 2 4 5 -6 -7 -8
leaf_value=-0.029810110726139653 -0.031823083006869111 -0.002621579973082374 0.012811617615859899 -0.016449163077844341 0.032053007257984704 0.012893554108569238 -0.0003255059170000915
leaf_weight=0.14930294529767707 0.032221300934907049 0.05712864629458636 0.093577060382813215 0.033163578482344747 0.12091237463755533 0.039121514011640102 0.013144016556907445
leaf_count=146 15 8 14 7 18 12 6
internal_value=-0.00110809 0.0102579 0.018131 -0.0102049 0.0236584 -0.000568551 -0.0274244
internal_weight=0.538571 0.376124 0.271618 0.104506 0.214489 0.0722851 0.162447
internal_count=226 74 40 34 32 19 152
is_linear=0
shrinkage=0.03


Tree=79
num_leaves=8
num_cat=0
split_feature=33 27 32 18 32 8 5
split_gain=0.175574 0.0427329 0.0316969 0.0292172 0.0199672 0.0150581 0.0120772
threshold=0.41630247121791741 0.89000000000000012 0.075305641478862886 0.9849571091457725 0.082087053571428578 0.49400000000000005 0.70157500000000017
decision_type=2 2 2 2 2 2 2
left_child=-1 2 -2 4 -3 -5 -4
right_child=1 3 6 5 -6 -7 -8
leaf_value=-0.03067637670256081 0.017728481345109414 -0.0074695972656237397 -0.021210483414081792 0.015181609550989766 0.024356761355381663 0.033831279354098971 -0.00019304172288095293
leaf_weight=0.12488823308376595 0.047620660334359854 0.052508945809677243 0.056212180992588401 0.069755578180775046 0.026794472360052168 0.08827247959561646 0.043763725552707911
leaf_count=140 9 14 12 14 9 13 10
internal_value=0.000231783 0.0102598 -0.00241533 0.0181425 0.00328367 0.0255991 -0.0120103
internal_weight=0.509816 0.384928 0.147597 0.237331 0.0793034 0.158028 0.0999759
internal_count=221 81 31 50 23 27 22
is_linear=0
shrinkage=0.03


Tree=80
num_leaves=8
num_cat=0
split_feature=3 12 24 18 33 19 32
split_gain=0.172582 0.0458185 0.0226425 0.0193444 0.0278115 0.0221525 0.0140384
threshold=0.86339437529046803 0.89250000000000007 0.61875000000000013 0.95908597788436833 0.48961023430066986 0.98500000000000021 0.082370901367317159
decision_type=2 2 2 2 2 2 2
left_child=-1 2 6 -4 -5 -6 -2
right_child=1 -3 3 4 5 -7 -8
leaf_value=-0.030692137689018337 -0.020595322265090754 0.029513290643041371 -0.0051373105951587252 -0.0085693005790340154 0.0050892604256056288 0.035438977010963386 0.0046102353989625625
leaf_weight=0.12130476249149069 0.042377195321023464 0.088625096483156085 0.050561373122036457 0.02951333555392921 0.03337423293851316 0.061588097887579352 0.03747170785209164
leaf_count=140 11 12 16 5 8 17 10
internal_value=6.95079e-05 0.0109324 0.00447178 0.010511 0.0168672 0.0247727 -0.00876679
internal_weight=0.464816 0.343511 0.254886 0.175037 0.124476 0.0949623 0.0798489
internal_count=219 79 67 46 30 25 21
is_linear=0
shrinkage=0.03


Tree=81
num_leaves=8
num_cat=0
split_feature=33 27 18 32 32 25 19
split_gain=0.16845 0.0470748 0.0330331 0.0251815 0.0249233 0.0139086 0.0121978
threshold=0.41630247121791741 0.89000000000000012 0.9849571091457725 0.075305641478862886 0.082087053571428578 0.87500000000000011 0.94500000000000017
decision_type=2 2 2 2 2 2 2
left_child=-1 3 4 -2 -3 -4 -5
right_child=1 2 5 6 -6 -7 -8
leaf_value=-0.030645181062771722 0.015788958901223157 -0.011745641900545676 0.032699419783180486 -0.0020610819741936869 0.025656531696972552 0.014680027625912823 -0.024121620078880107
leaf_weight=0.11655759054701775 0.041328019520733505 0.045265968306921422 0.10477201652247459 0.047792289173230529 0.024829846632201225 0.060996157000772655 0.042721609934233129
leaf_count=143 8 13 19 7 8 12 12
internal_value=0.000781308 0.0107431 0.0187684 -0.00361412 0.00150323 0.026069 -0.0124734
internal_weight=0.484263 0.367706 0.235864 0.131842 0.0700958 0.165768 0.0905139
internal_count=222 79 52 27 21 31 19
is_linear=0
shrinkage=0.03


Tree=82
num_leaves=8
num_cat=0
split_feature=33 12 18 27 25 8 0
split_gain=0.164916 0.0505972 0.0304111 0.0282337 0.0234638 0.0228441 0.0209881
threshold=0.46798125065637791 0.89250000000000007 0.94780689246108951 0.65000000000000013 0.6150000000000001 0.21500000000000005 0.96400000000000008
decision_type=2 2 2 2 2 2 2
left_child=-1 2 4 -4 -2 -5 -7
right_child=1 -3 3 5 -6 6 -8
leaf_value=-0.027262479721279809 0.015252271731125479 0.031301859742232076 -0.0064913727605700727 0.00068326916102363867 -0.02326361052910083 0.037728258154470271 0.0084970588738131347
leaf_weight=0.13921421603299677 0.019963311729952693 0.085994221270084381 0.059306744951754808 0.045110507868230343 0.049610693240538239 0.05836433096555993 0.035585342673584819
leaf_count=153 6 12 8 8 19 16 9
internal_value=0.000399498 0.0112799 0.0048539 0.0108395 -0.012212 0.0182308 0.0266563
internal_weight=0.493149 0.353935 0.267941 0.198367 0.069574 0.13906 0.0939497
internal_count=231 78 66 41 25 33 25
is_linear=0
shrinkage=0.03


Tree=83
num_leaves=8
num_cat=0
split_feature=33 12 24 15 0 29 8
split_gain=0.1615 0.0464039 0.0233061 0.0237666 0.0318297 0.0128744 0.0106186
threshold=0.47421252157102234 0.89250000000000007 0.61875000000000013 0.89478664416586307 0.96400000000000008 1.0000000180025095e-35 0.8630000000000001
decision_type=2 2 2 2 2 2 2
left_child=6 2 -2 -4 5 -5 -1
right_child=1 -3 3 4 -6 -7 -8
leaf_value=-0.029739151604789987 -0.0078996353662808012 0.031279974679888578 -0.0089341108689598332 0.045767628932423365 -0.0016040052075896123 0.019674432074477027 0.0069959216256623982
leaf_weight=0.12307776004308835 0.080116808821912855 0.083430246915668249 0.035940496949478984 0.031619153916835785 0.041375226806849241 0.0368539709597826 0.0075142504065297535
leaf_count=144 22 12 4 11 9 11 4
internal_value=0.00034982 0.0121601 0.00509885 0.012242 0.0191705 0.0317236 -0.0276254
internal_weight=0.439928 0.309336 0.225906 0.145789 0.109848 0.0684731 0.130592
internal_count=217 69 57 35 31 22 148
is_linear=0
shrinkage=0.03


Tree=84
num_leaves=8
num_cat=0
split_feature=3 17 18 26 18 25 5
split_gain=0.158873 0.0395246 0.0310673 0.0352188 0.0241315 0.0289789 0.00623183
threshold=0.87451448959296352 0.37500000000000006 0.9849571091457725 0.74215000000000009 0.99080036666090709 0.78500000000000014 0.69545000000000012
decision_type=2 2 2 2 2 2 2
left_child=-1 4 -3 -4 5 -2 -6
right_child=1 2 3 -5 6 -7 -8
leaf_value=-0.030644659318770761 0.023655110285994273 -0.026404714431033444 0.032323101496287768 -0.0043593976353392674 0.018875330453973105 -0.014837480509317814 0.032835832822761667
leaf_weight=0.10493915120605379 0.038833878817968071 0.032235492661129683 0.034252628916874528 0.075429792224895209 0.043892135145142674 0.032195788924582303 0.083569915441330522
leaf_count=143 8 17 8 14 9 11 15
internal_value=0.00162751 0.0115762 -0.000513298 0.00709615 0.0202199 0.00620748 0.0280285
internal_weight=0.445349 0.34041 0.141918 0.109682 0.198492 0.0710297 0.127462
internal_count=225 82 39 22 43 19 24
is_linear=0
shrinkage=0.03


Tree=85
num_leaves=8
num_cat=0
split_feature=33 12 0 25 11 17 33
split_gain=0.127518 0.0435251 0.0133361 0.0201957 0.0148542 0.0150868 0.00753458
threshold=0.41630247121791741 0.89250000000000007 0.94300000000000006 0.87500000000000011 0.6428571428571429 0.37500000000000006 0.67272447728396279
decision_type=2 2 2 2 2 2 2
left_child=-1 2 3 4 5 -2 -4
right_child=1 -3 6 -5 -6 -7 -8
leaf_value=-0.030595957790788886 0.020157715155591029 0.029293621558276799 0.00074617948616773826 -0.0062500334696198182 0.030333343703825736 -0.012991038175425665 -0.017382508701366779
leaf_weight=0.097374753706390038 0.02870682452339679 0.07170220697298646 0.048529484600294381 0.055417035473510623 0.040232658851891756 0.021695462986826897 0.035894636297598481
leaf_count=142 11 12 13 16 11 8 6
internal_value=-0.000740161 0.00888065 0.00253008 0.00801667 0.0167398 0.00588897 -0.0069616
internal_weight=0.399553 0.302178 0.230476 0.146052 0.0906349 0.0504023 0.0844241
internal_count=219 77 65 46 30 19 19
is_linear=0
shrinkage=0.03


Tree=86
num_leaves=8
num_cat=0
split_feature=33 27 17 32 26 18 8
split_gain=0.13905 0.0514549 0.0312096 0.0250166 0.022247 0.00806949 0.0035243
threshold=0.41630247121791741 0.89000000000000012 0.37500000000000006 0.075305641478862886 0.73925000000000007 0.99963031424974969 0.45150000000000007
decision_type=2 2 2 2 2 2 2
left_child=-1 3 6 -2 -4 -5 -3
right_child=1 2 4 5 -6 -7 -8
leaf_value=-0.030578727824597737 0.015417580788254845 0.023448645593802379 0.025842775541809273 -0.022613122969913531 -0.0089544348327357456 -0.0024433790953766756 0.034238276762468552
leaf_weight=0.094768811395624653 0.036578049242962152 0.043207524344325066 0.027379199513234198 0.046222595265135169 0.041752222983632237 0.029085333924740553 0.073754190932959318
leaf_count=146 8 13 8 16 14 4 15
internal_value=0.00107395 0.0111407 0.0208071 -0.0049368 0.00482685 -0.0148232 0.0302524
internal_weight=0.392748 0.297979 0.186093 0.111886 0.0691314 0.0753079 0.116962
internal_count=224 78 50 28 22 20 28
is_linear=0
shrinkage=0.03


Tree=87
num_leaves=8
num_cat=0
split_feature=3 27 4 32 8 13 26
split_gain=0.136003 0.0301385 0.0377966 0.02365 0.0182194 0.00490983 0.00548436
threshold=0.90514385630707273 0.89000000000000012 0.66609291026554684 0.077052142488384115 0.87500000000000011 0.97500000000000009 0.74575000000000002
decision_type=2 2 2 2 2 2 2
left_child=4 3 -3 -2 -1 6 -4
right_child=1 2 5 -5 -6 -7 -8
leaf_value=-0.029968352123821908 0.016993469758130091 -0.0033005877008378745 0.027347577528475414 -0.013997026954414351 0.017023940480589025 0.031519533918905308 0.0098311420092322167
leaf_weight=0.11336432327516377 0.034702139906585217 0.054962364316452295 0.039565757208038121 0.061331804259680212 0.0079459253465756774 0.072109051630832255 0.027109615097288042
leaf_count=152 11 14 12 15 3 12 11
internal_value=-0.000220979 0.0109435 0.017755 -0.00279852 -0.0268903 0.0260936 0.0202256
internal_weight=0.411091 0.289781 0.193747 0.0960339 0.12131 0.138784 0.0666754
internal_count=230 75 49 26 155 35 23
is_linear=0
shrinkage=0.03


Tree=88
num_leaves=8
num_cat=0
split_feature=3 12 33 5 0 0 32
split_gain=0.113281 0.0407745 0.0197555 0.02436 0.023877 0.0149062 0.0134311
threshold=0.86339437529046803 0.89250000000000007 0.68863989354489452 0.70157500000000017 0.84700000000000009 0.9235000000000001 0.071550463188688448
decision_type=2 2 2 2 2 2 2
left_child=-1 2 3 6 -5 -6 -2
right_child=1 -3 -4 4 5 -7 -8
leaf_value=-0.030663642362125071 0.013538974945211816 0.029126600514321577 -0.019196621088806754 0.041424517698144966 -0.011822989099817799 0.023286246768764941 -0.0065684438635245698
leaf_weight=0.083404359174892306 0.041805549059063196 0.068430448649451137 0.031544840428978205 0.029123755695763975 0.021037297206930816 0.022548858600202948 0.10496662897639908
leaf_count=130 13 13 7 6 7 10 32
internal_value=0.000470235 0.00859871 0.00300276 0.00619335 0.0203933 0.00634042 -0.000841189
internal_weight=0.402862 0.319457 0.251027 0.219482 0.0727099 0.0435862 0.146772
internal_count=218 88 75 68 23 17 45
is_linear=0
shrinkage=0.03


Tree=89
num_leaves=8
num_cat=0
split_feature=3 18 14 8 24 25 27
split_gain=0.102612 0.0356382 0.038783 0.0182504 0.0170964 0.0212556 0.00790422
threshold=0.90514385630707273 0.9849571091457725 1.0000000180025095e-35 0.87500000000000011 0.69875000000000009 0.74500000000000011 0.89000000000000012
decision_type=2 2 2 2 2 2 2
left_child=3 4 6 -1 -2 -6 -3
right_child=1 2 -4 -5 5 -7 -8
leaf_value=-0.029896594682217694 -0.032002335643859313 -0.0068773371604402079 0.029716254782601093 0.017537943343505155 0.019187377968102666 -0.017426981853846651 0.01029414140051625
leaf_weight=0.10392188664991409 0.021353606251068413 0.046581455389969051 0.085959238233044744 0.0078516043722629547 0.026454548584297299 0.030980556563008577 0.050046977296005934
leaf_count=150 14 7 22 3 6 14 12
internal_value=-0.00250746 0.00778017 0.015057 -0.0265645 -0.0090834 -0.000562447 0.00201632
internal_weight=0.37315 0.261376 0.182588 0.111773 0.0787887 0.0574351 0.0966284
internal_count=228 75 41 153 34 20 19
is_linear=0
shrinkage=0.03


Tree=90
num_leaves=8
num_cat=0
split_feature=3 18 14 25 32 8 24
split_gain=0.115348 0.0408596 0.0457689 0.0316326 0.0109136 0.00579586 0.0020894
threshold=0.86339437529046803 0.99080036666090709 1.0000000180025095e-35 0.69500000000000006 0.076556462000858763 0.77250000000000008 0.79375000000000007
decision_type=2 2 2 2 2 2 2
left_child=-1 3 4 -2 -3 6 -5
right_child=1 2 -4 5 -6 -7 -8
leaf_value=-0.030614398314129598 0.013001825419954783 0.012395664083751748 0.031462588104236591 -0.032212966742786772 -0.0073449172011475963 -0.0038871538139642683 -0.018729532354752047
leaf_weight=0.083561156352516264 0.042214984190650284 0.051793661608826369 0.099520651274360716 0.025433379283640534 0.049099419033154845 0.013037934375461191 0.017433188040740788
leaf_count=143 13 12 22 16 8 8 7
internal_value=0.000541175 0.0092618 0.0170276 -0.0066002 0.00278895 -0.0214022 -0.0267295
internal_weight=0.382094 0.298533 0.200414 0.0981195 0.100893 0.0559045 0.0428666
internal_count=229 86 42 44 20 31 23
is_linear=0
shrinkage=0.03


Tree=91
num_leaves=8
num_cat=0
split_feature=20 33 14 18 26 24 19
split_gain=0.104856 0.0367096 0.0303918 0.027087 0.00900496 0.0269442 0.0132389
threshold=0.99166666666666681 0.41630247121791741 1.0000000180025095e-35 0.99080036666090709 0.74215000000000009 0.63000000000000023 0.98500000000000021
decision_type=2 2 2 2 2 2 2
left_child=-1 -2 4 -4 5 -3 -6
right_child=1 2 3 -5 6 -7 -8
leaf_value=-0.030855749630958346 -0.03055008970323228 -0.0092611996803275039 0.0005650162899405014 0.032151822142178127 -0.016288776732226857 0.029252101358853311 0.0087442297590387876
leaf_weight=0.07587869162671268 0.019742489734198898 0.031613677856512368 0.034326065564528108 0.084785774117335677 0.040406789979897439 0.033858442213386297 0.035912917053792626
leaf_count=115 40 6 11 18 7 13 12
internal_value=0.000433313 0.00889298 0.0118776 0.023049 0.00249312 0.0106557 -0.00450927
internal_weight=0.356525 0.280646 0.260904 0.119112 0.141792 0.0654721 0.0763197
internal_count=222 107 67 29 38 19 19
is_linear=0
shrinkage=0.03


Tree=92
num_leaves=8
num_cat=0
split_feature=33 18 5 19 29 32 4
split_gain=0.0996916 0.0294183 0.0448362 0.0323065 0.0204112 0.0190312 0.000664833
threshold=0.41630247121791741 0.99080036666090709 0.68200000000000016 0.98500000000000021 1.0000000180025095e-35 0.076556462000858763 0.6989765085813372
decision_type=2 2 2 2 2 2 2
left_child=-1 3 5 6 -5 -3 -2
right_child=1 2 -4 4 -6 -7 -8
leaf_value=-0.030548015034139273 -0.023784701389254374 0.016487488277335406 0.033477518486443501 0.027637633140320601 -0.009358228126409962 -0.012534490889143201 -0.032267935188369276
leaf_weight=0.076300397311570123 0.015486129967030138 0.038691725232638419 0.074062880536075681 0.0269675716990605 0.026720058172941208 0.042863580165430903 0.017953636648599058
leaf_count=146 6 11 19 13 10 7 10
internal_value=-0.000636649 0.00876517 0.0165797 -0.00519231 0.00922498 0.00123421 -0.0283393
internal_weight=0.319046 0.242746 0.155618 0.0871274 0.0536876 0.0815553 0.0334398
internal_count=222 76 37 39 23 18 16
is_linear=0
shrinkage=0.03


Tree=93
num_leaves=8
num_cat=0
split_feature=33 18 19 24 18 0 5
split_gain=0.0861545 0.021964 0.0237044 0.0219942 0.0189257 0.0126725 0.00772145
threshold=0.41630247121791741 0.89073198585638114 0.98500000000000021 0.61875000000000013 0.99963031424974969 0.90550000000000008 0.5495000000000001
decision_type=2 2 2 2 2 2 2
left_child=-1 5 4 -4 -3 -2 -5
right_child=1 2 3 6 -6 -7 -8
leaf_value=-0.030529693362135867 0.0076103221172414961 -0.015602517455953846 -0.0017269905379365506 0.013494077141537416 0.016702380899582998 -0.031864872001680672 0.033204106059963788
leaf_weight=0.072489371115807444 0.012090569420251995 0.041552270937245339 0.032449981430545449 0.025546747026965022 0.026879353448748589 0.018546011706348509 0.059670112503226846
leaf_count=146 7 14 6 6 7 13 21
internal_value=-0.00221773 0.00725152 0.0111264 0.0192916 -0.00291343 -0.0162862 0.0272953
internal_weight=0.289224 0.216735 0.186098 0.117667 0.0684316 0.0306366 0.0852169
internal_count=220 74 54 33 21 20 27
is_linear=0
shrinkage=0.03


Tree=94
num_leaves=8
num_cat=0
split_feature=33 14 18 26 24 19 26
split_gain=0.0934305 0.033242 0.0347313 0.0120843 0.0222684 0.0176729 0.00506325
threshold=0.41630247121791741 1.0000000180025095e-35 0.99080036666090709 0.91425000000000012 0.61875000000000013 0.98500000000000021 0.73550000000000015
decision_type=2 2 2 2 2 2 2
left_child=-1 3 -3 4 6 -6 -2
right_child=1 2 -4 -5 5 -7 -8
leaf_value=-0.030510829663576971 -0.019222529882423491 -0.0040529739780432615 0.031214543750531606 -0.016234059866991991 -0.0031240792238404636 0.029578048098897122 -6.3694677697188315e-05
leaf_weight=0.067147597612347454 0.027673247619532049 0.035732007236219943 0.084709736402146518 0.033915219479240477 0.025056635146029294 0.036594869452528656 0.022515334305353463
leaf_count=142 7 15 22 8 10 16 9
internal_value=0.00111232 0.00908919 0.0207516 -0.000547766 0.00420906 0.0162871 -0.0106276
internal_weight=0.333345 0.266197 0.120442 0.145755 0.11184 0.0616515 0.0501886
internal_count=229 87 37 50 42 26 16
is_linear=0
shrinkage=0.03


Tree=95
num_leaves=8
num_cat=0
split_feature=20 14 18 27 8 26 18
split_gain=0.0921962 0.0342534 0.0252948 0.0136756 0.0153927 0.020987 0.0114294
threshold=0.99166666666666681 1.0000000180025095e-35 0.9849571091457725 0.65000000000000013 0.22950000000000004 0.92825000000000002 0.96906522825676744
decision_type=2 2 2 2 2 2 2
left_child=-1 3 -3 -2 -5 6 -6
right_child=1 2 -4 4 5 -7 -8
leaf_value=-0.030750237852988974 -0.014533649690513297 -0.003698003899774276 0.029576900004716924 -0.014939467568254407 0.004105159598081662 -0.013814388578886264 0.032051497692227343
leaf_weight=0.06610821103095077 0.04419613114441745 0.027178027463378385 0.084446746768662706 0.025119392579654232 0.021043916116468608 0.020573242858517915 0.035204470012104139
leaf_count=121 14 15 27 14 14 4 16
internal_value=0.000856089 0.00896217 0.0214752 -0.000595766 0.00544695 0.012113 0.0215961
internal_weight=0.32387 0.257762 0.111625 0.146137 0.101941 0.0768216 0.0562484
internal_count=225 104 42 62 48 34 30
is_linear=0
shrinkage=0.03


Tree=96
num_leaves=8
num_cat=0
split_feature=33 27 4 32 18 32 25
split_gain=0.0851492 0.0357637 0.022189 0.0230727 0.0181924 0.014229 0.0131908
threshold=0.41630247121791741 0.89000000000000012 0.66609291026554684 0.074515813788201865 0.99080036666090709 0.075707735247208946 0.77500000000000013
decision_type=2 2 2 2 2 2 2
left_child=-1 5 3 -3 6 -2 -4
right_child=1 2 4 -5 -6 -7 -8
leaf_value=-0.03054267594983583 0.010999209157836221 -0.016597750617434626 0.024858269475382166 0.018327702193345282 0.032594031802212799 -0.016833959075801475 -0.014208196510442974
leaf_weight=0.062665700301295146 0.023753023822791874 0.030695957597345114 0.01555687515065074 0.038220943417400122 0.075311327585950494 0.054367105767596513 0.015557734295725822
leaf_count=137 7 6 6 11 20 18 12
internal_value=0.000770131 0.00851185 0.0160337 0.00277172 0.0246215 -0.00837107 0.0053245
internal_weight=0.316129 0.253463 0.175343 0.0689169 0.106426 0.0781201 0.0311146
internal_count=217 80 55 17 38 25 18
is_linear=0
shrinkage=0.03


Tree=97
num_leaves=8
num_cat=0
split_feature=33 24 19 18 18 27 12
split_gain=0.0891814 0.0382026 0.0274081 0.0267457 0.0209567 0.0127398 0.00130768
threshold=0.43857513725531488 0.61875000000000013 0.98500000000000021 0.99963031424974969 0.94780689246108951 0.89000000000000012 0.72750000000000015
decision_type=2 2 2 2 2 2 2
left_child=-1 5 3 -3 -4 -2 -6
right_child=1 2 4 -5 6 -7 -8
leaf_value=-0.030554421866465311 -0.028584803822057175 -0.015567110168412522 0.0033406283488444815 0.022520620026125135 0.036670809473517023 0.00055537717368206267 0.029092961931095528
leaf_weight=0.062948888284154236 0.024022735888138413 0.037449134746566415 0.028387165570165962 0.029794352361932397 0.044984550448134542 0.030833507829811424 0.037647510354872793
leaf_count=142 10 15 11 6 15 13 11
internal_value=0.00113087 0.00968681 0.0164237 0.00130886 0.0255787 -0.0122057 0.0332183
internal_weight=0.296068 0.233119 0.178263 0.0672435 0.111019 0.0548562 0.0826321
internal_count=223 81 58 21 37 23 26
is_linear=0
shrinkage=0.03


Tree=98
num_leaves=8
num_cat=0
split_feature=33 27 0 12 18 8 8
split_gain=0.0938937 0.0450522 0.0171437 0.0245874 0.0201832 0.0111537 0.000362837
threshold=0.47421252157102234 0.89000000000000012 0.84700000000000009 0.89250000000000007 0.9849571091457725 0.70850000000000013 0.84650000000000014
decision_type=2 2 2 2 2 2 2
left_child=6 5 -3 4 -4 -2 -1
right_child=1 2 3 -5 -6 -7 -8
leaf_value=-0.030678107303237147 -0.019477398224646111 0.032849716573194701 -0.022860380462133741 0.03100659507532463 0.01358845591132094 0.0060923827927583576 -0.024662340652894348
leaf_weight=0.065686817717505619 0.04564049415057525 0.050007070647552609 0.022935553162824363 0.034403609111905098 0.033856812806334347 0.023136592470109463 0.010460405435878783
leaf_count=145 15 14 10 9 13 9 5
internal_value=-0.00131383 0.00903515 0.0187333 0.0109926 -0.00113138 -0.0108757 -0.0298517
internal_weight=0.286127 0.20998 0.141203 0.091196 0.0567924 0.0687771 0.0761472
internal_count=220 70 46 32 23 24 150
is_linear=0
shrinkage=0.03


Tree=99
num_leaves=8
num_cat=0
split_feature=33 14 24 24 18 33 26
split_gain=0.0677346 0.0339047 0.0269041 0.0194888 0.0191325 0.00855236 0.000178699
threshold=0.41630247121791741 1.0000000180025095e-35 0.60875000000000001 0.71250000000000002 0.99963031424974969 0.56425501878346929 0.76875000000000004
decision_type=2 2 2 2 2 2 2
left_child=-1 2 -2 -4 -3 -5 -6
right_child=1 4 3 5 6 -7 -8
leaf_value=-0.030485183894668224 -0.030956155769083234 0.001242514212022001 0.017893632623379358 -0.01631907594414813 0.030861279314878389 0.0069125043799504789 0.034378864971676824
leaf_weight=0.056504488689824939 0.024826804059557617 0.026716914493590593 0.048217974894214422 0.038148068531882018 0.030131940613500774 0.022776827274356037 0.022858251933939755
leaf_count=141 13 15 13 13 10 9 6
internal_value=-0.00127487 0.00644948 -0.00276812 0.00364383 0.0219422 -0.00763393 0.0323787
internal_weight=0.270181 0.213677 0.13397 0.109143 0.0797071 0.0609249 0.0529902
internal_count=220 79 48 35 31 22 16
is_linear=0
shrinkage=0.03


Tree=100
num_leaves=8
num_cat=0
split_feature=3 24 2 19 11 18 8
split_gain=0.0669321 0.0267247 0.0231297 0.021243 0.0190725 0.0115085 0.00634016
threshold=0.86339437529046803 0.61875000000000013 0.31 0.98500000000000021 0.6428571428571429 0.99963031424974969 0.77250000000000008
decision_type=2 2 2 2 2 2 2
left_child=-1 5 -3 -4 6 -2 -5
right_child=1 2 3 4 -6 -7 -8
leaf_value=-0.030525988744031417 -0.031996734864158057 -0.012172560979077944 -0.0023939551266269066 0.019895815484324089 0.033165232481289129 -0.00186279075680166 -0.0088286966958034362
leaf_weight=0.055021687265252694 0.017740297334967181 0.028159684501588345 0.034832245932193473 0.012429942435119301 0.070639787474647164 0.031947577110258862 0.015589163027470931
leaf_count=140 17 9 13 8 21 10 8
internal_value=-0.00105286 0.00662042 0.012535 0.017747 0.0248579 -0.0126217 0.00391418
internal_weight=0.26636 0.211339 0.161651 0.133491 0.0986589 0.0496879 0.0280191
internal_count=226 86 59 50 37 27 16
is_linear=0
shrinkage=0.03


Tree=101
num_leaves=8
num_cat=0
split_feature=33 27 11 25 22 33 32
split_gain=0.0739498 0.0412155 0.024439 0.0145585 0.0148773 0.0128911 0.0103918
threshold=0.46798125065637791 0.89000000000000012 0.6428571428571429 0.87500000000000011 0.64600000000000024 0.5484833367944143 0.075707735247208946
decision_type=2 2 2 2 2 2 2
left_child=2 6 -1 4 -3 -5 -2
right_child=1 3 -4 5 -6 -7 -8
leaf_value=-0.029848443019678796 0.0084471233825229117 0.0057031802253646163 0.032747396761906696 -0.013820919254908264 0.034183607270231807 0.02266204566040252 -0.018891835298994675
leaf_weight=0.064970555220497772 0.018806132255122066 0.021629938506521285 0.0061444048769772044 0.017214409192092717 0.069700068095698953 0.017658105352893472 0.037395291030406952
leaf_count=147 6 10 2 8 20 8 17
internal_value=0.00150894 0.0116259 -0.0244401 0.0211423 0.0274385 0.00465266 -0.00974367
internal_weight=0.253519 0.182404 0.071115 0.126203 0.09133 0.0348725 0.0562014
internal_count=218 69 149 46 30 16 23
is_linear=0
shrinkage=0.03


Tree=102
num_leaves=8
num_cat=0
split_feature=20 27 33 32 8 4 5
split_gain=0.0739389 0.0375262 0.0298824 0.0189242 0.0185781 0.0348351 0.0105964
threshold=0.99166666666666681 0.89000000000000012 0.46798125065637791 0.074211848498233229 0.45150000000000007 0.67707545944383007 0.70157500000000017
decision_type=2 2 2 2 2 2 2
left_child=-1 3 -3 -2 5 -4 -5
right_child=1 2 4 6 -6 -7 -8
leaf_value=-0.030828727802632277 0.021823323917131217 -0.018583024431995988 -0.014270194748912911 -0.026374943183882667 0.034731011267310229 0.030762014951844649 4.8541263221990416e-05
leaf_weight=0.051875180826755241 0.014740835787961259 0.017653676084592007 0.026855900301598012 0.035668779950356111 0.062299164885189384 0.036434097739402205 0.022135800973046571
leaf_count=118 13 25 8 17 23 13 12
internal_value=0.00132989 0.00906077 0.0179639 -0.00851871 0.0231012 0.0116535 -0.0162563
internal_weight=0.267663 0.215788 0.143243 0.0725454 0.125589 0.06329 0.0578046
internal_count=229 111 69 42 44 21 29
is_linear=0
shrinkage=0.03


Tree=103
num_leaves=8
num_cat=0
split_feature=3 14 18 4 12 5 33
split_gain=0.0616473 0.0248538 0.026885 0.0205963 0.0112605 0.0120789 0.014982
threshold=0.86339437529046803 1.0000000180025095e-35 0.99080036666090709 0.63623655866190287 0.60250000000000015 0.58930000000000005 0.58535868943502478
decision_type=2 2 2 2 2 2 2
left_child=-1 3 -3 -2 5 -5 -7
right_child=1 2 -4 4 -6 6 -8
leaf_value=-0.030482135891133393 0.02956799144275599 -0.004566255595518192 0.03097350079798326 -0.027273236873320679 0.008918642658521431 0.010040378867624497 -0.024413791103001705
leaf_weight=0.048972875825711526 0.016527596453670412 0.028613131231395528 0.057965339481597766 0.030253857519710436 0.031088341027498245 0.029814892273861915 0.018349392688833177
leaf_count=142 5 15 23 9 16 15 5
internal_value=-0.000137071 0.00685257 0.019228 -0.0016487 -0.00636017 -0.0124174 -0.0030858
internal_weight=0.261585 0.212613 0.0865785 0.126034 0.109506 0.0784181 0.0481643
internal_count=230 88 38 50 45 29 20
is_linear=0
shrinkage=0.03


Tree=104
num_leaves=8
num_cat=0
split_feature=33 27 18 4 2 8 33
split_gain=0.0560423 0.0259569 0.0198757 0.0157428 0.0107474 0.00649196 0.00119921
threshold=0.41630247121791741 0.89000000000000012 0.94780689246108951 0.66609291026554684 0.45000000000000001 0.64400000000000002 0.68863989354489452
decision_type=2 2 2 2 2 2 2
left_child=-1 4 -3 -4 -2 -6 -5
right_child=1 2 3 6 5 -7 -8
leaf_value=-0.030420229582923178 -0.025045179778498863 -0.0097339165386939822 0.0078876877555881415 0.035528983430476238 -0.007425851535165384 0.015824763716172908 0.026808103564761494
leaf_weight=0.043904122023377568 0.021813160536112264 0.023543012503068894 0.046671865682583302 0.029925160750281066 0.032569373666774482 0.016176124452613294 0.026990710059180856
leaf_count=137 9 15 13 12 13 9 10
internal_value=0.000240022 0.00704925 0.0151478 0.0208028 -0.00754247 0.000289832 0.0313934
internal_weight=0.241594 0.197689 0.127131 0.103588 0.0705587 0.0487455 0.0569159
internal_count=218 81 50 35 31 22 22
is_linear=0
shrinkage=0.03


Tree=105
num_leaves=8
num_cat=0
split_feature=20 27 32 12 18 32 5
split_gain=0.0588101 0.021886 0.020407 0.0279212 0.0171622 0.0134582 0.0129668
threshold=0.99166666666666681 0.89000000000000012 0.082370901367317159 0.89250000000000007 0.99080036666090709 0.074211848498233229 0.52020000000000011
decision_type=2 2 2 2 2 2 2
left_child=-1 5 3 4 -3 -2 -6
right_child=1 2 -4 -5 6 -7 -8
leaf_value=-0.030782216313284944 0.020714178912197481 -0.024978455720985497 0.034383923864567748 0.030839414001622378 -0.0082995199869606972 -0.014808014616328493 0.026847187359055027
leaf_weight=0.047474191858782433 0.011896678479388356 0.023467776583856903 0.032421475101727992 0.029159854166209698 0.02084366386407055 0.049702441814588383 0.01727881864644587
leaf_count=122 12 22 9 11 9 29 11
internal_value=-0.000999671 0.00665253 0.0139542 0.00665541 -0.00479448 -0.00794759 0.00763054
internal_weight=0.232245 0.184771 0.123172 0.0907501 0.0615903 0.0615991 0.0381225
internal_count=225 103 62 53 42 41 20
is_linear=0
shrinkage=0.03


Tree=106
num_leaves=8
num_cat=0
split_feature=33 27 18 17 32 4 24
split_gain=0.0548548 0.0247681 0.0168474 0.017287 0.00992825 0.00804568 0.00484921
threshold=0.41630247121791741 0.89000000000000012 0.94780689246108951 0.37500000000000006 0.075707735247208946 0.71360623628453335 0.60875000000000001
decision_type=2 2 2 2 2 2 2
left_child=-1 4 5 -4 -2 -3 -6
right_child=1 2 3 -5 6 -7 -8
leaf_value=-0.030398911286613019 0.01058783468477994 -0.018491224258027111 0.033113726242041792 0.0045588135530914356 -0.032403619265125076 0.012932063274889279 -0.0090753493418602796
leaf_weight=0.039288538537221029 0.018773289513774216 0.014628502452978864 0.057244376977905631 0.028621200181078166 0.011438082030508667 0.014705071749631315 0.026832382427528501
leaf_count=134 8 10 21 11 9 9 12
internal_value=0.00158848 0.00888479 0.0168901 0.0235956 -0.00728178 -0.00273857 -0.0160476
internal_weight=0.211531 0.172243 0.115199 0.0858656 0.0570438 0.0293336 0.0382705
internal_count=214 80 51 32 29 19 21
is_linear=0
shrinkage=0.03


Tree=107
num_leaves=8
num_cat=0
split_feature=20 5 18 32 29 27 26
split_gain=0.0481548 0.0237951 0.0333069 0.018701 0.0127632 0.0053431 0.00275637
threshold=0.99166666666666681 0.67866666666666664 0.99520554755577428 0.068959763539283001 1.0000000180025095e-35 0.96500000000000019 0.73925000000000007
decision_type=2 2 2 2 2 2 2
left_child=-1 3 4 -2 -3 6 -5
right_child=1 2 -4 5 -6 -7 -8
leaf_value=-0.030741213361388482 0.020079796404904086 0.010635956271613589 0.033131263290004008 -0.0074372821782032828 -0.022030497806305522 -0.0017221525977134387 -0.025973051743908019
leaf_weight=0.04195951898873318 0.017260479668038897 0.025449778564507142 0.046916113584302366 0.0094596940616611391 0.018655241510714404 0.017537326799356379 0.030501175700919703
leaf_count=117 18 15 19 7 14 10 17
internal_value=-0.00203128 0.00523532 0.0155358 -0.00730588 -0.00318108 -0.0155268 -0.0215852
internal_weight=0.207739 0.16578 0.0910211 0.0747587 0.044105 0.0574982 0.0399609
internal_count=217 100 48 52 29 34 24
is_linear=0
shrinkage=0.03


Tree=108
num_leaves=8
num_cat=0
split_feature=33 17 25 26 18 33 19
split_gain=0.0491982 0.0173168 0.0226328 0.0180284 0.0172722 0.00694946 0.00571618
threshold=0.41630247121791741 0.37500000000000006 0.87500000000000011 0.74215000000000009 0.95908597788436833 0.68863989354489452 0.98500000000000021
decision_type=2 2 2 2 2 2 2
left_child=-1 2 4 -3 -2 -6 -5
right_child=1 3 -4 6 5 -7 -8
leaf_value=-0.03038461038326536 0.0021608487251230262 0.021124434215518552 -0.012715514490346034 -0.022281436100071449 0.039150991434822591 0.018156584425040312 -0.0021346280245970574
leaf_weight=0.03772853227565065 0.027899610053282231 0.018440698971971869 0.021549726079683751 0.028899776720209047 0.03563589253462851 0.023579364875331521 0.022575781040359288
leaf_count=137 14 11 12 13 13 8 9
internal_value=0.000742619 0.00731883 0.0148123 -0.00432761 0.0216219 0.0307911 -0.0134456
internal_weight=0.216309 0.178581 0.108665 0.0699163 0.0871149 0.0592153 0.0514756
internal_count=217 80 47 33 35 21 22
is_linear=0
shrinkage=0.03


Tree=109
num_leaves=8
num_cat=0
split_feature=3 17 25 18 26 4 27
split_gain=0.0528047 0.0205027 0.0225133 0.0191094 0.0122998 0.00562243 0.00102147
threshold=0.86339437529046803 0.37500000000000006 0.87500000000000011 0.95908597788436833 0.74215000000000009 0.68917527070292739 0.96500000000000019
decision_type=2 2 2 2 2 2 2
left_child=-1 2 3 -2 -3 -6 -5
right_child=1 4 -4 6 5 -7 -8
leaf_value=-0.030432071547071917 0.0051210864110902178 0.017249480467969942 -0.009243450075911373 0.039329015430128234 -0.00392897642222057 -0.024683784787501575 0.030566472927316572
leaf_weight=0.038971401314483956 0.029091300442814827 0.016966059964033775 0.023137062438763678 0.029324916657060385 0.028713971143588424 0.019880123261827976 0.020234786323271692
leaf_count=143 14 15 13 10 10 12 9
internal_value=0.00101823 0.00834225 0.0167695 0.0244219 -0.00474187 -0.0124199 0.0357513
internal_weight=0.20632 0.167348 0.101788 0.078651 0.0655602 0.0485941 0.0495597
internal_count=226 83 46 33 37 22 19
is_linear=0
shrinkage=0.03


Tree=110
num_leaves=8
num_cat=0
split_feature=3 27 18 32 32 4 25
split_gain=0.0437751 0.0209726 0.0137152 0.0142762 0.0130015 0.0115528 0.0103418
threshold=0.86339437529046803 0.89000000000000012 0.94780689246108951 0.078400639252566254 0.075305641478862886 0.66609291026554684 0.81500000000000006
decision_type=2 2 2 2 2 2 2
left_child=-1 4 6 5 -2 -4 -3
right_child=1 2 3 -5 -6 -7 -8
leaf_value=-0.030420870864207052 0.011342136770813454 0.0083518301410196449 -0.0037794021048117576 0.034030519683807492 -0.018922342379187534 0.024014273846897909 -0.031458854092912214
leaf_weight=0.035205750988097861 0.019379267585463822 0.016741372237447649 0.028151313264970668 0.03538644005311653 0.037488894595298916 0.025791237276280299 0.009046012200997211
leaf_count=136 10 7 11 13 19 16 13
internal_value=5.72448e-05 0.00629621 0.0136594 0.0192231 -0.00860895 0.00950943 -0.00561345
internal_weight=0.20719 0.171985 0.115116 0.089329 0.0568682 0.0539426 0.0257874
internal_count=225 89 60 40 29 27 20
is_linear=0
shrinkage=0.03


Tree=111
num_leaves=8
num_cat=0
split_feature=33 18 14 27 27 28 32
split_gain=0.0447204 0.0220277 0.0150486 0.0113668 0.00877664 0.00890966 0.00433451
threshold=0.46798125065637791 0.9849571091457725 1.0000000180025095e-35 0.89000000000000012 0.89000000000000012 0.84000000000000019 0.082087053571428578
decision_type=2 2 2 2 2 2 2
left_child=6 4 3 -3 -2 -6 -1
right_child=1 2 -4 -5 5 -7 -8
leaf_value=-0.029302469373427887 -0.032022207806500953 -0.0099304257002391233 0.029743828262732506 0.018476653673253164 0.01559144299630489 -0.016417782387108146 0.0039607805065030761
leaf_weight=0.043101087547256611 0.011930192325962707 0.023986424203030765 0.039610320702195168 0.02688826568191871 0.014392082492122427 0.017154850764200091 0.0038398748147301367
leaf_count=144 12 7 21 13 11 8 9
internal_value=-0.00138344 0.00744606 0.0158786 0.00508327 -0.0101038 -0.0018148 -0.0265815
internal_weight=0.180903 0.133962 0.090485 0.0508747 0.0434771 0.0315469 0.046941
internal_count=225 72 41 20 31 19 153
is_linear=0
shrinkage=0.03


Tree=112
num_leaves=8
num_cat=0
split_feature=3 18 27 32 18 4 27
split_gain=0.0438491 0.0212741 0.0155944 0.0198796 0.0156597 0.0254926 0.00416157
threshold=0.86339437529046803 0.89073198585638114 0.65000000000000013 0.078400639252566254 0.99080036666090709 0.64725227429830989 0.96500000000000019
decision_type=2 2 2 2 2 2 2
left_child=-1 6 -3 4 -4 -6 -2
right_child=1 2 3 -5 5 -7 -8
leaf_value=-0.03040514735598477 -0.031583635048972762 -0.0090946668018802839 -0.010795754487885712 0.035695173075681541 -0.013656737033893617 0.033474525159049522 -0.001744210649379487
leaf_weight=0.032196256288443692 0.012608759294380434 0.024789938499452546 0.025231507359421812 0.035481005266774446 0.015164630516665056 0.032387152663432062 0.0063123850559350094
leaf_count=135 17 9 12 15 5 20 6
internal_value=0.00139828 0.0081359 0.0123686 0.0172832 0.00830757 0.018444 -0.0216287
internal_weight=0.184172 0.151975 0.133054 0.108264 0.0727833 0.0475518 0.0189211
internal_count=219 84 61 52 37 25 23
is_linear=0
shrinkage=0.03


Tree=113
num_leaves=8
num_cat=0
split_feature=3 18 14 18 26 3 24
split_gain=0.0360253 0.0143771 0.0124431 0.0128107 0.00997685 0.00993577 0.0073909
threshold=0.86339437529046803 0.89073198585638114 1.0000000180025095e-35 0.99080036666090709 0.83105000000000007 0.9207114610353816 0.63750000000000007
decision_type=2 2 2 2 2 2 2
left_child=-1 5 4 -4 6 -2 -3
right_child=1 2 3 -5 -6 -7 -8
leaf_value=-0.030443289865859518 0.012660940401522524 -0.0038611925445742878 -0.0016106925263783159 0.029864924179765197 -0.012064411645080876 -0.032060350154021373 0.02057769300540754
leaf_weight=0.03203348875103984 0.0064357452210970214 0.019982960278866813 0.017325839202385396 0.035447532747639343 0.032371845038142055 0.014646435156464577 0.025159581651678309
leaf_count=133 6 8 10 22 10 19 13
internal_value=-0.00154054 0.00457597 0.00829512 0.0195313 0.00064531 -0.0184083 0.00975949
internal_weight=0.183403 0.15137 0.130288 0.0527734 0.0775144 0.0210822 0.0451425
internal_count=221 88 63 32 31 25 21
is_linear=0
shrinkage=0.03


Tree=114
num_leaves=8
num_cat=0
split_feature=3 17 25 18 18 3 4
split_gain=0.0459853 0.0186586 0.0267247 0.0132144 0.0124185 0.0167369 0.000955332
threshold=0.86339437529046803 0.37500000000000006 0.87500000000000011 0.95908597788436833 0.9849571091457725 0.93571169553771083 0.68330957498248057
decision_type=2 2 2 2 2 2 2
left_child=-1 2 3 -2 -3 -6 -5
right_child=1 4 -4 6 5 -7 -8
leaf_value=-0.030422085122421144 0.0079083308867238869 -0.027153887566952129 -0.013677798306527378 0.040351068025968287 -0.019072724107773213 0.020121452408344457 0.031611234468026918
leaf_weight=0.032929483684711158 0.024337361974176019 0.015953170892316848 0.019697200914379209 0.019046555040404201 0.01659298304002732 0.023971485905349255 0.027519986848346889
leaf_count=142 14 19 13 5 6 14 14
internal_value=0.00162421 0.00879711 0.0172354 0.0258231 -0.0047299 0.00408899 0.035186
internal_weight=0.180048 0.147119 0.0906011 0.0709039 0.0565176 0.0405645 0.0465665
internal_count=227 85 46 33 39 20 19
is_linear=0
shrinkage=0.03


Tree=115
num_leaves=8
num_cat=0
split_feature=33 18 19 25 4 3 33
split_gain=0.0558722 0.0281702 0.017883 0.0111155 0.0104688 0.00418298 0.00217368
threshold=0.46798125065637791 0.94780689246108951 0.98500000000000021 0.74500000000000011 0.71764171990029946 0.95678376746407745 0.52261811067721886
decision_type=2 2 2 2 2 2 2
left_child=5 3 4 -2 -3 -1 -4
right_child=1 2 6 -5 -6 -7 -8
leaf_value=-0.029053222447542076 0.013123133241871152 -0.010632088756777855 0.042088026182818733 -0.02405910738652468 0.025462249204749453 -0.00040055955968748997 0.029387070267423144
leaf_weight=0.036933204915840179 0.011661593336611986 0.017188435886055231 0.01740908925421536 0.019067164626903832 0.012485118350014091 0.0052356861124280831 0.039972535276319832
leaf_count=145 9 10 4 17 7 6 26
internal_value=0.00413692 0.014746 0.0234626 -0.00994841 0.00455457 -0.0254957 0.0332404
internal_weight=0.159953 0.117784 0.0870552 0.0307288 0.0296736 0.0421689 0.0573816
internal_count=224 73 47 26 17 151 30
is_linear=0
shrinkage=0.03


Tree=116
num_leaves=8
num_cat=0
split_feature=3 24 17 18 3 19 24
split_gain=0.0353305 0.017214 0.0159228 0.0126532 0.0102244 0.0121574 0.0101961
threshold=0.86339437529046803 0.61875000000000013 0.37500000000000006 0.99520554755577428 0.93571169553771083 0.98500000000000021 0.75750000000000017
decision_type=2 2 2 2 2 2 2
left_child=-1 -2 3 6 -4 -6 -3
right_child=1 2 4 -5 5 -7 -8
leaf_value=-0.030335292257137374 -0.013973982559708317 0.026805678964158638 -0.020315697582660542 0.033608078715930745 -0.0070448909111923428 0.032140679682376362 -0.0061019281708987096
leaf_weight=0.028048809414030984 0.029626892632222734 0.014796035946346819 0.017145649529993534 0.034612750168889761 0.017622540675802156 0.011963123004534282 0.019831808167509735
leaf_count=138 23 7 8 16 9 11 12
internal_value=0.000495413 0.00643478 0.0116485 0.0207808 -0.0018825 0.00880001 0.00795907
internal_weight=0.173648 0.145599 0.115972 0.0692406 0.0467313 0.0295857 0.0346278
internal_count=224 86 63 35 28 20 19
is_linear=0
shrinkage=0.03


Tree=117
num_leaves=8
num_cat=0
split_feature=3 5 18 25 19 32 33
split_gain=0.0386598 0.0206107 0.0199685 0.0173042 0.0164058 0.00468297 0.00191649
threshold=0.86339437529046803 0.5495000000000001 0.94780689246108951 0.74500000000000011 0.98500000000000021 0.075305641478862886 0.52261811067721886
decision_type=2 2 2 2 2 2 2
left_child=-1 5 3 -3 -4 -2 -6
right_child=1 2 4 -5 6 -7 -8
leaf_value=-0.030377019888512879 -0.0021563202384033728 0.019780404544831539 0.003992302458894155 -0.028944328484340451 0.041693935313467344 -0.024787765157869884 0.029096406271850561
leaf_weight=0.028165259165689349 0.018621666909893975 0.011811285236035474 0.026324974489398301 0.014754256189917214 0.016636985586956143 0.014744313026312739 0.031347750453278422
leaf_count=142 9 10 15 15 5 7 22
internal_value=0.00157774 0.0082822 0.0150428 -0.00728086 0.0230234 -0.0121571 0.0334641
internal_weight=0.162406 0.134241 0.100875 0.0265655 0.0743097 0.033366 0.0479847
internal_count=225 83 67 25 42 16 27
is_linear=0
shrinkage=0.03


Tree=118
num_leaves=8
num_cat=0
split_feature=33 27 4 18 25 2 2
split_gain=0.0264734 0.0124939 0.0100468 0.0114698 0.0127772 0.0088248 0.00450189
threshold=0.43857513725531488 0.89000000000000012 0.66609291026554684 0.99080036666090709 0.81500000000000006 0.45000000000000001 0.51000000000000012
decision_type=2 2 2 2 2 2 2
left_child=-1 5 -3 4 -4 -2 -7
right_child=1 2 3 -5 -6 6 -8
leaf_value=-0.0303392592979509 -0.030384628488124447 -0.0009797520586930699 0.023669608753264827 0.03144934081278003 -0.031792917815084761 0.012868608537403972 -0.0096562165551333928
leaf_weight=0.026076019727042876 0.013137635571183637 0.040016586368437856 0.0083871103706769645 0.027594003826379776 0.0067445194872561851 0.012517857161583379 0.022056796442484483
leaf_count=139 8 16 6 19 10 10 13
internal_value=-0.00274393 0.00277199 0.00982205 0.019939 -0.00105133 -0.00945417 -0.00150104
internal_weight=0.156531 0.130455 0.0827422 0.0427256 0.0151316 0.0477123 0.0345747
internal_count=221 82 51 35 16 31 23
is_linear=0
shrinkage=0.03


Tree=119
num_leaves=8
num_cat=0
split_feature=33 24 19 25 29 18 27
split_gain=0.032838 0.0188056 0.0115077 0.0137136 0.01446 0.0114001 0.0058705
threshold=0.41630247121791741 0.61875000000000013 0.98500000000000021 0.77500000000000013 1.0000000180025095e-35 0.99963031424974969 0.96500000000000019
decision_type=2 2 2 2 2 2 2
left_child=-1 6 5 -4 -5 -3 -2
right_child=1 2 3 4 -6 -7 -8
leaf_value=-0.030305036042691497 -0.025875733204286239 -0.021112572166728637 0.037222996518399325 0.030852939293112055 -0.0062548637894472873 0.016937614789297919 0.0012770139587274744
leaf_weight=0.025601501707569696 0.016393434489145875 0.014380870532477275 0.026383142801932991 0.016198103869101033 0.022689838369842619 0.013971457839943469 0.012731776339933276
leaf_count=145 14 14 12 11 14 6 8
internal_value=0.000600842 0.00704684 0.0135962 0.0205282 0.00920175 -0.0023622 -0.0140062
internal_weight=0.14835 0.122749 0.0936234 0.0652711 0.0388879 0.0283523 0.0291252
internal_count=224 79 57 37 25 20 22
is_linear=0
shrinkage=0.03


Tree=120
num_leaves=8
num_cat=0
split_feature=3 24 18 5 8 27 11
split_gain=0.0302953 0.0162289 0.0111849 0.0107372 0.00787623 0.00427252 0.0018376
threshold=0.90514385630707273 0.61875000000000013 0.94780689246108951 0.67866666666666664 0.90150000000000008 0.89000000000000012 0.50000000000000011
decision_type=2 2 2 2 2 2 2
left_child=4 5 -3 -4 -1 -2 -5
right_child=1 2 3 6 -6 -7 -8
leaf_value=-0.029534892926410476 -0.023834101569738256 -0.0051384882252367373 0.005206618974504233 0.040855883969092101 0.012285731469224173 -0.0009487240977159051 0.026752104181822473
leaf_weight=0.030983263161033392 0.012828042526962236 0.018191483686678112 0.021646727167535573 0.013245048699900508 0.0046630165306851259 0.017167443846119568 0.022333427041303366
leaf_count=144 10 14 13 4 3 15 19
internal_value=-0.000155942 0.00792889 0.0153525 0.0218664 -0.0240642 -0.010736 0.0320026
internal_weight=0.141058 0.105412 0.0754167 0.0572252 0.0356463 0.0299955 0.0355785
internal_count=222 75 50 36 147 25 23
is_linear=0
shrinkage=0.03


Tree=121
num_leaves=8
num_cat=0
split_feature=3 27 5 18 32 4 8
split_gain=0.027957 0.0161358 0.010952 0.011218 0.00805923 0.00606368 0.00419793
threshold=0.86339437529046803 0.89000000000000012 0.52020000000000011 0.94780689246108951 0.075305641478862886 0.71360623628453335 0.49400000000000005
decision_type=2 2 2 2 2 2 2
left_child=-1 4 -3 5 -2 -4 -5
right_child=1 2 3 6 -6 -7 -8
leaf_value=-0.030336814029232155 0.0098162366914890647 -0.0065811655687425495 -0.016466874107120302 0.016933153588162716 -0.018432785368022824 0.020339897044443497 0.035748080805103707
leaf_weight=0.02304074632411357 0.013390437481575646 0.018337234272621572 0.009668720027548261 0.018404002883471549 0.028296862757997587 0.0069052837498020372 0.025405632506590337
leaf_count=138 9 11 10 14 20 6 13
internal_value=-6.08574e-05 0.00573261 0.0137244 0.0198908 -0.00935888 -0.00113194 0.0278441
internal_weight=0.143449 0.120408 0.0787209 0.0603836 0.0416873 0.016574 0.0438096
internal_count=221 83 54 43 29 16 27
is_linear=0
shrinkage=0.03


Tree=122
num_leaves=8
num_cat=0
split_feature=33 27 18 25 27 4 2
split_gain=0.0314298 0.0202085 0.0126717 0.0136185 0.0125923 0.0160353 0.00846842
threshold=0.41630247121791741 0.89000000000000012 0.94780689246108951 0.80500000000000016 0.96500000000000019 0.66609291026554684 0.45000000000000001
decision_type=2 2 2 2 2 2 2
left_child=-1 6 3 -3 -4 -6 -2
right_child=1 2 4 -5 5 -7 -8
leaf_value=-0.030307122488084853 -0.031293823575144958 0.023176596549831733 0.033894592698197085 -0.027762794449405732 -0.016520772788789651 0.027129095011153615 -0.0012353334449651089
leaf_weight=0.024257558085082565 0.01246886738226749 0.0082184263737872243 0.034796426480170339 0.011107564205303788 0.013755883963312954 0.016856066475156695 0.026077697722939774
leaf_count=147 8 6 14 12 6 14 21
internal_value=0.000907904 0.00704998 0.0152422 -0.00610069 0.0215484 0.00751445 -0.0109585
internal_weight=0.147538 0.123281 0.0847344 0.019326 0.0654084 0.030612 0.0385466
internal_count=228 81 52 18 34 20 29
is_linear=0
shrinkage=0.03


Tree=123
num_leaves=8
num_cat=0
split_feature=17 20 25 3 29 25 33
split_gain=0.0301072 0.0194694 0.0122197 0.0116473 0.00991196 0.00930881 0.00860915
threshold=0.37500000000000006 0.99166666666666681 0.87500000000000011 0.93571169553771083 1.0000000180025095e-35 0.76500000000000012 0.68863989354489452
decision_type=2 2 2 2 2 2 2
left_child=1 -1 4 -2 -3 -5 -6
right_child=3 2 -4 5 6 -7 -8
leaf_value=-0.031131435337184536 -0.026433428616670418 0.035593712749907497 -0.0082426148749625422 -0.016172685492516967 0.025096709339442667 0.017421309706262437 -0.0060308744819689598
leaf_weight=0.0081367273378418759 0.033689390096697025 0.030290494178188965 0.01347783746314235 0.016122965083923191 0.018676069259527139 0.013758459943346679 0.013984687859192491
leaf_count=31 123 17 11 11 12 15 7
internal_value=0.00125918 0.0129854 0.0176821 -0.0143397 0.0232326 -0.000704828 0.0117685
internal_weight=0.148137 0.0845658 0.0764291 0.0635708 0.0629513 0.0298814 0.0326608
internal_count=227 78 47 149 36 26 19
is_linear=0
shrinkage=0.03


Tree=124
num_leaves=8
num_cat=0
split_feature=20 17 24 2 26 0 11
split_gain=0.0268964 0.0187897 0.0127898 0.0115926 0.00907012 0.00880319 0.00520058
threshold=0.99166666666666681 0.37500000000000006 0.61875000000000013 0.45000000000000001 0.74215000000000009 0.90550000000000008 0.50000000000000011
decision_type=2 2 2 2 2 2 2
left_child=-1 2 -2 -4 5 -3 -5
right_child=1 4 3 6 -6 -7 -8
leaf_value=-0.028378833740940457 -0.0076985845481508499 -0.031211147190839696 -0.00075928963709515442 0.044136978177913212 -0.02013645669596828 0.022882087447365519 0.021945921418098965
leaf_weight=0.025593975857191253 0.017693442379822955 0.0036282336004660473 0.015420254654600285 0.014573801192454994 0.028413727937731892 0.010671880656445865 0.027326221170369536
leaf_count=120 13 17 12 3 30 12 18
internal_value=-0.000505895 0.00555368 0.0145976 0.0214799 -0.0103292 0.00915752 0.0296645
internal_weight=0.143322 0.117728 0.0750137 0.0573203 0.0427138 0.0143001 0.0419
internal_count=225 105 46 33 59 29 21
is_linear=0
shrinkage=0.03


Tree=125
num_leaves=8
num_cat=0
split_feature=2 12 27 8 11 18 24
split_gain=0.0260167 0.0246433 0.010118 0.0100622 0.00785587 0.00903852 0.0069235
threshold=0.45000000000000001 0.60250000000000015 0.96500000000000019 0.8630000000000001 0.50000000000000011 0.99963031424974969 0.78375000000000006
decision_type=2 2 2 2 2 2 2
left_child=2 3 -1 6 -3 -6 -2
right_child=1 4 -4 -5 5 -7 -8
leaf_value=-0.028249754370351481 -0.018787670093841666 0.041898944166045657 0.0039473714421180287 0.02036402303401795 -0.005294360714103147 0.030707051119640422 0.013514836140550218
leaf_weight=0.032214094542723615 0.0318226777453674 0.016168783186003566 0.012077530263923109 0.010484154990990646 0.011032528331270441 0.014558253402356058 0.0073511477385181925
leaf_count=103 47 5 22 7 9 14 15
internal_value=-0.000599111 0.00854388 -0.0194702 -0.00573976 0.0255291 0.0151864 -0.012726
internal_weight=0.135709 0.0914175 0.0442916 0.049658 0.0417596 0.0255908 0.0391738
internal_count=222 97 125 69 28 23 62
is_linear=0
shrinkage=0.03


Tree=126
num_leaves=8
num_cat=0
split_feature=20 17 25 0 2 25 24
split_gain=0.0259769 0.0152051 0.0139758 0.011262 0.00781103 0.00683865 0.00450991
threshold=0.99166666666666681 0.37500000000000006 0.87500000000000011 0.96400000000000008 0.45000000000000001 0.76500000000000012 0.69875000000000009
decision_type=2 2 2 2 2 2 2
left_child=-1 2 3 -2 -3 6 -6
right_child=1 4 -4 -5 5 -7 -8
leaf_value=-0.028279744375550888 0.032089124686898229 -0.025243933612933464 -0.010869940183027045 -0.00042456001032837958 -0.034823928393398124 0.020927173893685765 0.0013756573698071382
leaf_weight=0.024511044481187128 0.03466463866061531 0.015314414304157253 0.014113766024820507 0.01325377548346296 0.0048621681344229737 0.010102959218784235 0.0085340656296466477
leaf_count=125 24 29 11 9 7 17 10
internal_value=-0.000579151 0.00615361 0.0153681 0.0230962 -0.00857301 0.00229142 -0.011763
internal_weight=0.125357 0.100846 0.0620322 0.0479184 0.0388136 0.0234992 0.0133962
internal_count=232 107 44 33 63 34 17
is_linear=0
shrinkage=0.03


Tree=127
num_leaves=8
num_cat=0
split_feature=3 24 18 17 26 8 8
split_gain=0.0279427 0.0122978 0.00981472 0.0135808 0.00739533 0.00290763 0.00266863
threshold=0.90514385630707273 0.61875000000000013 0.94780689246108951 0.37500000000000006 0.91425000000000012 0.49400000000000005 0.37050000000000005
decision_type=2 2 2 2 2 2 2
left_child=-1 6 -3 5 -5 -4 -2
right_child=1 2 3 4 -6 -7 -8
leaf_value=-0.02706454771280168 -0.0033333216600735151 -0.0080967505610974357 0.018052388517369053 0.01592459779854245 -0.017593345453490151 0.036173092792674749 -0.023143780304886612
leaf_weight=0.029489020314940717 0.013671074702870101 0.016753495918237604 0.012269919971004128 0.012845074146753177 0.010995981399901211 0.02273854985833168 0.011079735937528312
leaf_count=151 11 15 10 13 4 12 13
internal_value=-0.00139115 0.00615299 0.0121619 0.0179291 0.000465438 0.0298221 -0.0122015
internal_weight=0.129843 0.100354 0.075603 0.0588495 0.0238411 0.0350085 0.0247508
internal_count=229 78 54 39 17 22 24
is_linear=0
shrinkage=0.03


Tree=128
num_leaves=8
num_cat=0
split_feature=20 17 28 33 27 18 33
split_gain=0.0221121 0.0165331 0.0178777 0.0118072 0.00521743 0.00997061 0.00982708
threshold=0.99166666666666681 0.37500000000000006 0.55000000000000016 0.68863989354489452 0.65000000000000013 0.9849571091457725 0.47421252157102234
decision_type=2 2 2 2 2 2 2
left_child=-1 2 -2 -4 -3 -6 -7
right_child=1 4 3 -5 5 6 -8
leaf_value=-0.027918583386652061 -0.020627506265895559 -0.029707095132128235 0.031501124370300455 0.0030341664393011814 -0.02667517684493468 -0.015801023875711494 0.031661135358477817
leaf_weight=0.022128016877104528 0.011219499021535739 0.0099180136894574389 0.035083718990790658 0.020939860958606005 0.010657578364771325 0.0070031477589509441 0.0089360250276513398
leaf_count=119 7 10 24 14 29 11 9
internal_value=-0.000692389 0.00511403 0.0139387 0.0208611 -0.0111369 -0.00421198 0.0108078
internal_weight=0.125886 0.103758 0.0672431 0.0560236 0.0365148 0.0265968 0.0159392
internal_count=223 104 45 38 59 49 20
is_linear=0
shrinkage=0.03


Tree=129
num_leaves=8
num_cat=0
split_feature=20 27 32 33 25 26 24
split_gain=0.0205145 0.013249 0.01108 0.00866725 0.00797955 0.00504523 0.00385629
threshold=0.99166666666666681 0.89000000000000012 0.074211848498233229 0.46798125065637791 0.87500000000000011 0.73925000000000007 0.71250000000000002
decision_type=2 2 2 2 2 2 2
left_child=-1 2 -2 -3 6 -4 -5
right_child=1 3 5 4 -6 -7 -8
leaf_value=-0.02791133697047788 0.023734040837361216 -0.016005732775204683 -0.0024752473572428068 0.033965914348863598 -0.00071830217838563101 -0.030361052857822327 0.01443433676423906
leaf_weight=0.021572766054305248 0.0065229669853579244 0.0081005944084608927 0.0092161975480848923 0.019777640991378576 0.015464664611499757 0.015936164716549683 0.016847988415975124
leaf_count=120 12 23 13 12 15 16 14
internal_value=-0.00158472 0.00459751 -0.0111075 0.0128623 0.0173515 -0.0201433 0.0249813
internal_weight=0.113439 0.0918662 0.0316753 0.0601909 0.0520903 0.0251524 0.0366256
internal_count=225 105 41 64 41 29 26
is_linear=0
shrinkage=0.03


Tree=130
num_leaves=8
num_cat=0
split_feature=33 27 5 18 32 19 25
split_gain=0.0205781 0.0128475 0.00919819 0.00822529 0.00794492 0.00789884 0.00418644
threshold=0.41630247121791741 0.89000000000000012 0.52020000000000011 0.94780689246108951 0.075305641478862886 0.98500000000000021 0.67500000000000016
decision_type=2 2 2 2 2 2 2
left_child=-1 4 -3 -4 -2 -5 -6
right_child=1 2 3 5 6 -7 -8
leaf_value=-0.030242672932512826 0.01154487928921118 -0.0093551917644348927 -0.0047575851294541331 0.003462856220826334 -0.0074869576443573616 0.03140146670035518 -0.03316332077971796
leaf_weight=0.017363149279844947 0.010266996949212626 0.014171603805152699 0.011678769267746247 0.012696677935309708 0.011521495529450476 0.032216906605754048 0.011340156634105369
leaf_count=144 8 10 13 9 10 23 12
internal_value=-1.18009e-05 0.00504056 0.0122588 0.0176713 -0.0103779 0.0235035 -0.0202233
internal_weight=0.121256 0.103893 0.070764 0.0565924 0.0331286 0.0449136 0.0228617
internal_count=229 85 55 45 30 32 22
is_linear=0
shrinkage=0.03


Tree=131
num_leaves=8
num_cat=0
split_feature=33 17 25 18 25 32 24
split_gain=0.0210267 0.0118794 0.0162446 0.0095439 0.00447769 0.00424233 0.00584038
threshold=0.41630247121791741 0.37500000000000006 0.87500000000000011 0.95908597788436833 0.71000000000000008 0.068446722795582129 0.77625000000000022
decision_type=2 2 2 2 2 2 2
left_child=-1 2 3 4 -2 -3 -7
right_child=1 5 -4 -5 -6 6 -8
leaf_value=-0.030234283893867786 0.020843324812564835 0.0095935294347755818 -0.015077482437207497 0.033752089589689144 -0.0094722788526156662 -0.028896072582442183 0.0018116703664097439
leaf_weight=0.016883306045201607 0.0086455994460266083 0.0083025300409644842 0.01317495497642085 0.02767262706765905 0.0088978144631255418 0.012753428760333918 0.009902413294184953
leaf_count=146 9 6 13 19 7 13 11
internal_value=0.000469687 0.00627146 0.0142365 0.022778 0.00546761 -0.00875154 -0.0154743
internal_weight=0.106233 0.0893494 0.058391 0.045216 0.0175434 0.0309584 0.0226558
internal_count=224 78 48 35 16 30 24
is_linear=0
shrinkage=0.03


Tree=132
num_leaves=8
num_cat=0
split_feature=20 14 28 22 19 18 27
split_gain=0.022238 0.0109286 0.00854299 0.00878221 0.00594358 0.0101877 0.00591661
threshold=0.99166666666666681 1.0000000180025095e-35 0.55000000000000016 0.81000000000000016 0.98500000000000021 0.99963031424974969 0.65000000000000013
decision_type=2 2 2 2 2 2 2
left_child=-1 2 -2 6 5 -3 -4
right_child=1 4 3 -5 -6 -7 -8
leaf_value=-0.030639132884130046 -0.029993202688552288 -0.03211558437839554 -0.020324783073330462 0.02605974122772101 0.029361419615849194 0.028321791853478245 0.0050420877564939385
leaf_weight=0.017912368610268459 0.0082986431589233689 0.0045226372021716088 0.01309098055207869 0.011308056789857801 0.021066160792543087 0.0056412951744277962 0.022495290490041953
leaf_count=122 8 10 12 14 23 7 31
internal_value=-0.000216883 0.00608855 -0.00193622 0.00302887 0.0202707 0.00142902 -0.00428952
internal_weight=0.104335 0.0864231 0.055193 0.0468943 0.0312301 0.0101639 0.0355863
internal_count=227 105 65 57 40 17 43
is_linear=0
shrinkage=0.03


Tree=133
num_leaves=8
num_cat=0
split_feature=19 24 5 15 18 27 4
split_gain=0.0186495 0.0168725 0.0109449 0.00722173 0.00617177 0.00288781 0.00354987
threshold=0.98500000000000021 0.61875000000000013 0.58930000000000005 0.98125000000000007 0.94780689246108951 0.96500000000000019 0.6989765085813372
decision_type=2 2 2 2 2 2 2
left_child=3 -2 -3 5 -4 -1 -7
right_child=1 2 4 -5 -6 6 -8
leaf_value=-0.029371335088192389 -0.019742487220677004 -0.0073466430157835307 0.0056933373113115526 0.033563591445759905 0.03402141223277054 -0.023098238824694979 0.016421464196070594
leaf_weight=0.021529066652874462 0.014516663235554006 0.011960469128098339 0.0096536022538202815 0.0021423776634037486 0.024459985332214274 0.0057696504882187583 0.0031693174387328327
leaf_count=109 27 12 15 1 22 20 4
internal_value=-0.00138405 0.00846103 0.0173472 -0.0196764 0.026005 -0.02342 -0.0090865
internal_weight=0.0932011 0.0605907 0.0460741 0.0326104 0.0341136 0.030468 0.00893897
internal_count=210 76 49 134 37 133 24
is_linear=0
shrinkage=0.03


Tree=134
num_leaves=8
num_cat=0
split_feature=33 27 8 4 32 26 18
split_gain=0.0197151 0.0101723 0.00768983 0.00941315 0.00759883 0.0037158 0.00340892
threshold=0.43857513725531488 0.89000000000000012 0.45150000000000007 0.70853190498796936 0.075305641478862886 0.72465000000000013 0.9849571091457725
decision_type=2 2 2 2 2 2 2
left_child=-1 4 3 -3 -2 -6 -4
right_child=1 2 6 -5 5 -7 -8
leaf_value=-0.030217330813113546 0.013311846503950746 -0.012429005485084087 0.014542824760553704 0.025968880027987553 -0.0040207829841090092 -0.032356711017022685 0.034061606878047539
leaf_weight=0.01463510964094894 0.0097805828554555774 0.015242090070387349 0.016017138841561973 0.0092227671411819756 0.0074278051033616057 0.0094818876823410392 0.016195573203731328
leaf_count=143 8 13 11 10 6 13 16
internal_value=0.00189727 0.00753494 0.0147262 0.00204624 -0.0077358 -0.0199098 0.0243563
internal_weight=0.098003 0.0833678 0.0566776 0.0244649 0.0266903 0.0169097 0.0322127
internal_count=220 77 50 23 27 19 27
is_linear=0
shrinkage=0.03


Tree=135
num_leaves=8
num_cat=0
split_feature=19 24 2 4 33 4 12
split_gain=0.0156279 0.00876461 0.00965019 0.00836905 0.00730723 0.00268411 0.0021912
threshold=0.98500000000000021 0.61875000000000013 0.45000000000000001 0.75813227793689697 0.53992682258197189 0.65015410213096947 0.60250000000000015
decision_type=2 2 2 2 2 2 2
left_child=3 5 6 -1 -4 -2 -3
right_child=1 2 4 -5 -6 -7 -8
leaf_value=-0.023502970529221054 -0.028432579910683507 0.0041330655869790279 0.006484488768890768 0.02250519320518609 0.035067317054552669 -0.0024860098104432671 -0.02039668519099453
leaf_weight=0.029402040410786867 0.0056656724991626115 0.0068393538022064604 0.01409983843768714 0.0040482946642441666 0.018760327657219023 0.0097861344111151993 0.0062931954453233629
leaf_count=127 17 11 15 6 19 14 5
internal_value=-0.00143458 0.00754817 0.0141155 -0.0179349 0.0228028 -0.0119998 -0.00762174
internal_weight=0.0948949 0.0614445 0.0459927 0.0334503 0.0328602 0.0154518 0.0131325
internal_count=214 81 50 133 34 31 16
is_linear=0
shrinkage=0.03


Tree=136
num_leaves=8
num_cat=0
split_feature=3 27 4 8 26 5 11
split_gain=0.0139234 0.00839921 0.00664926 0.00732225 0.00635073 0.00402445 0.000879092
threshold=0.86339437529046803 0.89000000000000012 0.70853190498796936 0.49400000000000005 0.89370000000000005 0.70157500000000017 0.6428571428571429
decision_type=2 2 2 2 2 2 2
left_child=-1 5 3 -3 -5 6 -2
right_child=1 2 -4 4 -6 -7 -8
leaf_value=-0.030250834264808887 -0.026890099848594185 -0.015019127864717059 0.026439156300223067 0.027705526217004926 -0.0061127413894312282 0.0040658984664166935 -0.012900856190436594
leaf_weight=0.012900687026558444 0.0076010697666788465 0.012540822426672094 0.016352247970644385 0.012348122618277557 0.0083955175359733403 0.01097881345776841 0.0086363675072789192
leaf_count=133 11 11 22 13 6 14 6
internal_value=-0.00141107 0.00343003 0.0107739 0.00307769 0.0140183 -0.00996358 -0.0194495
internal_weight=0.0897536 0.076853 0.0496367 0.0332845 0.0207436 0.0272163 0.0162374
internal_count=216 83 52 30 19 31 17
is_linear=0
shrinkage=0.03


Tree=137
num_leaves=8
num_cat=0
split_feature=33 27 32 18 0 32 26
split_gain=0.0151086 0.00951437 0.00663971 0.00716687 0.00981682 0.00487099 0.00300682
threshold=0.41630247121791741 0.89000000000000012 0.082087053571428578 0.99080036666090709 0.90550000000000008 0.075305641478862886 0.72465000000000013
decision_type=2 2 2 2 2 2 2
left_child=-1 5 3 -3 -5 -2 -7
right_child=1 2 -4 4 -6 6 -8
leaf_value=-0.030203629300314987 0.0097132441067436879 -0.011955612253073905 0.028943188131079493 -0.0072222103172732838 0.031725643855314588 -0.0028287162640163953 -0.027701743404873771
leaf_weight=0.013103275392495561 0.0078903752291807905 0.013777807500446215 0.014880441143759526 0.010107408103067428 0.013744557480094954 0.0069878947688266626 0.011694315064232796
leaf_count=144 7 15 12 7 15 6 17
internal_value=-0.000366895 0.00457677 0.011979 0.00527069 0.0152213 -0.0100509 -0.0183982
internal_weight=0.0921861 0.0790828 0.0525102 0.0376298 0.023852 0.0265726 0.0186822
internal_count=223 79 49 37 22 30 23
is_linear=0
shrinkage=0.03


Tree=138
num_leaves=8
num_cat=0
split_feature=20 27 28 32 18 33 12
split_gain=0.0165449 0.0159068 0.0125288 0.00934575 0.00406854 0.00329128 0.00279366
threshold=0.99166666666666681 0.89000000000000012 0.55000000000000016 0.074211848498233229 0.90667901977359933 0.48961023430066986 0.54000000000000015
decision_type=2 2 2 2 2 2 2
left_child=-1 3 -3 -2 -4 6 -6
right_child=1 2 4 -5 5 -7 -8
leaf_value=-0.027377330822592364 0.023722857544617282 -0.02319292402761117 -0.001497637252536624 -0.022955230625227502 -0.013538570155168945 0.034163823614168372 0.031177768852928327
leaf_weight=0.015576223704556469 0.0049340399054926811 0.0055087859727791502 0.0043453195685287929 0.01774057796865236 0.0026667192287277422 0.024386130040511489 0.0023793655564077199
leaf_count=125 12 6 12 28 15 22 3
internal_value=0.000261883 0.00721004 0.0187579 -0.012798 0.0255997 0.0296003 0.00754639
internal_weight=0.0775372 0.0619609 0.0392863 0.0226746 0.0337775 0.0294322 0.00504608
internal_count=223 98 58 40 52 40 18
is_linear=0
shrinkage=0.03


Tree=139
num_leaves=8
num_cat=0
split_feature=33 18 27 4 8 19 32
split_gain=0.012694 0.00906943 0.00748754 0.00690242 0.00359325 0.00322195 0.000897714
threshold=0.41630247121791741 0.89073198585638114 0.65000000000000013 0.67707545944383007 0.49400000000000005 0.98500000000000021 0.078541912632821745
decision_type=2 2 2 2 2 2 2
left_child=-1 6 -3 4 -4 -5 -2
right_child=1 2 3 5 -6 -7 -8
leaf_value=-0.030191510274340107 -0.011952872790005535 -0.013673316127625594 -0.010064004528196828 0.009894240040827838 0.011199987133221916 0.03201244099216867 -0.031279384606914151
leaf_weight=0.01184462901801453 0.0033662434507277794 0.012685862049693242 0.012597963592270389 0.0096440076013095677 0.016545611404580995 0.015380381664726883 0.0060519698163261637
leaf_count=143 8 10 10 13 11 19 15
internal_value=-0.00129709 0.00319006 0.0070729 0.0119316 0.00200815 0.0234884 -0.0243717
internal_weight=0.0881167 0.076272 0.0668538 0.054168 0.0291436 0.0250244 0.00941821
internal_count=229 86 63 53 21 32 23
is_linear=0
shrinkage=0.03


Tree=140
num_leaves=8
num_cat=0
split_feature=33 5 0 18 5 24 8
split_gain=0.0146207 0.00666303 0.0108849 0.00908784 0.00521358 0.00262227 0.00229984
threshold=0.46798125065637791 0.5495000000000001 0.84700000000000009 0.99815321045116012 0.69637500000000008 0.79375000000000007 0.8630000000000001
decision_type=2 2 2 2 2 2 2
left_child=6 -2 -3 5 -5 -4 -1
right_child=1 2 3 4 -6 -7 -8
leaf_value=-0.028540932187416174 -0.01374358251286018 0.032952011089011746 -0.023066527753973755 -0.0013235644328572849 0.03175285348482098 -0.00068812509567038409 0.01189712039262952
leaf_weight=0.015345116724347463 0.012028619094053283 0.014611967882956378 0.009668852057075128 0.0074115073948632917 0.010179474542383105 0.0091935812379233539 0.0013795802951790384
leaf_count=141 11 14 14 7 12 10 3
internal_value=-0.000266966 0.00634358 0.0110752 0.00230608 0.017817 -0.0121593 -0.0252053
internal_weight=0.0798187 0.063094 0.0510654 0.0364534 0.017591 0.0188624 0.0167247
internal_count=212 68 57 43 19 24 144
is_linear=0
shrinkage=0.03


Tree=141
num_leaves=8
num_cat=0
split_feature=19 27 4 33 18 11 24
split_gain=0.0142281 0.0086679 0.0065654 0.00630207 0.00772366 0.00349749 0.00313494
threshold=0.98500000000000021 0.89000000000000012 0.75813227793689697 0.48234017434058934 0.94780689246108951 0.6428571428571429 0.86125000000000018
decision_type=2 2 2 2 2 2 2
left_child=2 5 6 -3 -5 -2 -1
right_child=1 3 -4 4 -6 -7 -8
leaf_value=-0.024858506269101632 -0.026033548570565033 -0.01036661689633288 0.022526049171574154 0.00052781767657140814 0.034287780066575624 0.0044404531511673066 0.012945886243943541
leaf_weight=0.023570318844576832 0.0065332210324413609 0.0058222135339747174 0.0034243281697854391 0.0088189460802823305 0.019775355060119182 0.0070441261486848816 0.0021546476709772824
leaf_count=132 25 19 6 9 22 7 5
internal_value=3.44144e-05 0.0100752 -0.0164976 0.0180829 0.0238757 -0.0102232 -0.0216921
internal_weight=0.0771432 0.0479939 0.0291493 0.0344165 0.0285943 0.0135773 0.025725
internal_count=225 82 143 50 31 32 137
is_linear=0
shrinkage=0.03


Tree=142
num_leaves=8
num_cat=0
split_feature=3 18 33 27 25 8 11
split_gain=0.0122322 0.00722347 0.00936229 0.00660074 0.0065981 0.00142052 0.000923557
threshold=0.90514385630707273 0.9849571091457725 0.49934829625844385 0.65000000000000013 0.74500000000000011 0.90150000000000008 0.50000000000000011
decision_type=2 2 2 2 2 2 2
left_child=5 4 -3 -4 -2 -1 -5
right_child=1 2 3 6 -6 -7 -8
leaf_value=-0.028299899898627027 0.0069021566026612954 -0.013558956210031468 -0.00405801908884172 0.041852324047640228 -0.028452915573659567 0.001046129406784266 0.026854523963303609
leaf_weight=0.015094832175236661 0.0094735401798970997 0.0092258417716948316 0.0065380589803680769 0.0051298657199367872 0.0095294410348287784 0.0016464626532979301 0.013214166800025851
leaf_count=146 12 8 5 3 20 2 23
internal_value=-0.0030533 0.00399504 0.0122532 0.0218239 -0.0108274 -0.0254138 0.0310486
internal_weight=0.0698522 0.0531109 0.0341079 0.0248821 0.019003 0.0167413 0.018344
internal_count=219 71 39 31 32 148 26
is_linear=0
shrinkage=0.03


Tree=143
num_leaves=8
num_cat=0
split_feature=33 5 19 29 18 18 0
split_gain=0.0129059 0.0067585 0.0096055 0.00836326 0.00914949 0.00698165 0.00411799
threshold=0.41630247121791741 0.5495000000000001 0.98500000000000021 1.0000000180025095e-35 0.99520554755577428 0.99963031424974969 0.90550000000000008
decision_type=2 2 2 2 2 2 2
left_child=-1 6 5 -4 -5 -3 -2
right_child=1 2 3 4 -6 -7 -8
leaf_value=-0.030176267946031156 -0.021684182235085402 -0.023433156121112155 0.034894698418008345 -0.013861264963906467 0.031837758686131007 0.017962183822623681 0.0076447309454887131
leaf_weight=0.010192780642682919 0.010614469705615193 0.0096862787177087739 0.017775929707568139 0.0094965324096847326 0.0067424867011141023 0.0059006785158999273 0.0072525329596828661
leaf_count=144 6 16 21 13 10 7 12
internal_value=0.00128794 0.00604136 0.01174 0.0206767 0.0051131 -0.00776232 -0.00977906
internal_weight=0.0776617 0.0674689 0.0496019 0.0340149 0.016239 0.015587 0.017867
internal_count=229 85 67 44 23 23 18
is_linear=0
shrinkage=0.03


Tree=144
num_leaves=8
num_cat=0
split_feature=8 33 4 26 26 8 11
split_gain=0.0157457 0.0165517 0.00763147 0.00592185 0.00574261 0.00290446 0.00285312
threshold=0.70850000000000013 0.48234017434058934 0.66609291026554684 0.89745000000000008 0.74215000000000009 0.37050000000000005 0.50000000000000011
decision_type=2 2 2 2 2 2 2
left_child=2 -2 -1 4 5 -4 -3
right_child=1 6 3 -5 -6 -7 -8
leaf_value=-0.023773307975600875 -0.026958485838571921 0.045385542055743952 0.021398135895882402 0.01859084722827337 -0.024859337125441871 -0.0094959107443569734 0.022044804239346301
leaf_weight=0.022689075656671776 0.0057617828242655369 0.0074803167663048944 0.0054257571682683192 0.0096682657931523863 0.011032047957996838 0.0055303913941315841 0.01274247415130958
leaf_count=133 16 3 10 13 16 9 18
internal_value=-0.00131013 0.0178981 -0.0104943 -0.000976836 -0.0095808 0.00580359 0.0306784
internal_weight=0.0803301 0.0259846 0.0543455 0.0316565 0.0219882 0.0109561 0.0202228
internal_count=218 37 181 48 35 19 21
is_linear=0
shrinkage=0.03


Tree=145
num_leaves=8
num_cat=0
split_feature=33 13 14 11 8 26 18
split_gain=0.0164738 0.0140132 0.00853998 0.0074425 0.00384109 0.00293871 0.00237119
threshold=0.46798125065637791 0.92500000000000016 1.0000000180025095e-35 0.6428571428571429 0.70850000000000013 0.74215000000000009 0.99963031424974969
decision_type=2 2 2 2 2 2 2
left_child=3 -2 4 -1 5 -3 -4
right_child=1 2 6 -5 -6 -7 -8
leaf_value=-0.030521537951797122 0.042930801527388568 -0.0023444167090876044 0.008526089833008144 0.031993194948327634 0.012294892366309415 -0.023617131674507012 0.030779270525517887
leaf_weight=0.015654897080821684 0.0094367337587755173 0.012292416591662914 0.0084624268056359142 0.0019246616866439572 0.007430719429976306 0.011142319970531389 0.0087813753052614629
leaf_count=153 4 12 11 2 9 17 16
internal_value=0.00174 0.00950464 0.00294803 -0.0236772 -0.00649944 -0.0124588 0.0198585
internal_weight=0.0751256 0.057546 0.0481093 0.0175796 0.0308655 0.0234347 0.0172438
internal_count=224 69 65 155 38 29 27
is_linear=0
shrinkage=0.03


Tree=146
num_leaves=8
num_cat=0
split_feature=8 33 4 8 17 11 26
split_gain=0.0166272 0.0123978 0.00609483 0.00945808 0.00732667 0.00405813 0.0035452
threshold=0.6795000000000001 0.48234017434058934 0.65179369716643454 0.56400000000000006 0.37500000000000006 0.50000000000000011 0.74215000000000009
decision_type=2 2 2 2 2 2 2
left_child=2 -2 -1 4 -4 -3 -6
right_child=1 5 3 -5 6 -7 -8
leaf_value=-0.024405774050503357 -0.018100440098512891 0.046487122745417303 0.018144567944508614 -0.029957040947601807 0.014292585004120532 0.019046050715381097 -0.026764363724364328
leaf_weight=0.017943442770047113 0.0061585435578308525 0.0083829104551114142 0.016625191055936739 0.0086853324792173225 0.0026440113651915453 0.011509660602314398 0.0066622858830669429
leaf_count=128 17 3 23 12 8 18 13
internal_value=-0.000502943 0.0190947 -0.0102164 -0.00286138 0.00621387 0.03061 -0.0150997
internal_weight=0.0786114 0.0260511 0.0525603 0.0346168 0.0259315 0.0198926 0.0093063
internal_count=222 38 184 56 44 21 21
is_linear=0
shrinkage=0.03


Tree=147
num_leaves=8
num_cat=0
split_feature=19 5 18 15 25 11 4
split_gain=0.0106396 0.00642626 0.00813305 0.00523383 0.00519033 0.0043926 0.00381695
threshold=0.98500000000000021 0.67866666666666664 0.94780689246108951 0.98125000000000007 0.74500000000000011 0.6428571428571429 0.76861192338502982
decision_type=2 2 2 2 2 2 2
left_child=3 5 4 6 -3 -2 -1
right_child=1 2 -4 -5 -6 -7 -8
leaf_value=-0.026719285346296511 -0.022012426648825321 0.01561485305060414 0.031404863244811322 0.032060432099981086 -0.025637480703673835 0.0054447802177277765 0.023554452972189156
leaf_weight=0.02121139664814109 0.0097467687337484676 0.0059084842214360833 0.013104549769195728 0.0016362064343411467 0.0051268375464132987 0.011350616900017485 0.0014522366109304121
leaf_count=136 30 14 19 2 10 11 3
internal_value=-0.00374577 0.00485483 0.0154254 -0.0197569 -0.00355033 -0.00724016 -0.0234979
internal_weight=0.0695371 0.0452373 0.0241399 0.0242998 0.0110353 0.0210974 0.0226636
internal_count=225 84 43 141 24 41 139
is_linear=0
shrinkage=0.03


Tree=148
num_leaves=8
num_cat=0
split_feature=20 27 32 18 33 32 17
split_gain=0.0140375 0.00809107 0.00802162 0.00604633 0.00974345 0.0054891 0.00263653
threshold=0.99166666666666681 0.89000000000000012 0.082087053571428578 0.99080036666090709 0.49934829625844385 0.074211848498233229 0.37500000000000006
decision_type=2 2 2 2 2 2 2
left_child=-1 5 3 6 -5 -2 -3
right_child=1 2 -4 4 -6 -7 -8
leaf_value=-0.030733590488782329 0.022616643360295563 -0.0021371173533590972 0.030494196621550937 -0.013377499970783311 0.031148072638408221 -0.017567803637088198 -0.033435865519383698
leaf_weight=0.011190264795004623 0.0037632625280821222 0.0057325095112901181 0.015251890057697892 0.0072872011805884531 0.011254428187385201 0.016355612558982102 0.004194754652417032
leaf_count=122 13 6 10 12 21 30 17
internal_value=0.000260166 0.00569297 0.0129379 0.00353238 0.0136487 -0.0100512 -0.0153624
internal_weight=0.0750299 0.0638397 0.0437208 0.0284689 0.0185416 0.0201189 0.00992726
internal_count=231 109 66 56 33 43 23
is_linear=0
shrinkage=0.03


Tree=149
num_leaves=8
num_cat=0
split_feature=20 19 8 4 8 24 29
split_gain=0.0119156 0.00713105 0.00849343 0.0061476 0.00364688 0.0039046 0.00312944
threshold=0.99166666666666681 0.98500000000000021 0.45150000000000007 0.71764171990029946 0.35600000000000004 0.60875000000000001 1.0000000180025095e-35
decision_type=2 2 2 2 2 2 2
left_child=-1 3 4 -2 5 -3 -4
right_child=1 2 6 -5 -6 -7 -8
leaf_value=-0.027359871863646877 -0.025335601778495923 -0.011349103227806117 0.033135631054169945 0.013708035341369962 -0.018607465688966998 0.028961485842596797 0.010729560904483756
leaf_weight=0.011193905458640074 0.0096963676223822404 0.0041136978616123088 0.014808418054599315 0.0058008648629765966 0.0076154276612214735 0.0045597311873279978 0.0090319545961392578
leaf_count=121 35 8 18 10 6 11 14
internal_value=0.000880757 0.00656372 0.0132388 -0.0107209 -0.00345844 0.00984268 0.0246471
internal_weight=0.0668204 0.0556265 0.0401292 0.0154972 0.0162889 0.00867343 0.0238404
internal_count=223 102 57 45 25 19 32
is_linear=0
shrinkage=0.03


end of trees

feature_importances:
Column_18=139
Column_33=124
Column_27=82
Column_32=72
Column_14=64
Column_25=63
Column_11=61
Column_26=54
Column_3=51
Column_8=49
Column_24=47
Column_4=45
Column_19=41
Column_12=38
Column_5=36
Column_0=17
Column_17=17
Column_20=14
Column_29=13
Column_2=11
Column_28=4
Column_15=3
Column_22=3
Column_13=2

parameters:
[boosting: gbdt]
[objective: lambdarank]
[metric: ndcg]
[tree_learner: serial]
[device_type: cpu]
[data_sample_strategy: bagging]
[data: ]
[valid: ]
[num_iterations: 150]
[learning_rate: 0.03]
[num_leaves: 8]
[num_threads: 0]
[seed: 0]
[deterministic: 1]
[force_col_wise: 0]
[force_row_wise: 1]
[histogram_pool_size: -1]
[max_depth: -1]
[min_data_in_leaf: 8]
[min_sum_hessian_in_leaf: 0.001]
[bagging_fraction: 0.9]
[pos_bagging_fraction: 1]
[neg_bagging_fraction: 1]
[bagging_freq: 1]
[bagging_seed: 7719]
[bagging_by_query: 0]
[feature_fraction: 0.9]
[feature_fraction_bynode: 1]
[feature_fraction_seed: 2437]
[extra_trees: 0]
[extra_seed: 11797]
[early_stopping_round: 0]
[early_stopping_min_delta: 0]
[first_metric_only: 0]
[max_delta_step: 0]
[lambda_l1: 0]
[lambda_l2: 0]
[linear_lambda: 0]
[min_gain_to_split: 0]
[drop_rate: 0.1]
[max_drop: 50]
[skip_drop: 0.5]
[xgboost_dart_mode: 0]
[uniform_drop: 0]
[drop_seed: 21238]
[top_rate: 0.2]
[other_rate: 0.1]
[min_data_per_group: 100]
[max_cat_threshold: 32]
[cat_l2: 10]
[cat_smooth: 10]
[max_cat_to_onehot: 4]
[top_k: 20]
[monotone_constraints: ]
[monotone_constraints_method: basic]
[monotone_penalty: 0]
[feature_contri: ]
[forcedsplits_filename: ]
[refit_decay_rate: 0.9]
[cegb_tradeoff: 1]
[cegb_penalty_split: 0]
[cegb_penalty_feature_lazy: ]
[cegb_penalty_feature_coupled: ]
[path_smooth: 0]
[interaction_constraints: ]
[verbosity: -1]
[saved_feature_importance_type: 0]
[use_quantized_grad: 0]
[num_grad_quant_bins: 4]
[quant_train_renew_leaf: 0]
[stochastic_rounding: 1]
[linear_tree: 0]
[max_bin: 255]
[max_bin_by_feature: ]
[min_data_in_bin: 3]
[bin_construct_sample_cnt: 200000]
[data_random_seed: 38]
[is_enable_sparse: 1]
[enable_bundle: 1]
[use_missing: 1]
[zero_as_missing: 0]
[feature_pre_filter: 1]
[pre_partition: 0]
[two_round: 0]
[header: 0]
[label_column: ]
[weight_column: ]
[group_column: ]
[ignore_column: ]
[categorical_feature: ]
[forcedbins_filename: ]
[precise_float_parser: 0]
[parser_config_file: ]
[objective_seed: 8855]
[num_class: 1]
[is_unbalance: 0]
[scale_pos_weight: 1]
[sigmoid: 1]
[boost_from_average: 1]
[reg_sqrt: 0]
[alpha: 0.9]
[fair_c: 1]
[poisson_max_delta_step: 0.7]
[tweedie_variance_power: 1.5]
[lambdarank_truncation_level: 50]
[lambdarank_norm: 1]
[label_gain: ]
[lambdarank_position_bias_regularization: 0]
[eval_at: 10,50]
[multi_error_top_k: 1]
[auc_mu_weights: ]
[num_machines: 1]
[local_listen_port: 12400]
[time_out: 120]
[machine_list_filename: ]
[machines: ]
[gpu_platform_id: -1]
[gpu_device_id: -1]
[gpu_use_dp: 0]
[num_gpu: 1]

end of parameters

pandas_categorical:null
